date,product,units,unit_price,revenue,region,category,transaction_id
2026-02-28,Linen Blend Casual Shirt,4,999.0,3996.0,Mumbai,,#1345
2026-02-28,Pique Polo T-Shirt,7,599.0,4193.0,Chennai,,#1348
2026-02-28,Printed A-Line Kurti,6,799.0,4794.0,Chennai,,#1348
2026-02-28,Rayon Crop Top,4,399.0,1596.0,Chennai,,#1348
2026-02-28,Straight Fit Denim Jeans,8,1499.0,11992.0,Chennai,,#1348
2026-02-28,Linen Blend Casual Shirt,4,999.0,3996.0,Delhi,,#1349
2026-02-28,Oversized Cotton Tee,10,349.0,3490.0,Delhi,,#1349
2026-02-28,Printed A-Line Kurti,9,799.0,7191.0,Delhi,,#1349
2026-02-28,Rayon Crop Top,3,399.0,1197.0,Delhi,,#1349
2026-02-28,Straight Fit Denim Jeans,7,1499.0,10493.0,Delhi,,#1349
2026-02-28,Linen Blend Casual Shirt,4,999.0,3996.0,Mumbai,,#1350
2026-02-28,Oversized Cotton Tee,13,349.0,4537.0,Mumbai,,#1350
2026-02-28,Pique Polo T-Shirt,12,599.0,7188.0,Mumbai,,#1350
2026-02-28,Printed A-Line Kurti,9,799.0,7191.0,Mumbai,,#1350
2026-02-28,Rayon Crop Top,7,399.0,2793.0,Mumbai,,#1350
2026-02-28,Straight Fit Denim Jeans,6,1499.0,8994.0,Mumbai,,#1350
2026-02-28,Oversized Cotton Tee,3,349.0,1047.0,Chennai,,#1348
2026-02-28,Linen Blend Casual Shirt,1,999.0,999.0,Chennai,,#1348
2026-02-28,Pique Polo T-Shirt,6,599.0,3594.0,Delhi,,#1349
2026-02-28,Rayon Crop Top,13,399.0,5187.0,Bengaluru,,#1347
2026-02-28,Straight Fit Denim Jeans,8,1499.0,11992.0,Bengaluru,,#1347
2026-02-28,Pique Polo T-Shirt,12,599.0,7188.0,Mumbai,,#1345
2026-02-28,Printed A-Line Kurti,9,799.0,7191.0,Mumbai,,#1345
2026-02-28,Rayon Crop Top,7,399.0,2793.0,Mumbai,,#1345
2026-02-28,Straight Fit Denim Jeans,6,1499.0,8994.0,Mumbai,,#1345
2026-02-28,Oversized Cotton Tee,13,349.0,4537.0,Mumbai,,#1345
2026-02-28,Linen Blend Casual Shirt,5,999.0,4995.0,Bengaluru,,#1347
2026-02-28,Oversized Cotton Tee,8,349.0,2792.0,Bengaluru,,#1347
2026-02-28,Pique Polo T-Shirt,7,599.0,4193.0,Bengaluru,,#1347
2026-02-28,Printed A-Line Kurti,14,799.0,11186.0,Bengaluru,,#1347
2026-03-01,Oversized Cotton Tee,5,349.0,1745.0,Delhi,,#1354
2026-03-01,Pique Polo T-Shirt,11,599.0,6589.0,Delhi,,#1354
2026-03-01,Printed A-Line Kurti,19,799.0,15181.0,Delhi,,#1354
2026-03-01,Rayon Crop Top,6,399.0,2394.0,Delhi,,#1354
2026-03-01,Straight Fit Denim Jeans,12,1499.0,17988.0,Delhi,,#1354
2026-03-01,Linen Blend Casual Shirt,3,999.0,2997.0,Delhi,,#1355
2026-03-01,Oversized Cotton Tee,5,349.0,1745.0,Delhi,,#1355
2026-03-01,Pique Polo T-Shirt,11,599.0,6589.0,Delhi,,#1355
2026-03-01,Printed A-Line Kurti,19,799.0,15181.0,Delhi,,#1355
2026-03-01,Rayon Crop Top,6,399.0,2394.0,Delhi,,#1355
2026-03-01,Straight Fit Denim Jeans,12,1499.0,17988.0,Delhi,,#1355
2026-03-01,Oversized Cotton Tee,4,349.0,1396.0,Mumbai,,#1356
2026-03-01,Linen Blend Casual Shirt,10,999.0,9990.0,Mumbai,,#1357
2026-03-01,Pique Polo T-Shirt,9,599.0,5391.0,Mumbai,,#1356
2026-03-01,Printed A-Line Kurti,17,799.0,13583.0,Mumbai,,#1356
2026-03-01,Rayon Crop Top,7,399.0,2793.0,Mumbai,,#1356
2026-03-01,Straight Fit Denim Jeans,6,1499.0,8994.0,Mumbai,,#1356
2026-03-01,Straight Fit Denim Jeans,6,1499.0,8994.0,Mumbai,,#1357
2026-03-01,Rayon Crop Top,7,399.0,2793.0,Mumbai,,#1357
2026-03-01,Printed A-Line Kurti,17,799.0,13583.0,Mumbai,,#1357
2026-03-01,Oversized Cotton Tee,4,349.0,1396.0,Mumbai,,#1357
2026-03-01,Linen Blend Casual Shirt,10,999.0,9990.0,Mumbai,,#1356
2026-03-01,Linen Blend Casual Shirt,3,999.0,2997.0,Delhi,,#1354
2026-03-01,Pique Polo T-Shirt,9,599.0,5391.0,Mumbai,,#1357
2026-03-01,Rayon Crop Top,10,399.0,3990.0,Chennai,,#1353
2026-03-01,Oversized Cotton Tee,8,349.0,2792.0,Bengaluru,,#1346
2026-03-01,Pique Polo T-Shirt,7,599.0,4193.0,Bengaluru,,#1346
2026-03-01,Printed A-Line Kurti,18,799.0,14382.0,Bengaluru,,#1346
2026-03-01,Rayon Crop Top,7,399.0,2793.0,Bengaluru,,#1346
2026-03-01,Straight Fit Denim Jeans,6,1499.0,8994.0,Bengaluru,,#1346
2026-03-01,Linen Blend Casual Shirt,6,999.0,5994.0,Bengaluru,,#1351
2026-03-01,Oversized Cotton Tee,8,349.0,2792.0,Bengaluru,,#1351
2026-03-01,Pique Polo T-Shirt,7,599.0,4193.0,Bengaluru,,#1351
2026-03-01,Printed A-Line Kurti,18,799.0,14382.0,Bengaluru,,#1351
2026-03-01,Rayon Crop Top,7,399.0,2793.0,Bengaluru,,#1351
2026-03-01,Linen Blend Casual Shirt,6,999.0,5994.0,Bengaluru,,#1346
2026-03-01,Linen Blend Casual Shirt,5,999.0,4995.0,Chennai,,#1352
2026-03-01,Straight Fit Denim Jeans,6,1499.0,8994.0,Bengaluru,,#1351
2026-03-01,Printed A-Line Kurti,11,799.0,8789.0,Chennai,,#1353
2026-03-01,Pique Polo T-Shirt,7,599.0,4193.0,Chennai,,#1353
2026-03-01,Oversized Cotton Tee,10,349.0,3490.0,Chennai,,#1353
2026-03-01,Linen Blend Casual Shirt,5,999.0,4995.0,Chennai,,#1353
2026-03-01,Straight Fit Denim Jeans,1,1499.0,1499.0,Chennai,,#1353
2026-03-01,Rayon Crop Top,10,399.0,3990.0,Chennai,,#1352
2026-03-01,Printed A-Line Kurti,11,799.0,8789.0,Chennai,,#1352
2026-03-01,Pique Polo T-Shirt,7,599.0,4193.0,Chennai,,#1352
2026-03-01,Oversized Cotton Tee,10,349.0,3490.0,Chennai,,#1352
2026-03-01,Straight Fit Denim Jeans,1,1499.0,1499.0,Chennai,,#1352
2026-03-02,Oversized Cotton Tee,12,349.0,4188.0,Delhi,,#1362
2026-03-02,Pique Polo T-Shirt,8,599.0,4792.0,Delhi,,#1362
2026-03-02,Printed A-Line Kurti,22,799.0,17578.0,Delhi,,#1362
2026-03-02,Rayon Crop Top,10,399.0,3990.0,Delhi,,#1362
2026-03-02,Straight Fit Denim Jeans,9,1499.0,13491.0,Delhi,,#1362
2026-03-02,Linen Blend Casual Shirt,11,999.0,10989.0,Delhi,,#1363
2026-03-02,Oversized Cotton Tee,12,349.0,4188.0,Delhi,,#1363
2026-03-02,Pique Polo T-Shirt,8,599.0,4792.0,Delhi,,#1363
2026-03-02,Printed A-Line Kurti,22,799.0,17578.0,Delhi,,#1363
2026-03-02,Rayon Crop Top,10,399.0,3990.0,Delhi,,#1363
2026-03-02,Straight Fit Denim Jeans,9,1499.0,13491.0,Delhi,,#1363
2026-03-02,Oversized Cotton Tee,19,349.0,6631.0,Mumbai,,#1364
2026-03-02,Pique Polo T-Shirt,7,599.0,4193.0,Mumbai,,#1364
2026-03-02,Printed A-Line Kurti,31,799.0,24769.0,Mumbai,,#1364
2026-03-02,Rayon Crop Top,19,399.0,7581.0,Mumbai,,#1364
2026-03-02,Linen Blend Casual Shirt,13,999.0,12987.0,Mumbai,,#1365
2026-03-02,Oversized Cotton Tee,19,349.0,6631.0,Mumbai,,#1365
2026-03-02,Pique Polo T-Shirt,7,599.0,4193.0,Mumbai,,#1365
2026-03-02,Printed A-Line Kurti,31,799.0,24769.0,Mumbai,,#1365
2026-03-02,Rayon Crop Top,19,399.0,7581.0,Mumbai,,#1365
2026-03-02,Linen Blend Casual Shirt,11,999.0,10989.0,Delhi,,#1362
2026-03-02,Straight Fit Denim Jeans,7,1499.0,10493.0,Mumbai,,#1365
2026-03-02,Linen Blend Casual Shirt,13,999.0,12987.0,Mumbai,,#1364
2026-03-02,Straight Fit Denim Jeans,7,1499.0,10493.0,Mumbai,,#1364
2026-03-02,Straight Fit Denim Jeans,11,1499.0,16489.0,Chennai,,#1361
2026-03-02,Printed A-Line Kurti,22,799.0,17578.0,Chennai,,#1361
2026-03-02,Rayon Crop Top,10,399.0,3990.0,Chennai,,#1361
2026-03-02,Linen Blend Casual Shirt,6,999.0,5994.0,Bengaluru,,#1358
2026-03-02,Oversized Cotton Tee,12,349.0,4188.0,Bengaluru,,#1358
2026-03-02,Pique Polo T-Shirt,16,599.0,9584.0,Bengaluru,,#1358
2026-03-02,Printed A-Line Kurti,10,799.0,7990.0,Bengaluru,,#1358
2026-03-02,Rayon Crop Top,12,399.0,4788.0,Bengaluru,,#1358
2026-03-02,Linen Blend Casual Shirt,6,999.0,5994.0,Bengaluru,,#1359
2026-03-02,Oversized Cotton Tee,12,349.0,4188.0,Bengaluru,,#1359
2026-03-02,Pique Polo T-Shirt,16,599.0,9584.0,Bengaluru,,#1359
2026-03-02,Printed A-Line Kurti,10,799.0,7990.0,Bengaluru,,#1359
2026-03-02,Straight Fit Denim Jeans,16,1499.0,23984.0,Bengaluru,,#1358
2026-03-02,Straight Fit Denim Jeans,16,1499.0,23984.0,Bengaluru,,#1359
2026-03-02,Linen Blend Casual Shirt,13,999.0,12987.0,Chennai,,#1360
2026-03-02,Oversized Cotton Tee,14,349.0,4886.0,Chennai,,#1360
2026-03-02,Pique Polo T-Shirt,8,599.0,4792.0,Chennai,,#1360
2026-03-02,Printed A-Line Kurti,22,799.0,17578.0,Chennai,,#1360
2026-03-02,Rayon Crop Top,10,399.0,3990.0,Chennai,,#1360
2026-03-02,Straight Fit Denim Jeans,11,1499.0,16489.0,Chennai,,#1360
2026-03-02,Linen Blend Casual Shirt,13,999.0,12987.0,Chennai,,#1361
2026-03-02,Oversized Cotton Tee,14,349.0,4886.0,Chennai,,#1361
2026-03-02,Rayon Crop Top,12,399.0,4788.0,Bengaluru,,#1359
2026-03-02,Pique Polo T-Shirt,8,599.0,4792.0,Chennai,,#1361
2026-03-03,Rayon Crop Top,22,399.0,8778.0,Delhi,,#1371
2026-03-03,Printed A-Line Kurti,22,799.0,17578.0,Delhi,,#1371
2026-03-03,Pique Polo T-Shirt,9,599.0,5391.0,Delhi,,#1371
2026-03-03,Oversized Cotton Tee,12,349.0,4188.0,Delhi,,#1371
2026-03-03,Pique Polo T-Shirt,9,599.0,5391.0,Delhi,,#1370
2026-03-03,Straight Fit Denim Jeans,10,1499.0,14990.0,Delhi,,#1370
2026-03-03,Rayon Crop Top,22,399.0,8778.0,Delhi,,#1370
2026-03-03,Printed A-Line Kurti,22,799.0,17578.0,Delhi,,#1370
2026-03-03,Straight Fit Denim Jeans,10,1499.0,14990.0,Delhi,,#1371
2026-03-03,Linen Blend Casual Shirt,10,999.0,9990.0,Delhi,,#1371
2026-03-03,Linen Blend Casual Shirt,11,999.0,10989.0,Mumbai,,#1372
2026-03-03,Straight Fit Denim Jeans,13,1499.0,19487.0,Mumbai,,#1373
2026-03-03,Pique Polo T-Shirt,19,599.0,11381.0,Mumbai,,#1372
2026-03-03,Printed A-Line Kurti,24,799.0,19176.0,Mumbai,,#1372
2026-03-03,Rayon Crop Top,18,399.0,7182.0,Mumbai,,#1372
2026-03-03,Straight Fit Denim Jeans,13,1499.0,19487.0,Mumbai,,#1372
2026-03-03,Linen Blend Casual Shirt,11,999.0,10989.0,Mumbai,,#1373
2026-03-03,Oversized Cotton Tee,13,349.0,4537.0,Mumbai,,#1373
2026-03-03,Pique Polo T-Shirt,19,599.0,11381.0,Mumbai,,#1373
2026-03-03,Printed A-Line Kurti,24,799.0,19176.0,Mumbai,,#1373
2026-03-03,Rayon Crop Top,18,399.0,7182.0,Mumbai,,#1373
2026-03-03,Oversized Cotton Tee,12,349.0,4188.0,Delhi,,#1370
2026-03-03,Oversized Cotton Tee,13,349.0,4537.0,Mumbai,,#1372
2026-03-03,Linen Blend Casual Shirt,10,999.0,9990.0,Delhi,,#1370
2026-03-03,Pique Polo T-Shirt,17,599.0,10183.0,Chennai,,#1369
2026-03-03,Rayon Crop Top,14,399.0,5586.0,Chennai,,#1369
2026-03-03,Oversized Cotton Tee,15,349.0,5235.0,Bengaluru,,#1366
2026-03-03,Pique Polo T-Shirt,11,599.0,6589.0,Bengaluru,,#1366
2026-03-03,Printed A-Line Kurti,22,799.0,17578.0,Bengaluru,,#1366
2026-03-03,Rayon Crop Top,10,399.0,3990.0,Bengaluru,,#1366
2026-03-03,Straight Fit Denim Jeans,17,1499.0,25483.0,Bengaluru,,#1366
2026-03-03,Linen Blend Casual Shirt,12,999.0,11988.0,Bengaluru,,#1367
2026-03-03,Oversized Cotton Tee,15,349.0,5235.0,Bengaluru,,#1367
2026-03-03,Pique Polo T-Shirt,11,599.0,6589.0,Bengaluru,,#1367
2026-03-03,Printed A-Line Kurti,22,799.0,17578.0,Bengaluru,,#1367
2026-03-03,Rayon Crop Top,10,399.0,3990.0,Bengaluru,,#1367
2026-03-03,Linen Blend Casual Shirt,12,999.0,11988.0,Bengaluru,,#1366
2026-03-03,Linen Blend Casual Shirt,6,999.0,5994.0,Chennai,,#1368
2026-03-03,Oversized Cotton Tee,11,349.0,3839.0,Chennai,,#1368
2026-03-03,Pique Polo T-Shirt,17,599.0,10183.0,Chennai,,#1368
2026-03-03,Printed A-Line Kurti,19,799.0,15181.0,Chennai,,#1368
2026-03-03,Rayon Crop Top,14,399.0,5586.0,Chennai,,#1368
2026-03-03,Straight Fit Denim Jeans,6,1499.0,8994.0,Chennai,,#1368
2026-03-03,Linen Blend Casual Shirt,6,999.0,5994.0,Chennai,,#1369
2026-03-03,Oversized Cotton Tee,11,349.0,3839.0,Chennai,,#1369
2026-03-03,Straight Fit Denim Jeans,6,1499.0,8994.0,Chennai,,#1369
2026-03-03,Printed A-Line Kurti,19,799.0,15181.0,Chennai,,#1369
2026-03-03,Straight Fit Denim Jeans,17,1499.0,25483.0,Bengaluru,,#1367
2026-03-04,Printed A-Line Kurti,12,799.0,9588.0,Delhi,,#1379
2026-03-04,Pique Polo T-Shirt,9,599.0,5391.0,Delhi,,#1379
2026-03-04,Oversized Cotton Tee,13,349.0,4537.0,Delhi,,#1379
2026-03-04,Pique Polo T-Shirt,9,599.0,5391.0,Delhi,,#1378
2026-03-04,Straight Fit Denim Jeans,10,1499.0,14990.0,Delhi,,#1378
2026-03-04,Rayon Crop Top,13,399.0,5187.0,Delhi,,#1378
2026-03-04,Printed A-Line Kurti,12,799.0,9588.0,Delhi,,#1378
2026-03-04,Rayon Crop Top,13,399.0,5187.0,Delhi,,#1379
2026-03-04,Linen Blend Casual Shirt,13,999.0,12987.0,Delhi,,#1379
2026-03-04,Straight Fit Denim Jeans,10,1499.0,14990.0,Delhi,,#1379
2026-03-04,Straight Fit Denim Jeans,15,1499.0,22485.0,Mumbai,,#1380
2026-03-04,Oversized Cotton Tee,13,349.0,4537.0,Mumbai,,#1380
2026-03-04,Pique Polo T-Shirt,8,599.0,4792.0,Mumbai,,#1380
2026-03-04,Printed A-Line Kurti,19,799.0,15181.0,Mumbai,,#1380
2026-03-04,Rayon Crop Top,14,399.0,5586.0,Mumbai,,#1380
2026-03-04,Linen Blend Casual Shirt,11,999.0,10989.0,Mumbai,,#1381
2026-03-04,Oversized Cotton Tee,13,349.0,4537.0,Mumbai,,#1381
2026-03-04,Pique Polo T-Shirt,8,599.0,4792.0,Mumbai,,#1381
2026-03-04,Printed A-Line Kurti,19,799.0,15181.0,Mumbai,,#1381
2026-03-04,Rayon Crop Top,14,399.0,5586.0,Mumbai,,#1381
2026-03-04,Oversized Cotton Tee,13,349.0,4537.0,Delhi,,#1378
2026-03-04,Linen Blend Casual Shirt,11,999.0,10989.0,Mumbai,,#1380
2026-03-04,Linen Blend Casual Shirt,13,999.0,12987.0,Delhi,,#1378
2026-03-04,Straight Fit Denim Jeans,15,1499.0,22485.0,Mumbai,,#1381
2026-03-04,Rayon Crop Top,7,399.0,2793.0,Chennai,,#1377
2026-03-04,Linen Blend Casual Shirt,8,999.0,7992.0,Bengaluru,,#1374
2026-03-04,Oversized Cotton Tee,16,349.0,5584.0,Bengaluru,,#1374
2026-03-04,Pique Polo T-Shirt,11,599.0,6589.0,Bengaluru,,#1374
2026-03-04,Printed A-Line Kurti,15,799.0,11985.0,Bengaluru,,#1374
2026-03-04,Rayon Crop Top,13,399.0,5187.0,Bengaluru,,#1374
2026-03-04,Straight Fit Denim Jeans,11,1499.0,16489.0,Bengaluru,,#1374
2026-03-04,Linen Blend Casual Shirt,8,999.0,7992.0,Bengaluru,,#1375
2026-03-04,Oversized Cotton Tee,16,349.0,5584.0,Bengaluru,,#1375
2026-03-04,Pique Polo T-Shirt,11,599.0,6589.0,Bengaluru,,#1375
2026-03-04,Printed A-Line Kurti,15,799.0,11985.0,Bengaluru,,#1375
2026-03-04,Rayon Crop Top,13,399.0,5187.0,Bengaluru,,#1375
2026-03-04,Straight Fit Denim Jeans,4,1499.0,5996.0,Chennai,,#1377
2026-03-04,Linen Blend Casual Shirt,4,999.0,3996.0,Chennai,,#1376
2026-03-04,Oversized Cotton Tee,7,349.0,2443.0,Chennai,,#1376
2026-03-04,Pique Polo T-Shirt,8,599.0,4792.0,Chennai,,#1376
2026-03-04,Printed A-Line Kurti,13,799.0,10387.0,Chennai,,#1376
2026-03-04,Rayon Crop Top,7,399.0,2793.0,Chennai,,#1376
2026-03-04,Straight Fit Denim Jeans,4,1499.0,5996.0,Chennai,,#1376
2026-03-04,Linen Blend Casual Shirt,4,999.0,3996.0,Chennai,,#1377
2026-03-04,Oversized Cotton Tee,7,349.0,2443.0,Chennai,,#1377
2026-03-04,Pique Polo T-Shirt,8,599.0,4792.0,Chennai,,#1377
2026-03-04,Printed A-Line Kurti,13,799.0,10387.0,Chennai,,#1377
2026-03-04,Straight Fit Denim Jeans,11,1499.0,16489.0,Bengaluru,,#1375
2026-03-05,Printed A-Line Kurti,11,799.0,8789.0,Delhi,,#1387
2026-03-05,Pique Polo T-Shirt,15,599.0,8985.0,Delhi,,#1387
2026-03-05,Oversized Cotton Tee,13,349.0,4537.0,Delhi,,#1387
2026-03-05,Linen Blend Casual Shirt,7,999.0,6993.0,Delhi,,#1387
2026-03-05,Oversized Cotton Tee,13,349.0,4537.0,Delhi,,#1386
2026-03-05,Rayon Crop Top,11,399.0,4389.0,Delhi,,#1386
2026-03-05,Printed A-Line Kurti,11,799.0,8789.0,Delhi,,#1386
2026-03-05,Pique Polo T-Shirt,15,599.0,8985.0,Delhi,,#1386
2026-03-05,Rayon Crop Top,11,399.0,4389.0,Delhi,,#1387
2026-03-05,Straight Fit Denim Jeans,4,1499.0,5996.0,Delhi,,#1386
2026-03-05,Straight Fit Denim Jeans,4,1499.0,5996.0,Delhi,,#1387
2026-03-05,Rayon Crop Top,17,399.0,6783.0,Mumbai,,#1388
2026-03-05,Oversized Cotton Tee,23,349.0,8027.0,Mumbai,,#1388
2026-03-05,Pique Polo T-Shirt,10,599.0,5990.0,Mumbai,,#1388
2026-03-05,Printed A-Line Kurti,22,799.0,17578.0,Mumbai,,#1388
2026-03-05,Straight Fit Denim Jeans,11,1499.0,16489.0,Mumbai,,#1388
2026-03-05,Linen Blend Casual Shirt,15,999.0,14985.0,Mumbai,,#1389
2026-03-05,Oversized Cotton Tee,23,349.0,8027.0,Mumbai,,#1389
2026-03-05,Pique Polo T-Shirt,10,599.0,5990.0,Mumbai,,#1389
2026-03-05,Printed A-Line Kurti,22,799.0,17578.0,Mumbai,,#1389
2026-03-05,Rayon Crop Top,17,399.0,6783.0,Mumbai,,#1389
2026-03-05,Linen Blend Casual Shirt,7,999.0,6993.0,Delhi,,#1386
2026-03-05,Linen Blend Casual Shirt,15,999.0,14985.0,Mumbai,,#1388
2026-03-05,Straight Fit Denim Jeans,11,1499.0,16489.0,Mumbai,,#1389
2026-03-05,Straight Fit Denim Jeans,6,1499.0,8994.0,Chennai,,#1385
2026-03-05,Printed A-Line Kurti,12,799.0,9588.0,Chennai,,#1385
2026-03-05,Rayon Crop Top,11,399.0,4389.0,Chennai,,#1385
2026-03-05,Linen Blend Casual Shirt,11,999.0,10989.0,Bengaluru,,#1382
2026-03-05,Oversized Cotton Tee,14,349.0,4886.0,Bengaluru,,#1382
2026-03-05,Pique Polo T-Shirt,10,599.0,5990.0,Bengaluru,,#1382
2026-03-05,Printed A-Line Kurti,10,799.0,7990.0,Bengaluru,,#1382
2026-03-05,Rayon Crop Top,13,399.0,5187.0,Bengaluru,,#1382
2026-03-05,Linen Blend Casual Shirt,11,999.0,10989.0,Bengaluru,,#1383
2026-03-05,Oversized Cotton Tee,14,349.0,4886.0,Bengaluru,,#1383
2026-03-05,Pique Polo T-Shirt,10,599.0,5990.0,Bengaluru,,#1383
2026-03-05,Printed A-Line Kurti,10,799.0,7990.0,Bengaluru,,#1383
2026-03-05,Straight Fit Denim Jeans,6,1499.0,8994.0,Bengaluru,,#1382
2026-03-05,Straight Fit Denim Jeans,6,1499.0,8994.0,Bengaluru,,#1383
2026-03-05,Rayon Crop Top,13,399.0,5187.0,Bengaluru,,#1383
2026-03-05,Oversized Cotton Tee,6,349.0,2094.0,Chennai,,#1385
2026-03-05,Linen Blend Casual Shirt,7,999.0,6993.0,Chennai,,#1385
2026-03-05,Straight Fit Denim Jeans,6,1499.0,8994.0,Chennai,,#1384
2026-03-05,Rayon Crop Top,11,399.0,4389.0,Chennai,,#1384
2026-03-05,Pique Polo T-Shirt,4,599.0,2396.0,Chennai,,#1385
2026-03-05,Pique Polo T-Shirt,4,599.0,2396.0,Chennai,,#1384
2026-03-05,Oversized Cotton Tee,6,349.0,2094.0,Chennai,,#1384
2026-03-05,Linen Blend Casual Shirt,7,999.0,6993.0,Chennai,,#1384
2026-03-05,Printed A-Line Kurti,12,799.0,9588.0,Chennai,,#1384
2026-03-06,Rayon Crop Top,7,399.0,2793.0,Delhi,,#1395
2026-03-06,Pique Polo T-Shirt,7,599.0,4193.0,Delhi,,#1394
2026-03-06,Printed A-Line Kurti,12,799.0,9588.0,Delhi,,#1394
2026-03-06,Rayon Crop Top,7,399.0,2793.0,Delhi,,#1394
2026-03-06,Straight Fit Denim Jeans,10,1499.0,14990.0,Delhi,,#1394
2026-03-06,Linen Blend Casual Shirt,3,999.0,2997.0,Delhi,,#1395
2026-03-06,Oversized Cotton Tee,8,349.0,2792.0,Delhi,,#1395
2026-03-06,Pique Polo T-Shirt,7,599.0,4193.0,Delhi,,#1395
2026-03-06,Printed A-Line Kurti,12,799.0,9588.0,Delhi,,#1395
2026-03-06,Straight Fit Denim Jeans,10,1499.0,14990.0,Delhi,,#1395
2026-03-06,Oversized Cotton Tee,8,349.0,2792.0,Delhi,,#1394
2026-03-06,Oversized Cotton Tee,7,349.0,2443.0,Mumbai,,#1396
2026-03-06,Pique Polo T-Shirt,15,599.0,8985.0,Mumbai,,#1396
2026-03-06,Printed A-Line Kurti,16,799.0,12784.0,Mumbai,,#1396
2026-03-06,Rayon Crop Top,10,399.0,3990.0,Mumbai,,#1396
2026-03-06,Straight Fit Denim Jeans,4,1499.0,5996.0,Mumbai,,#1396
2026-03-06,Linen Blend Casual Shirt,5,999.0,4995.0,Mumbai,,#1397
2026-03-06,Oversized Cotton Tee,7,349.0,2443.0,Mumbai,,#1397
2026-03-06,Printed A-Line Kurti,16,799.0,12784.0,Mumbai,,#1397
2026-03-06,Rayon Crop Top,10,399.0,3990.0,Mumbai,,#1397
2026-03-06,Straight Fit Denim Jeans,4,1499.0,5996.0,Mumbai,,#1397
2026-03-06,Linen Blend Casual Shirt,5,999.0,4995.0,Mumbai,,#1396
2026-03-06,Linen Blend Casual Shirt,3,999.0,2997.0,Delhi,,#1394
2026-03-06,Pique Polo T-Shirt,15,599.0,8985.0,Mumbai,,#1397
2026-03-06,Rayon Crop Top,10,399.0,3990.0,Chennai,,#1393
2026-03-06,Oversized Cotton Tee,12,349.0,4188.0,Bengaluru,,#1390
2026-03-06,Pique Polo T-Shirt,14,599.0,8386.0,Bengaluru,,#1390
2026-03-06,Straight Fit Denim Jeans,7,1499.0,10493.0,Chennai,,#1393
2026-03-06,Printed A-Line Kurti,15,799.0,11985.0,Bengaluru,,#1390
2026-03-06,Rayon Crop Top,7,399.0,2793.0,Bengaluru,,#1390
2026-03-06,Straight Fit Denim Jeans,12,1499.0,17988.0,Bengaluru,,#1390
2026-03-06,Linen Blend Casual Shirt,10,999.0,9990.0,Bengaluru,,#1391
2026-03-06,Oversized Cotton Tee,12,349.0,4188.0,Bengaluru,,#1391
2026-03-06,Pique Polo T-Shirt,14,599.0,8386.0,Bengaluru,,#1391
2026-03-06,Printed A-Line Kurti,15,799.0,11985.0,Bengaluru,,#1391
2026-03-06,Rayon Crop Top,7,399.0,2793.0,Bengaluru,,#1391
2026-03-06,Linen Blend Casual Shirt,10,999.0,9990.0,Bengaluru,,#1390
2026-03-06,Linen Blend Casual Shirt,5,999.0,4995.0,Chennai,,#1392
2026-03-06,Oversized Cotton Tee,9,349.0,3141.0,Chennai,,#1392
2026-03-06,Pique Polo T-Shirt,5,599.0,2995.0,Chennai,,#1392
2026-03-06,Printed A-Line Kurti,8,799.0,6392.0,Chennai,,#1392
2026-03-06,Rayon Crop Top,10,399.0,3990.0,Chennai,,#1392
2026-03-06,Straight Fit Denim Jeans,7,1499.0,10493.0,Chennai,,#1392
2026-03-06,Linen Blend Casual Shirt,5,999.0,4995.0,Chennai,,#1393
2026-03-06,Oversized Cotton Tee,9,349.0,3141.0,Chennai,,#1393
2026-03-06,Pique Polo T-Shirt,5,599.0,2995.0,Chennai,,#1393
2026-03-06,Printed A-Line Kurti,8,799.0,6392.0,Chennai,,#1393
2026-03-06,Straight Fit Denim Jeans,12,1499.0,17988.0,Bengaluru,,#1391
2026-03-07,Printed A-Line Kurti,11,799.0,8789.0,Delhi,,#1403
2026-03-07,Pique Polo T-Shirt,16,599.0,9584.0,Delhi,,#1403
2026-03-07,Oversized Cotton Tee,8,349.0,2792.0,Delhi,,#1403
2026-03-07,Pique Polo T-Shirt,16,599.0,9584.0,Delhi,,#1402
2026-03-07,Straight Fit Denim Jeans,5,1499.0,7495.0,Delhi,,#1402
2026-03-07,Rayon Crop Top,10,399.0,3990.0,Delhi,,#1402
2026-03-07,Printed A-Line Kurti,11,799.0,8789.0,Delhi,,#1402
2026-03-07,Rayon Crop Top,10,399.0,3990.0,Delhi,,#1403
2026-03-07,Linen Blend Casual Shirt,6,999.0,5994.0,Delhi,,#1403
2026-03-07,Straight Fit Denim Jeans,5,1499.0,7495.0,Delhi,,#1403
2026-03-07,Straight Fit Denim Jeans,13,1499.0,19487.0,Mumbai,,#1404
2026-03-07,Oversized Cotton Tee,10,349.0,3490.0,Mumbai,,#1404
2026-03-07,Pique Polo T-Shirt,10,599.0,5990.0,Mumbai,,#1404
2026-03-07,Printed A-Line Kurti,20,799.0,15980.0,Mumbai,,#1404
2026-03-07,Rayon Crop Top,14,399.0,5586.0,Mumbai,,#1404
2026-03-07,Linen Blend Casual Shirt,9,999.0,8991.0,Mumbai,,#1405
2026-03-07,Oversized Cotton Tee,10,349.0,3490.0,Mumbai,,#1405
2026-03-07,Pique Polo T-Shirt,10,599.0,5990.0,Mumbai,,#1405
2026-03-07,Printed A-Line Kurti,20,799.0,15980.0,Mumbai,,#1405
2026-03-07,Rayon Crop Top,14,399.0,5586.0,Mumbai,,#1405
2026-03-07,Oversized Cotton Tee,8,349.0,2792.0,Delhi,,#1402
2026-03-07,Linen Blend Casual Shirt,9,999.0,8991.0,Mumbai,,#1404
2026-03-07,Linen Blend Casual Shirt,6,999.0,5994.0,Delhi,,#1402
2026-03-07,Straight Fit Denim Jeans,13,1499.0,19487.0,Mumbai,,#1405
2026-03-07,Rayon Crop Top,3,399.0,1197.0,Chennai,,#1401
2026-03-07,Linen Blend Casual Shirt,10,999.0,9990.0,Bengaluru,,#1398
2026-03-07,Oversized Cotton Tee,5,349.0,1745.0,Bengaluru,,#1398
2026-03-07,Pique Polo T-Shirt,9,599.0,5391.0,Bengaluru,,#1398
2026-03-07,Printed A-Line Kurti,11,799.0,8789.0,Bengaluru,,#1398
2026-03-07,Rayon Crop Top,5,399.0,1995.0,Bengaluru,,#1398
2026-03-07,Straight Fit Denim Jeans,7,1499.0,10493.0,Bengaluru,,#1398
2026-03-07,Linen Blend Casual Shirt,10,999.0,9990.0,Bengaluru,,#1399
2026-03-07,Oversized Cotton Tee,5,349.0,1745.0,Bengaluru,,#1399
2026-03-07,Pique Polo T-Shirt,9,599.0,5391.0,Bengaluru,,#1399
2026-03-07,Printed A-Line Kurti,11,799.0,8789.0,Bengaluru,,#1399
2026-03-07,Rayon Crop Top,5,399.0,1995.0,Bengaluru,,#1399
2026-03-07,Straight Fit Denim Jeans,3,1499.0,4497.0,Chennai,,#1401
2026-03-07,Linen Blend Casual Shirt,4,999.0,3996.0,Chennai,,#1400
2026-03-07,Oversized Cotton Tee,7,349.0,2443.0,Chennai,,#1400
2026-03-07,Pique Polo T-Shirt,7,599.0,4193.0,Chennai,,#1400
2026-03-07,Printed A-Line Kurti,7,799.0,5593.0,Chennai,,#1400
2026-03-07,Rayon Crop Top,3,399.0,1197.0,Chennai,,#1400
2026-03-07,Straight Fit Denim Jeans,3,1499.0,4497.0,Chennai,,#1400
2026-03-07,Linen Blend Casual Shirt,4,999.0,3996.0,Chennai,,#1401
2026-03-07,Oversized Cotton Tee,7,349.0,2443.0,Chennai,,#1401
2026-03-07,Pique Polo T-Shirt,7,599.0,4193.0,Chennai,,#1401
2026-03-07,Printed A-Line Kurti,7,799.0,5593.0,Chennai,,#1401
2026-03-07,Straight Fit Denim Jeans,7,1499.0,10493.0,Bengaluru,,#1399
2026-03-08,Printed A-Line Kurti,15,799.0,11985.0,Delhi,,#1411
2026-03-08,Pique Polo T-Shirt,9,599.0,5391.0,Delhi,,#1411
2026-03-08,Oversized Cotton Tee,6,349.0,2094.0,Delhi,,#1411
2026-03-08,Linen Blend Casual Shirt,9,999.0,8991.0,Delhi,,#1411
2026-03-08,Oversized Cotton Tee,6,349.0,2094.0,Delhi,,#1410
2026-03-08,Rayon Crop Top,18,399.0,7182.0,Delhi,,#1410
2026-03-08,Printed A-Line Kurti,15,799.0,11985.0,Delhi,,#1410
2026-03-08,Pique Polo T-Shirt,9,599.0,5391.0,Delhi,,#1410
2026-03-08,Rayon Crop Top,18,399.0,7182.0,Delhi,,#1411
2026-03-08,Straight Fit Denim Jeans,11,1499.0,16489.0,Delhi,,#1410
2026-03-08,Straight Fit Denim Jeans,11,1499.0,16489.0,Delhi,,#1411
2026-03-08,Rayon Crop Top,11,399.0,4389.0,Mumbai,,#1412
2026-03-08,Oversized Cotton Tee,12,349.0,4188.0,Mumbai,,#1412
2026-03-08,Pique Polo T-Shirt,7,599.0,4193.0,Mumbai,,#1412
2026-03-08,Printed A-Line Kurti,13,799.0,10387.0,Mumbai,,#1412
2026-03-08,Straight Fit Denim Jeans,6,1499.0,8994.0,Mumbai,,#1412
2026-03-08,Linen Blend Casual Shirt,10,999.0,9990.0,Mumbai,,#1413
2026-03-08,Oversized Cotton Tee,12,349.0,4188.0,Mumbai,,#1413
2026-03-08,Pique Polo T-Shirt,7,599.0,4193.0,Mumbai,,#1413
2026-03-08,Printed A-Line Kurti,13,799.0,10387.0,Mumbai,,#1413
2026-03-08,Rayon Crop Top,11,399.0,4389.0,Mumbai,,#1413
2026-03-08,Linen Blend Casual Shirt,9,999.0,8991.0,Delhi,,#1410
2026-03-08,Linen Blend Casual Shirt,10,999.0,9990.0,Mumbai,,#1412
2026-03-08,Straight Fit Denim Jeans,6,1499.0,8994.0,Mumbai,,#1413
2026-03-08,Straight Fit Denim Jeans,5,1499.0,7495.0,Chennai,,#1409
2026-03-08,Printed A-Line Kurti,8,799.0,6392.0,Chennai,,#1409
2026-03-08,Rayon Crop Top,10,399.0,3990.0,Chennai,,#1409
2026-03-08,Linen Blend Casual Shirt,7,999.0,6993.0,Bengaluru,,#1406
2026-03-08,Oversized Cotton Tee,10,349.0,3490.0,Bengaluru,,#1406
2026-03-08,Pique Polo T-Shirt,8,599.0,4792.0,Bengaluru,,#1406
2026-03-08,Printed A-Line Kurti,14,799.0,11186.0,Bengaluru,,#1406
2026-03-08,Rayon Crop Top,14,399.0,5586.0,Bengaluru,,#1406
2026-03-08,Linen Blend Casual Shirt,7,999.0,6993.0,Bengaluru,,#1407
2026-03-08,Oversized Cotton Tee,10,349.0,3490.0,Bengaluru,,#1407
2026-03-08,Pique Polo T-Shirt,8,599.0,4792.0,Bengaluru,,#1407
2026-03-08,Printed A-Line Kurti,14,799.0,11186.0,Bengaluru,,#1407
2026-03-08,Straight Fit Denim Jeans,10,1499.0,14990.0,Bengaluru,,#1406
2026-03-08,Straight Fit Denim Jeans,10,1499.0,14990.0,Bengaluru,,#1407
2026-03-08,Rayon Crop Top,14,399.0,5586.0,Bengaluru,,#1407
2026-03-08,Oversized Cotton Tee,5,349.0,1745.0,Chennai,,#1409
2026-03-08,Linen Blend Casual Shirt,6,999.0,5994.0,Chennai,,#1409
2026-03-08,Straight Fit Denim Jeans,5,1499.0,7495.0,Chennai,,#1408
2026-03-08,Rayon Crop Top,10,399.0,3990.0,Chennai,,#1408
2026-03-08,Pique Polo T-Shirt,10,599.0,5990.0,Chennai,,#1409
2026-03-08,Pique Polo T-Shirt,10,599.0,5990.0,Chennai,,#1408
2026-03-08,Oversized Cotton Tee,5,349.0,1745.0,Chennai,,#1408
2026-03-08,Linen Blend Casual Shirt,6,999.0,5994.0,Chennai,,#1408
2026-03-08,Printed A-Line Kurti,8,799.0,6392.0,Chennai,,#1408
2026-03-09,Rayon Crop Top,15,399.0,5985.0,Delhi,,#1419
2026-03-09,Pique Polo T-Shirt,7,599.0,4193.0,Delhi,,#1418
2026-03-09,Printed A-Line Kurti,11,799.0,8789.0,Delhi,,#1418
2026-03-09,Rayon Crop Top,15,399.0,5985.0,Delhi,,#1418
2026-03-09,Straight Fit Denim Jeans,10,1499.0,14990.0,Delhi,,#1418
2026-03-09,Linen Blend Casual Shirt,7,999.0,6993.0,Delhi,,#1419
2026-03-09,Oversized Cotton Tee,14,349.0,4886.0,Delhi,,#1419
2026-03-09,Pique Polo T-Shirt,7,599.0,4193.0,Delhi,,#1419
2026-03-09,Printed A-Line Kurti,11,799.0,8789.0,Delhi,,#1419
2026-03-09,Straight Fit Denim Jeans,10,1499.0,14990.0,Delhi,,#1419
2026-03-09,Oversized Cotton Tee,14,349.0,4886.0,Delhi,,#1418
2026-03-09,Oversized Cotton Tee,16,349.0,5584.0,Mumbai,,#1420
2026-03-09,Pique Polo T-Shirt,10,599.0,5990.0,Mumbai,,#1420
2026-03-09,Printed A-Line Kurti,17,799.0,13583.0,Mumbai,,#1420
2026-03-09,Rayon Crop Top,18,399.0,7182.0,Mumbai,,#1420
2026-03-09,Straight Fit Denim Jeans,14,1499.0,20986.0,Mumbai,,#1420
2026-03-09,Linen Blend Casual Shirt,18,999.0,17982.0,Mumbai,,#1421
2026-03-09,Oversized Cotton Tee,16,349.0,5584.0,Mumbai,,#1421
2026-03-09,Pique Polo T-Shirt,10,599.0,5990.0,Mumbai,,#1421
2026-03-09,Printed A-Line Kurti,17,799.0,13583.0,Mumbai,,#1421
2026-03-09,Rayon Crop Top,18,399.0,7182.0,Mumbai,,#1421
2026-03-09,Linen Blend Casual Shirt,18,999.0,17982.0,Mumbai,,#1420
2026-03-09,Linen Blend Casual Shirt,7,999.0,6993.0,Delhi,,#1418
2026-03-09,Straight Fit Denim Jeans,14,1499.0,20986.0,Mumbai,,#1421
2026-03-09,Rayon Crop Top,12,399.0,4788.0,Chennai,,#1417
2026-03-09,Linen Blend Casual Shirt,8,999.0,7992.0,Bengaluru,,#1414
2026-03-09,Oversized Cotton Tee,13,349.0,4537.0,Bengaluru,,#1414
2026-03-09,Pique Polo T-Shirt,12,599.0,7188.0,Bengaluru,,#1414
2026-03-09,Printed A-Line Kurti,15,799.0,11985.0,Bengaluru,,#1414
2026-03-09,Rayon Crop Top,10,399.0,3990.0,Bengaluru,,#1414
2026-03-09,Straight Fit Denim Jeans,7,1499.0,10493.0,Bengaluru,,#1414
2026-03-09,Linen Blend Casual Shirt,8,999.0,7992.0,Bengaluru,,#1415
2026-03-09,Oversized Cotton Tee,13,349.0,4537.0,Bengaluru,,#1415
2026-03-09,Pique Polo T-Shirt,12,599.0,7188.0,Bengaluru,,#1415
2026-03-09,Printed A-Line Kurti,15,799.0,11985.0,Bengaluru,,#1415
2026-03-09,Rayon Crop Top,10,399.0,3990.0,Bengaluru,,#1415
2026-03-09,Straight Fit Denim Jeans,11,1499.0,16489.0,Chennai,,#1417
2026-03-09,Linen Blend Casual Shirt,9,999.0,8991.0,Chennai,,#1416
2026-03-09,Oversized Cotton Tee,8,349.0,2792.0,Chennai,,#1416
2026-03-09,Pique Polo T-Shirt,2,599.0,1198.0,Chennai,,#1416
2026-03-09,Printed A-Line Kurti,15,799.0,11985.0,Chennai,,#1416
2026-03-09,Rayon Crop Top,12,399.0,4788.0,Chennai,,#1416
2026-03-09,Straight Fit Denim Jeans,11,1499.0,16489.0,Chennai,,#1416
2026-03-09,Linen Blend Casual Shirt,9,999.0,8991.0,Chennai,,#1417
2026-03-09,Oversized Cotton Tee,8,349.0,2792.0,Chennai,,#1417
2026-03-09,Pique Polo T-Shirt,2,599.0,1198.0,Chennai,,#1417
2026-03-09,Printed A-Line Kurti,15,799.0,11985.0,Chennai,,#1417
2026-03-09,Straight Fit Denim Jeans,7,1499.0,10493.0,Bengaluru,,#1415
2026-03-10,Rayon Crop Top,12,399.0,4788.0,Delhi,,#1427
2026-03-10,Printed A-Line Kurti,13,799.0,10387.0,Delhi,,#1427
2026-03-10,Pique Polo T-Shirt,13,599.0,7787.0,Delhi,,#1427
2026-03-10,Oversized Cotton Tee,6,349.0,2094.0,Delhi,,#1427
2026-03-10,Pique Polo T-Shirt,13,599.0,7787.0,Delhi,,#1426
2026-03-10,Rayon Crop Top,12,399.0,4788.0,Delhi,,#1426
2026-03-10,Printed A-Line Kurti,13,799.0,10387.0,Delhi,,#1426
2026-03-10,Straight Fit Denim Jeans,10,1499.0,14990.0,Delhi,,#1427
2026-03-10,Straight Fit Denim Jeans,10,1499.0,14990.0,Delhi,,#1426
2026-03-10,Linen Blend Casual Shirt,14,999.0,13986.0,Mumbai,,#1428
2026-03-10,Straight Fit Denim Jeans,10,1499.0,14990.0,Mumbai,,#1428
2026-03-10,Pique Polo T-Shirt,12,599.0,7188.0,Mumbai,,#1428
2026-03-10,Printed A-Line Kurti,18,799.0,14382.0,Mumbai,,#1428
2026-03-10,Rayon Crop Top,12,399.0,4788.0,Mumbai,,#1428
2026-03-10,Oversized Cotton Tee,6,349.0,2094.0,Delhi,,#1426
2026-03-10,Linen Blend Casual Shirt,14,999.0,13986.0,Mumbai,,#1429
2026-03-10,Oversized Cotton Tee,26,349.0,9074.0,Mumbai,,#1429
2026-03-10,Pique Polo T-Shirt,12,599.0,7188.0,Mumbai,,#1429
2026-03-10,Printed A-Line Kurti,18,799.0,14382.0,Mumbai,,#1429
2026-03-10,Rayon Crop Top,12,399.0,4788.0,Mumbai,,#1429
2026-03-10,Straight Fit Denim Jeans,10,1499.0,14990.0,Mumbai,,#1429
2026-03-10,Oversized Cotton Tee,26,349.0,9074.0,Mumbai,,#1428
2026-03-10,Linen Blend Casual Shirt,9,999.0,8991.0,Delhi,,#1426
2026-03-10,Linen Blend Casual Shirt,9,999.0,8991.0,Delhi,,#1427
2026-03-10,Rayon Crop Top,5,399.0,1995.0,Chennai,,#1425
2026-03-10,Linen Blend Casual Shirt,10,999.0,9990.0,Bengaluru,,#1422
2026-03-10,Oversized Cotton Tee,11,349.0,3839.0,Bengaluru,,#1422
2026-03-10,Pique Polo T-Shirt,8,599.0,4792.0,Bengaluru,,#1422
2026-03-10,Printed A-Line Kurti,22,799.0,17578.0,Bengaluru,,#1422
2026-03-10,Rayon Crop Top,7,399.0,2793.0,Bengaluru,,#1422
2026-03-10,Straight Fit Denim Jeans,11,1499.0,16489.0,Bengaluru,,#1422
2026-03-10,Linen Blend Casual Shirt,10,999.0,9990.0,Bengaluru,,#1423
2026-03-10,Oversized Cotton Tee,11,349.0,3839.0,Bengaluru,,#1423
2026-03-10,Pique Polo T-Shirt,8,599.0,4792.0,Bengaluru,,#1423
2026-03-10,Printed A-Line Kurti,22,799.0,17578.0,Bengaluru,,#1423
2026-03-10,Rayon Crop Top,7,399.0,2793.0,Bengaluru,,#1423
2026-03-10,Straight Fit Denim Jeans,4,1499.0,5996.0,Chennai,,#1425
2026-03-10,Linen Blend Casual Shirt,11,999.0,10989.0,Chennai,,#1424
2026-03-10,Oversized Cotton Tee,11,349.0,3839.0,Chennai,,#1424
2026-03-10,Pique Polo T-Shirt,8,599.0,4792.0,Chennai,,#1424
2026-03-10,Printed A-Line Kurti,10,799.0,7990.0,Chennai,,#1424
2026-03-10,Rayon Crop Top,5,399.0,1995.0,Chennai,,#1424
2026-03-10,Straight Fit Denim Jeans,4,1499.0,5996.0,Chennai,,#1424
2026-03-10,Linen Blend Casual Shirt,11,999.0,10989.0,Chennai,,#1425
2026-03-10,Oversized Cotton Tee,11,349.0,3839.0,Chennai,,#1425
2026-03-10,Pique Polo T-Shirt,8,599.0,4792.0,Chennai,,#1425
2026-03-10,Printed A-Line Kurti,10,799.0,7990.0,Chennai,,#1425
2026-03-10,Straight Fit Denim Jeans,11,1499.0,16489.0,Bengaluru,,#1423
2026-03-11,Printed A-Line Kurti,16,799.0,12784.0,Delhi,,#1435
2026-03-11,Pique Polo T-Shirt,8,599.0,4792.0,Delhi,,#1435
2026-03-11,Oversized Cotton Tee,6,349.0,2094.0,Delhi,,#1435
2026-03-11,Linen Blend Casual Shirt,4,999.0,3996.0,Delhi,,#1435
2026-03-11,Oversized Cotton Tee,6,349.0,2094.0,Delhi,,#1434
2026-03-11,Rayon Crop Top,11,399.0,4389.0,Delhi,,#1434
2026-03-11,Printed A-Line Kurti,16,799.0,12784.0,Delhi,,#1434
2026-03-11,Pique Polo T-Shirt,8,599.0,4792.0,Delhi,,#1434
2026-03-11,Rayon Crop Top,11,399.0,4389.0,Delhi,,#1435
2026-03-11,Straight Fit Denim Jeans,8,1499.0,11992.0,Delhi,,#1434
2026-03-11,Straight Fit Denim Jeans,8,1499.0,11992.0,Delhi,,#1435
2026-03-11,Rayon Crop Top,12,399.0,4788.0,Mumbai,,#1436
2026-03-11,Oversized Cotton Tee,8,349.0,2792.0,Mumbai,,#1436
2026-03-11,Pique Polo T-Shirt,9,599.0,5391.0,Mumbai,,#1436
2026-03-11,Printed A-Line Kurti,18,799.0,14382.0,Mumbai,,#1436
2026-03-11,Straight Fit Denim Jeans,8,1499.0,11992.0,Mumbai,,#1436
2026-03-11,Linen Blend Casual Shirt,10,999.0,9990.0,Mumbai,,#1437
2026-03-11,Oversized Cotton Tee,8,349.0,2792.0,Mumbai,,#1437
2026-03-11,Pique Polo T-Shirt,9,599.0,5391.0,Mumbai,,#1437
2026-03-11,Printed A-Line Kurti,18,799.0,14382.0,Mumbai,,#1437
2026-03-11,Rayon Crop Top,12,399.0,4788.0,Mumbai,,#1437
2026-03-11,Linen Blend Casual Shirt,4,999.0,3996.0,Delhi,,#1434
2026-03-11,Linen Blend Casual Shirt,10,999.0,9990.0,Mumbai,,#1436
2026-03-11,Straight Fit Denim Jeans,8,1499.0,11992.0,Mumbai,,#1437
2026-03-11,Straight Fit Denim Jeans,9,1499.0,13491.0,Chennai,,#1433
2026-03-11,Printed A-Line Kurti,10,799.0,7990.0,Chennai,,#1433
2026-03-11,Linen Blend Casual Shirt,5,999.0,4995.0,Bengaluru,,#1430
2026-03-11,Oversized Cotton Tee,12,349.0,4188.0,Bengaluru,,#1430
2026-03-11,Pique Polo T-Shirt,4,599.0,2396.0,Bengaluru,,#1430
2026-03-11,Printed A-Line Kurti,5,799.0,3995.0,Bengaluru,,#1430
2026-03-11,Rayon Crop Top,11,399.0,4389.0,Bengaluru,,#1430
2026-03-11,Straight Fit Denim Jeans,8,1499.0,11992.0,Bengaluru,,#1430
2026-03-11,Linen Blend Casual Shirt,5,999.0,4995.0,Bengaluru,,#1431
2026-03-11,Oversized Cotton Tee,12,349.0,4188.0,Bengaluru,,#1431
2026-03-11,Pique Polo T-Shirt,4,599.0,2396.0,Bengaluru,,#1431
2026-03-11,Printed A-Line Kurti,5,799.0,3995.0,Bengaluru,,#1431
2026-03-11,Rayon Crop Top,4,399.0,1596.0,Chennai,,#1433
2026-03-11,Straight Fit Denim Jeans,8,1499.0,11992.0,Bengaluru,,#1431
2026-03-11,Linen Blend Casual Shirt,4,999.0,3996.0,Chennai,,#1432
2026-03-11,Oversized Cotton Tee,6,349.0,2094.0,Chennai,,#1432
2026-03-11,Pique Polo T-Shirt,9,599.0,5391.0,Chennai,,#1432
2026-03-11,Printed A-Line Kurti,10,799.0,7990.0,Chennai,,#1432
2026-03-11,Rayon Crop Top,4,399.0,1596.0,Chennai,,#1432
2026-03-11,Straight Fit Denim Jeans,9,1499.0,13491.0,Chennai,,#1432
2026-03-11,Linen Blend Casual Shirt,4,999.0,3996.0,Chennai,,#1433
2026-03-11,Oversized Cotton Tee,6,349.0,2094.0,Chennai,,#1433
2026-03-11,Pique Polo T-Shirt,9,599.0,5391.0,Chennai,,#1433
2026-03-11,Rayon Crop Top,11,399.0,4389.0,Bengaluru,,#1431
2026-03-12,Printed A-Line Kurti,18,799.0,14382.0,Delhi,,#1443
2026-03-12,Pique Polo T-Shirt,10,599.0,5990.0,Delhi,,#1443
2026-03-12,Oversized Cotton Tee,14,349.0,4886.0,Delhi,,#1443
2026-03-12,Pique Polo T-Shirt,10,599.0,5990.0,Delhi,,#1442
2026-03-12,Straight Fit Denim Jeans,11,1499.0,16489.0,Delhi,,#1442
2026-03-12,Rayon Crop Top,13,399.0,5187.0,Delhi,,#1442
2026-03-12,Printed A-Line Kurti,18,799.0,14382.0,Delhi,,#1442
2026-03-12,Rayon Crop Top,13,399.0,5187.0,Delhi,,#1443
2026-03-12,Linen Blend Casual Shirt,4,999.0,3996.0,Delhi,,#1443
2026-03-12,Straight Fit Denim Jeans,11,1499.0,16489.0,Delhi,,#1443
2026-03-12,Straight Fit Denim Jeans,7,1499.0,10493.0,Mumbai,,#1444
2026-03-12,Oversized Cotton Tee,9,349.0,3141.0,Mumbai,,#1444
2026-03-12,Pique Polo T-Shirt,10,599.0,5990.0,Mumbai,,#1444
2026-03-12,Printed A-Line Kurti,19,799.0,15181.0,Mumbai,,#1444
2026-03-12,Rayon Crop Top,11,399.0,4389.0,Mumbai,,#1444
2026-03-12,Linen Blend Casual Shirt,6,999.0,5994.0,Mumbai,,#1445
2026-03-12,Oversized Cotton Tee,9,349.0,3141.0,Mumbai,,#1445
2026-03-12,Pique Polo T-Shirt,10,599.0,5990.0,Mumbai,,#1445
2026-03-12,Printed A-Line Kurti,19,799.0,15181.0,Mumbai,,#1445
2026-03-12,Rayon Crop Top,11,399.0,4389.0,Mumbai,,#1445
2026-03-12,Oversized Cotton Tee,14,349.0,4886.0,Delhi,,#1442
2026-03-12,Linen Blend Casual Shirt,6,999.0,5994.0,Mumbai,,#1444
2026-03-12,Straight Fit Denim Jeans,7,1499.0,10493.0,Mumbai,,#1445
2026-03-12,Linen Blend Casual Shirt,4,999.0,3996.0,Delhi,,#1442
2026-03-12,Rayon Crop Top,16,399.0,6384.0,Chennai,,#1441
2026-03-12,Straight Fit Denim Jeans,4,1499.0,5996.0,Chennai,,#1441
2026-03-12,Linen Blend Casual Shirt,10,999.0,9990.0,Bengaluru,,#1438
2026-03-12,Oversized Cotton Tee,6,349.0,2094.0,Bengaluru,,#1438
2026-03-12,Pique Polo T-Shirt,5,599.0,2995.0,Bengaluru,,#1438
2026-03-12,Printed A-Line Kurti,12,799.0,9588.0,Bengaluru,,#1438
2026-03-12,Rayon Crop Top,11,399.0,4389.0,Bengaluru,,#1438
2026-03-12,Linen Blend Casual Shirt,10,999.0,9990.0,Bengaluru,,#1439
2026-03-12,Oversized Cotton Tee,6,349.0,2094.0,Bengaluru,,#1439
2026-03-12,Pique Polo T-Shirt,5,599.0,2995.0,Bengaluru,,#1439
2026-03-12,Printed A-Line Kurti,12,799.0,9588.0,Bengaluru,,#1439
2026-03-12,Rayon Crop Top,11,399.0,4389.0,Bengaluru,,#1439
2026-03-12,Straight Fit Denim Jeans,3,1499.0,4497.0,Bengaluru,,#1438
2026-03-12,Linen Blend Casual Shirt,5,999.0,4995.0,Chennai,,#1440
2026-03-12,Straight Fit Denim Jeans,3,1499.0,4497.0,Bengaluru,,#1439
2026-03-12,Pique Polo T-Shirt,4,599.0,2396.0,Chennai,,#1441
2026-03-12,Oversized Cotton Tee,4,349.0,1396.0,Chennai,,#1441
2026-03-12,Linen Blend Casual Shirt,5,999.0,4995.0,Chennai,,#1441
2026-03-12,Straight Fit Denim Jeans,4,1499.0,5996.0,Chennai,,#1440
2026-03-12,Printed A-Line Kurti,13,799.0,10387.0,Chennai,,#1441
2026-03-12,Printed A-Line Kurti,13,799.0,10387.0,Chennai,,#1440
2026-03-12,Pique Polo T-Shirt,4,599.0,2396.0,Chennai,,#1440
2026-03-12,Oversized Cotton Tee,4,349.0,1396.0,Chennai,,#1440
2026-03-12,Rayon Crop Top,16,399.0,6384.0,Chennai,,#1440
2026-03-13,Straight Fit Denim Jeans,7,1499.0,10493.0,Mumbai,,#1451
2026-03-13,Pique Polo T-Shirt,5,599.0,2995.0,Chennai,,#1450
2026-03-13,Printed A-Line Kurti,7,799.0,5593.0,Chennai,,#1450
2026-03-13,Rayon Crop Top,7,399.0,2793.0,Chennai,,#1450
2026-03-13,Straight Fit Denim Jeans,4,1499.0,5996.0,Chennai,,#1450
2026-03-13,Linen Blend Casual Shirt,15,999.0,14985.0,Mumbai,,#1451
2026-03-13,Oversized Cotton Tee,13,349.0,4537.0,Mumbai,,#1451
2026-03-13,Pique Polo T-Shirt,8,599.0,4792.0,Mumbai,,#1451
2026-03-13,Printed A-Line Kurti,16,799.0,12784.0,Mumbai,,#1451
2026-03-13,Rayon Crop Top,16,399.0,6384.0,Mumbai,,#1451
2026-03-13,Linen Blend Casual Shirt,6,999.0,5994.0,Delhi,,#1452
2026-03-13,Oversized Cotton Tee,11,349.0,3839.0,Chennai,,#1450
2026-03-13,Pique Polo T-Shirt,3,599.0,1797.0,Delhi,,#1452
2026-03-13,Printed A-Line Kurti,25,799.0,19975.0,Delhi,,#1452
2026-03-13,Rayon Crop Top,11,399.0,4389.0,Delhi,,#1452
2026-03-13,Straight Fit Denim Jeans,2,1499.0,2998.0,Delhi,,#1452
2026-03-13,Linen Blend Casual Shirt,15,999.0,14985.0,Mumbai,,#1454
2026-03-13,Oversized Cotton Tee,13,349.0,4537.0,Mumbai,,#1454
2026-03-13,Pique Polo T-Shirt,8,599.0,4792.0,Mumbai,,#1454
2026-03-13,Printed A-Line Kurti,16,799.0,12784.0,Mumbai,,#1454
2026-03-13,Rayon Crop Top,16,399.0,6384.0,Mumbai,,#1454
2026-03-13,Straight Fit Denim Jeans,7,1499.0,10493.0,Mumbai,,#1454
2026-03-13,Oversized Cotton Tee,11,349.0,3839.0,Delhi,,#1452
2026-03-13,Linen Blend Casual Shirt,6,999.0,5994.0,Chennai,,#1450
2026-03-13,Rayon Crop Top,8,399.0,3192.0,Bengaluru,,#1446
2026-03-13,Rayon Crop Top,11,399.0,4389.0,Delhi,,#1449
2026-03-13,Linen Blend Casual Shirt,6,999.0,5994.0,Bengaluru,,#1446
2026-03-13,Oversized Cotton Tee,11,349.0,3839.0,Bengaluru,,#1446
2026-03-13,Pique Polo T-Shirt,7,599.0,4193.0,Bengaluru,,#1446
2026-03-13,Printed A-Line Kurti,14,799.0,11186.0,Bengaluru,,#1446
2026-03-13,Straight Fit Denim Jeans,6,1499.0,8994.0,Bengaluru,,#1446
2026-03-13,Linen Blend Casual Shirt,6,999.0,5994.0,Chennai,,#1447
2026-03-13,Oversized Cotton Tee,11,349.0,3839.0,Chennai,,#1447
2026-03-13,Pique Polo T-Shirt,5,599.0,2995.0,Chennai,,#1447
2026-03-13,Printed A-Line Kurti,7,799.0,5593.0,Chennai,,#1447
2026-03-13,Rayon Crop Top,7,399.0,2793.0,Chennai,,#1447
2026-03-13,Straight Fit Denim Jeans,2,1499.0,2998.0,Delhi,,#1449
2026-03-13,Linen Blend Casual Shirt,6,999.0,5994.0,Bengaluru,,#1448
2026-03-13,Pique Polo T-Shirt,3,599.0,1797.0,Delhi,,#1449
2026-03-13,Oversized Cotton Tee,11,349.0,3839.0,Delhi,,#1449
2026-03-13,Linen Blend Casual Shirt,6,999.0,5994.0,Delhi,,#1449
2026-03-13,Straight Fit Denim Jeans,4,1499.0,5996.0,Chennai,,#1447
2026-03-13,Straight Fit Denim Jeans,6,1499.0,8994.0,Bengaluru,,#1448
2026-03-13,Printed A-Line Kurti,25,799.0,19975.0,Delhi,,#1449
2026-03-13,Rayon Crop Top,8,399.0,3192.0,Bengaluru,,#1448
2026-03-13,Printed A-Line Kurti,14,799.0,11186.0,Bengaluru,,#1448
2026-03-13,Pique Polo T-Shirt,7,599.0,4193.0,Bengaluru,,#1448
2026-03-13,Oversized Cotton Tee,11,349.0,3839.0,Bengaluru,,#1448
2026-03-14,Printed A-Line Kurti,10,799.0,7990.0,Mumbai,,#1463
2026-03-14,Pique Polo T-Shirt,7,599.0,4193.0,Chennai,,#1458
2026-03-14,Printed A-Line Kurti,8,799.0,6392.0,Chennai,,#1458
2026-03-14,Rayon Crop Top,9,399.0,3591.0,Chennai,,#1458
2026-03-14,Straight Fit Denim Jeans,3,1499.0,4497.0,Chennai,,#1458
2026-03-14,Linen Blend Casual Shirt,6,999.0,5994.0,Mumbai,,#1459
2026-03-14,Oversized Cotton Tee,13,349.0,4537.0,Mumbai,,#1459
2026-03-14,Pique Polo T-Shirt,6,599.0,3594.0,Mumbai,,#1459
2026-03-14,Printed A-Line Kurti,10,799.0,7990.0,Mumbai,,#1459
2026-03-14,Rayon Crop Top,14,399.0,5586.0,Mumbai,,#1459
2026-03-14,Straight Fit Denim Jeans,8,1499.0,11992.0,Mumbai,,#1459
2026-03-14,Pique Polo T-Shirt,5,599.0,2995.0,Delhi,,#1460
2026-03-14,Rayon Crop Top,14,399.0,5586.0,Mumbai,,#1463
2026-03-14,Printed A-Line Kurti,20,799.0,15980.0,Delhi,,#1460
2026-03-14,Rayon Crop Top,10,399.0,3990.0,Delhi,,#1460
2026-03-14,Straight Fit Denim Jeans,7,1499.0,10493.0,Delhi,,#1460
2026-03-14,Oversized Cotton Tee,8,349.0,2792.0,Chennai,,#1458
2026-03-14,Straight Fit Denim Jeans,8,1499.0,11992.0,Mumbai,,#1463
2026-03-14,Linen Blend Casual Shirt,6,999.0,5994.0,Mumbai,,#1463
2026-03-14,Oversized Cotton Tee,13,349.0,4537.0,Mumbai,,#1463
2026-03-14,Pique Polo T-Shirt,6,599.0,3594.0,Mumbai,,#1463
2026-03-14,Oversized Cotton Tee,10,349.0,3490.0,Delhi,,#1460
2026-03-14,Linen Blend Casual Shirt,6,999.0,5994.0,Chennai,,#1458
2026-03-14,Linen Blend Casual Shirt,12,999.0,11988.0,Delhi,,#1460
2026-03-14,Rayon Crop Top,10,399.0,3990.0,Delhi,,#1457
2026-03-14,Straight Fit Denim Jeans,3,1499.0,4497.0,Bengaluru,,#1453
2026-03-14,Rayon Crop Top,10,399.0,3990.0,Bengaluru,,#1453
2026-03-14,Printed A-Line Kurti,16,799.0,12784.0,Bengaluru,,#1453
2026-03-14,Pique Polo T-Shirt,3,599.0,1797.0,Bengaluru,,#1453
2026-03-14,Oversized Cotton Tee,10,349.0,3490.0,Bengaluru,,#1453
2026-03-14,Linen Blend Casual Shirt,8,999.0,7992.0,Bengaluru,,#1453
2026-03-14,Linen Blend Casual Shirt,6,999.0,5994.0,Chennai,,#1455
2026-03-14,Oversized Cotton Tee,8,349.0,2792.0,Chennai,,#1455
2026-03-14,Pique Polo T-Shirt,7,599.0,4193.0,Chennai,,#1455
2026-03-14,Printed A-Line Kurti,8,799.0,6392.0,Chennai,,#1455
2026-03-14,Straight Fit Denim Jeans,7,1499.0,10493.0,Delhi,,#1457
2026-03-14,Rayon Crop Top,9,399.0,3591.0,Chennai,,#1455
2026-03-14,Straight Fit Denim Jeans,3,1499.0,4497.0,Chennai,,#1455
2026-03-14,Linen Blend Casual Shirt,8,999.0,7992.0,Bengaluru,,#1456
2026-03-14,Oversized Cotton Tee,10,349.0,3490.0,Bengaluru,,#1456
2026-03-14,Pique Polo T-Shirt,3,599.0,1797.0,Bengaluru,,#1456
2026-03-14,Printed A-Line Kurti,16,799.0,12784.0,Bengaluru,,#1456
2026-03-14,Rayon Crop Top,10,399.0,3990.0,Bengaluru,,#1456
2026-03-14,Straight Fit Denim Jeans,3,1499.0,4497.0,Bengaluru,,#1456
2026-03-14,Linen Blend Casual Shirt,12,999.0,11988.0,Delhi,,#1457
2026-03-14,Oversized Cotton Tee,10,349.0,3490.0,Delhi,,#1457
2026-03-14,Pique Polo T-Shirt,5,599.0,2995.0,Delhi,,#1457
2026-03-14,Printed A-Line Kurti,20,799.0,15980.0,Delhi,,#1457
2026-03-15,Printed A-Line Kurti,15,799.0,11985.0,Delhi,,#1470
2026-03-15,Pique Polo T-Shirt,4,599.0,2396.0,Delhi,,#1470
2026-03-15,Rayon Crop Top,11,399.0,4389.0,Delhi,,#1470
2026-03-15,Oversized Cotton Tee,12,349.0,4188.0,Delhi,,#1470
2026-03-15,Straight Fit Denim Jeans,6,1499.0,8994.0,Chennai,,#1468
2026-03-15,Straight Fit Denim Jeans,8,1499.0,11992.0,Mumbai,,#1469
2026-03-15,Rayon Crop Top,12,399.0,4788.0,Mumbai,,#1469
2026-03-15,Printed A-Line Kurti,15,799.0,11985.0,Mumbai,,#1469
2026-03-15,Pique Polo T-Shirt,7,599.0,4193.0,Mumbai,,#1469
2026-03-15,Oversized Cotton Tee,10,349.0,3490.0,Mumbai,,#1469
2026-03-15,Linen Blend Casual Shirt,8,999.0,7992.0,Mumbai,,#1469
2026-03-15,Straight Fit Denim Jeans,4,1499.0,5996.0,Delhi,,#1470
2026-03-15,Rayon Crop Top,8,399.0,3192.0,Chennai,,#1468
2026-03-15,Printed A-Line Kurti,7,799.0,5593.0,Chennai,,#1468
2026-03-15,Pique Polo T-Shirt,3,599.0,1797.0,Chennai,,#1468
2026-03-15,Linen Blend Casual Shirt,12,999.0,11988.0,Delhi,,#1470
2026-03-15,Linen Blend Casual Shirt,12,999.0,11988.0,Delhi,,#1471
2026-03-15,Linen Blend Casual Shirt,8,999.0,7992.0,Mumbai,,#1473
2026-03-15,Pique Polo T-Shirt,4,599.0,2396.0,Delhi,,#1471
2026-03-15,Oversized Cotton Tee,11,349.0,3839.0,Chennai,,#1468
2026-03-15,Rayon Crop Top,12,399.0,4788.0,Mumbai,,#1476
2026-03-15,Printed A-Line Kurti,15,799.0,11985.0,Mumbai,,#1476
2026-03-15,Pique Polo T-Shirt,7,599.0,4193.0,Mumbai,,#1476
2026-03-15,Oversized Cotton Tee,10,349.0,3490.0,Mumbai,,#1476
2026-03-15,Linen Blend Casual Shirt,8,999.0,7992.0,Mumbai,,#1476
2026-03-15,Straight Fit Denim Jeans,8,1499.0,11992.0,Mumbai,,#1476
2026-03-15,Straight Fit Denim Jeans,8,1499.0,11992.0,Mumbai,,#1473
2026-03-15,Rayon Crop Top,12,399.0,4788.0,Mumbai,,#1473
2026-03-15,Printed A-Line Kurti,15,799.0,11985.0,Mumbai,,#1473
2026-03-15,Pique Polo T-Shirt,7,599.0,4193.0,Mumbai,,#1473
2026-03-15,Oversized Cotton Tee,10,349.0,3490.0,Mumbai,,#1473
2026-03-15,Straight Fit Denim Jeans,4,1499.0,5996.0,Delhi,,#1471
2026-03-15,Rayon Crop Top,11,399.0,4389.0,Delhi,,#1471
2026-03-15,Printed A-Line Kurti,15,799.0,11985.0,Delhi,,#1471
2026-03-15,Oversized Cotton Tee,12,349.0,4188.0,Delhi,,#1471
2026-03-15,Linen Blend Casual Shirt,11,999.0,10989.0,Chennai,,#1468
2026-03-15,Linen Blend Casual Shirt,4,999.0,3996.0,Bengaluru,,#1466
2026-03-15,Rayon Crop Top,11,399.0,4389.0,Delhi,,#1467
2026-03-15,Pique Polo T-Shirt,3,599.0,1797.0,Chennai,,#1464
2026-03-15,Oversized Cotton Tee,11,349.0,3839.0,Chennai,,#1464
2026-03-15,Linen Blend Casual Shirt,11,999.0,10989.0,Chennai,,#1464
2026-03-15,Oversized Cotton Tee,4,349.0,1396.0,Bengaluru,,#1461
2026-03-15,Straight Fit Denim Jeans,7,1499.0,10493.0,Bengaluru,,#1462
2026-03-15,Rayon Crop Top,11,399.0,4389.0,Bengaluru,,#1462
2026-03-15,Printed A-Line Kurti,7,799.0,5593.0,Bengaluru,,#1462
2026-03-15,Pique Polo T-Shirt,4,599.0,2396.0,Bengaluru,,#1462
2026-03-15,Oversized Cotton Tee,4,349.0,1396.0,Bengaluru,,#1462
2026-03-15,Linen Blend Casual Shirt,4,999.0,3996.0,Bengaluru,,#1462
2026-03-15,Straight Fit Denim Jeans,4,1499.0,5996.0,Delhi,,#1467
2026-03-15,Straight Fit Denim Jeans,7,1499.0,10493.0,Bengaluru,,#1461
2026-03-15,Rayon Crop Top,11,399.0,4389.0,Bengaluru,,#1461
2026-03-15,Printed A-Line Kurti,7,799.0,5593.0,Bengaluru,,#1461
2026-03-15,Pique Polo T-Shirt,4,599.0,2396.0,Bengaluru,,#1461
2026-03-15,Printed A-Line Kurti,7,799.0,5593.0,Chennai,,#1464
2026-03-15,Rayon Crop Top,8,399.0,3192.0,Chennai,,#1464
2026-03-15,Linen Blend Casual Shirt,4,999.0,3996.0,Bengaluru,,#1461
2026-03-15,Linen Blend Casual Shirt,11,999.0,10989.0,Chennai,,#1465
2026-03-15,Printed A-Line Kurti,15,799.0,11985.0,Delhi,,#1467
2026-03-15,Pique Polo T-Shirt,4,599.0,2396.0,Delhi,,#1467
2026-03-15,Oversized Cotton Tee,12,349.0,4188.0,Delhi,,#1467
2026-03-15,Linen Blend Casual Shirt,12,999.0,11988.0,Delhi,,#1467
2026-03-15,Straight Fit Denim Jeans,6,1499.0,8994.0,Chennai,,#1464
2026-03-15,Rayon Crop Top,11,399.0,4389.0,Bengaluru,,#1466
2026-03-15,Printed A-Line Kurti,7,799.0,5593.0,Bengaluru,,#1466
2026-03-15,Pique Polo T-Shirt,4,599.0,2396.0,Bengaluru,,#1466
2026-03-15,Oversized Cotton Tee,4,349.0,1396.0,Bengaluru,,#1466
2026-03-15,Straight Fit Denim Jeans,7,1499.0,10493.0,Bengaluru,,#1466
2026-03-15,Oversized Cotton Tee,11,349.0,3839.0,Chennai,,#1465
2026-03-15,Pique Polo T-Shirt,3,599.0,1797.0,Chennai,,#1465
2026-03-15,Printed A-Line Kurti,7,799.0,5593.0,Chennai,,#1465
2026-03-15,Rayon Crop Top,8,399.0,3192.0,Chennai,,#1465
2026-03-15,Straight Fit Denim Jeans,6,1499.0,8994.0,Chennai,,#1465
2026-03-16,Pique Polo T-Shirt,7,599.0,4193.0,Delhi,,#1480
2026-03-16,Straight Fit Denim Jeans,11,1499.0,16489.0,Mumbai,,#1494
2026-03-16,Straight Fit Denim Jeans,11,1499.0,16489.0,Mumbai,,#1483
2026-03-16,Printed A-Line Kurti,17,799.0,13583.0,Delhi,,#1480
2026-03-16,Rayon Crop Top,12,399.0,4788.0,Mumbai,,#1483
2026-03-16,Printed A-Line Kurti,28,799.0,22372.0,Mumbai,,#1483
2026-03-16,Oversized Cotton Tee,14,349.0,4886.0,Mumbai,,#1483
2026-03-16,Linen Blend Casual Shirt,15,999.0,14985.0,Mumbai,,#1483
2026-03-16,Straight Fit Denim Jeans,12,1499.0,17988.0,Bengaluru,,#1481
2026-03-16,Rayon Crop Top,5,399.0,1995.0,Bengaluru,,#1481
2026-03-16,Printed A-Line Kurti,15,799.0,11985.0,Bengaluru,,#1481
2026-03-16,Rayon Crop Top,16,399.0,6384.0,Delhi,,#1480
2026-03-16,Linen Blend Casual Shirt,14,999.0,13986.0,Bengaluru,,#1481
2026-03-16,Oversized Cotton Tee,16,349.0,5584.0,Bengaluru,,#1481
2026-03-16,Pique Polo T-Shirt,15,599.0,8985.0,Bengaluru,,#1481
2026-03-16,Pique Polo T-Shirt,15,599.0,8985.0,Mumbai,,#1483
2026-03-16,Straight Fit Denim Jeans,8,1499.0,11992.0,Delhi,,#1480
2026-03-16,Rayon Crop Top,16,399.0,6384.0,Delhi,,#1491
2026-03-16,Oversized Cotton Tee,15,349.0,5235.0,Chennai,,#1486
2026-03-16,Oversized Cotton Tee,11,349.0,3839.0,Delhi,,#1480
2026-03-16,Rayon Crop Top,12,399.0,4788.0,Mumbai,,#1494
2026-03-16,Printed A-Line Kurti,28,799.0,22372.0,Mumbai,,#1494
2026-03-16,Pique Polo T-Shirt,15,599.0,8985.0,Mumbai,,#1494
2026-03-16,Oversized Cotton Tee,14,349.0,4886.0,Mumbai,,#1494
2026-03-16,Linen Blend Casual Shirt,15,999.0,14985.0,Mumbai,,#1494
2026-03-16,Straight Fit Denim Jeans,8,1499.0,11992.0,Delhi,,#1491
2026-03-16,Printed A-Line Kurti,17,799.0,13583.0,Delhi,,#1491
2026-03-16,Pique Polo T-Shirt,7,599.0,4193.0,Delhi,,#1491
2026-03-16,Oversized Cotton Tee,11,349.0,3839.0,Delhi,,#1491
2026-03-16,Linen Blend Casual Shirt,13,999.0,12987.0,Delhi,,#1491
2026-03-16,Straight Fit Denim Jeans,3,1499.0,4497.0,Chennai,,#1486
2026-03-16,Rayon Crop Top,8,399.0,3192.0,Chennai,,#1486
2026-03-16,Printed A-Line Kurti,17,799.0,13583.0,Chennai,,#1486
2026-03-16,Pique Polo T-Shirt,4,599.0,2396.0,Chennai,,#1486
2026-03-16,Linen Blend Casual Shirt,10,999.0,9990.0,Chennai,,#1486
2026-03-16,Linen Blend Casual Shirt,13,999.0,12987.0,Delhi,,#1480
2026-03-16,Printed A-Line Kurti,15,799.0,11985.0,Bengaluru,,#1475
2026-03-16,Rayon Crop Top,12,399.0,4788.0,Mumbai,,#1479
2026-03-16,Straight Fit Denim Jeans,12,1499.0,17988.0,Bengaluru,,#1475
2026-03-16,Rayon Crop Top,5,399.0,1995.0,Bengaluru,,#1475
2026-03-16,Pique Polo T-Shirt,15,599.0,8985.0,Bengaluru,,#1475
2026-03-16,Oversized Cotton Tee,16,349.0,5584.0,Bengaluru,,#1475
2026-03-16,Linen Blend Casual Shirt,14,999.0,13986.0,Bengaluru,,#1475
2026-03-16,Straight Fit Denim Jeans,3,1499.0,4497.0,Chennai,,#1474
2026-03-16,Straight Fit Denim Jeans,11,1499.0,16489.0,Mumbai,,#1479
2026-03-16,Rayon Crop Top,8,399.0,3192.0,Chennai,,#1474
2026-03-16,Pique Polo T-Shirt,4,599.0,2396.0,Chennai,,#1474
2026-03-16,Oversized Cotton Tee,15,349.0,5235.0,Chennai,,#1474
2026-03-16,Linen Blend Casual Shirt,10,999.0,9990.0,Chennai,,#1474
2026-03-16,Straight Fit Denim Jeans,12,1499.0,17988.0,Bengaluru,,#1472
2026-03-16,Rayon Crop Top,5,399.0,1995.0,Bengaluru,,#1472
2026-03-16,Printed A-Line Kurti,15,799.0,11985.0,Bengaluru,,#1472
2026-03-16,Pique Polo T-Shirt,15,599.0,8985.0,Bengaluru,,#1472
2026-03-16,Oversized Cotton Tee,16,349.0,5584.0,Bengaluru,,#1472
2026-03-16,Linen Blend Casual Shirt,14,999.0,13986.0,Bengaluru,,#1472
2026-03-16,Linen Blend Casual Shirt,13,999.0,12987.0,Delhi,,#1477
2026-03-16,Oversized Cotton Tee,11,349.0,3839.0,Delhi,,#1477
2026-03-16,Printed A-Line Kurti,17,799.0,13583.0,Chennai,,#1474
2026-03-16,Printed A-Line Kurti,17,799.0,13583.0,Delhi,,#1477
2026-03-16,Printed A-Line Kurti,28,799.0,22372.0,Mumbai,,#1479
2026-03-16,Pique Polo T-Shirt,15,599.0,8985.0,Mumbai,,#1479
2026-03-16,Oversized Cotton Tee,14,349.0,4886.0,Mumbai,,#1479
2026-03-16,Linen Blend Casual Shirt,15,999.0,14985.0,Mumbai,,#1479
2026-03-16,Straight Fit Denim Jeans,3,1499.0,4497.0,Chennai,,#1478
2026-03-16,Rayon Crop Top,8,399.0,3192.0,Chennai,,#1478
2026-03-16,Printed A-Line Kurti,17,799.0,13583.0,Chennai,,#1478
2026-03-16,Pique Polo T-Shirt,4,599.0,2396.0,Chennai,,#1478
2026-03-16,Pique Polo T-Shirt,7,599.0,4193.0,Delhi,,#1477
2026-03-16,Linen Blend Casual Shirt,10,999.0,9990.0,Chennai,,#1478
2026-03-16,Straight Fit Denim Jeans,8,1499.0,11992.0,Delhi,,#1477
2026-03-16,Oversized Cotton Tee,15,349.0,5235.0,Chennai,,#1478
2026-03-16,Rayon Crop Top,16,399.0,6384.0,Delhi,,#1477
2026-03-17,Straight Fit Denim Jeans,10,1499.0,14990.0,Bengaluru,,#1485
2026-03-17,Oversized Cotton Tee,9,349.0,3141.0,Bengaluru,,#1485
2026-03-17,Linen Blend Casual Shirt,6,999.0,5994.0,Bengaluru,,#1485
2026-03-17,Straight Fit Denim Jeans,8,1499.0,11992.0,Chennai,,#1484
2026-03-17,Rayon Crop Top,11,399.0,4389.0,Chennai,,#1484
2026-03-17,Linen Blend Casual Shirt,7,999.0,6993.0,Mumbai,,#1492
2026-03-17,Oversized Cotton Tee,13,349.0,4537.0,Mumbai,,#1492
2026-03-17,Rayon Crop Top,15,399.0,5985.0,Bengaluru,,#1485
2026-03-17,Printed A-Line Kurti,13,799.0,10387.0,Mumbai,,#1492
2026-03-17,Rayon Crop Top,8,399.0,3192.0,Mumbai,,#1492
2026-03-17,Straight Fit Denim Jeans,13,1499.0,19487.0,Mumbai,,#1492
2026-03-17,Printed A-Line Kurti,17,799.0,13583.0,Chennai,,#1484
2026-03-17,Pique Polo T-Shirt,6,599.0,3594.0,Chennai,,#1484
2026-03-17,Oversized Cotton Tee,11,349.0,3839.0,Chennai,,#1484
2026-03-17,Linen Blend Casual Shirt,5,999.0,4995.0,Chennai,,#1484
2026-03-17,Linen Blend Casual Shirt,9,999.0,8991.0,Delhi,,#1497
2026-03-17,Oversized Cotton Tee,7,349.0,2443.0,Delhi,,#1497
2026-03-17,Pique Polo T-Shirt,10,599.0,5990.0,Delhi,,#1497
2026-03-17,Printed A-Line Kurti,12,799.0,9588.0,Delhi,,#1497
2026-03-17,Rayon Crop Top,8,399.0,3192.0,Delhi,,#1497
2026-03-17,Straight Fit Denim Jeans,10,1499.0,14990.0,Delhi,,#1497
2026-03-17,Linen Blend Casual Shirt,7,999.0,6993.0,Mumbai,,#1498
2026-03-17,Oversized Cotton Tee,13,349.0,4537.0,Mumbai,,#1498
2026-03-17,Pique Polo T-Shirt,11,599.0,6589.0,Mumbai,,#1498
2026-03-17,Printed A-Line Kurti,13,799.0,10387.0,Mumbai,,#1498
2026-03-17,Rayon Crop Top,8,399.0,3192.0,Mumbai,,#1498
2026-03-17,Straight Fit Denim Jeans,13,1499.0,19487.0,Mumbai,,#1498
2026-03-17,Pique Polo T-Shirt,6,599.0,3594.0,Bengaluru,,#1485
2026-03-17,Straight Fit Denim Jeans,13,1499.0,19487.0,Mumbai,,#1490
2026-03-17,Pique Polo T-Shirt,11,599.0,6589.0,Mumbai,,#1492
2026-03-17,Printed A-Line Kurti,13,799.0,10387.0,Mumbai,,#1490
2026-03-17,Oversized Cotton Tee,7,349.0,2443.0,Delhi,,#1488
2026-03-17,Linen Blend Casual Shirt,9,999.0,8991.0,Delhi,,#1488
2026-03-17,Rayon Crop Top,8,399.0,3192.0,Mumbai,,#1490
2026-03-17,Straight Fit Denim Jeans,8,1499.0,11992.0,Chennai,,#1487
2026-03-17,Rayon Crop Top,11,399.0,4389.0,Chennai,,#1487
2026-03-17,Printed A-Line Kurti,17,799.0,13583.0,Chennai,,#1487
2026-03-17,Pique Polo T-Shirt,6,599.0,3594.0,Chennai,,#1487
2026-03-17,Oversized Cotton Tee,11,349.0,3839.0,Chennai,,#1487
2026-03-17,Linen Blend Casual Shirt,5,999.0,4995.0,Chennai,,#1487
2026-03-17,Oversized Cotton Tee,9,349.0,3141.0,Bengaluru,,#1482
2026-03-17,Pique Polo T-Shirt,6,599.0,3594.0,Bengaluru,,#1482
2026-03-17,Printed A-Line Kurti,22,799.0,17578.0,Bengaluru,,#1482
2026-03-17,Rayon Crop Top,15,399.0,5985.0,Bengaluru,,#1482
2026-03-17,Straight Fit Denim Jeans,10,1499.0,14990.0,Bengaluru,,#1482
2026-03-17,Printed A-Line Kurti,22,799.0,17578.0,Bengaluru,,#1485
2026-03-17,Pique Polo T-Shirt,10,599.0,5990.0,Delhi,,#1488
2026-03-17,Printed A-Line Kurti,12,799.0,9588.0,Delhi,,#1488
2026-03-17,Printed A-Line Kurti,12,799.0,9588.0,Delhi,,#1489
2026-03-17,Pique Polo T-Shirt,11,599.0,6589.0,Mumbai,,#1490
2026-03-17,Oversized Cotton Tee,13,349.0,4537.0,Mumbai,,#1490
2026-03-17,Linen Blend Casual Shirt,7,999.0,6993.0,Mumbai,,#1490
2026-03-17,Straight Fit Denim Jeans,10,1499.0,14990.0,Delhi,,#1489
2026-03-17,Rayon Crop Top,8,399.0,3192.0,Delhi,,#1489
2026-03-17,Linen Blend Casual Shirt,6,999.0,5994.0,Bengaluru,,#1482
2026-03-17,Pique Polo T-Shirt,10,599.0,5990.0,Delhi,,#1489
2026-03-17,Oversized Cotton Tee,7,349.0,2443.0,Delhi,,#1489
2026-03-17,Linen Blend Casual Shirt,9,999.0,8991.0,Delhi,,#1489
2026-03-17,Straight Fit Denim Jeans,10,1499.0,14990.0,Delhi,,#1488
2026-03-17,Rayon Crop Top,8,399.0,3192.0,Delhi,,#1488
2026-03-18,Linen Blend Casual Shirt,10,999.0,9990.0,Mumbai,,#1502
2026-03-18,Linen Blend Casual Shirt,6,999.0,5994.0,Chennai,,#1500
2026-03-18,Rayon Crop Top,7,399.0,2793.0,Bengaluru,,#1499
2026-03-18,Rayon Crop Top,6,399.0,2394.0,Mumbai,,#1502
2026-03-18,Oversized Cotton Tee,7,349.0,2443.0,Chennai,,#1500
2026-03-18,Printed A-Line Kurti,13,799.0,10387.0,Chennai,,#1500
2026-03-18,Rayon Crop Top,10,399.0,3990.0,Chennai,,#1500
2026-03-18,Straight Fit Denim Jeans,7,1499.0,10493.0,Chennai,,#1500
2026-03-18,Linen Blend Casual Shirt,3,999.0,2997.0,Delhi,,#1501
2026-03-18,Oversized Cotton Tee,9,349.0,3141.0,Delhi,,#1501
2026-03-18,Pique Polo T-Shirt,3,599.0,1797.0,Delhi,,#1501
2026-03-18,Printed A-Line Kurti,14,799.0,11186.0,Delhi,,#1501
2026-03-18,Printed A-Line Kurti,13,799.0,10387.0,Mumbai,,#1502
2026-03-18,Straight Fit Denim Jeans,11,1499.0,16489.0,Delhi,,#1501
2026-03-18,Straight Fit Denim Jeans,5,1499.0,7495.0,Mumbai,,#1502
2026-03-18,Pique Polo T-Shirt,10,599.0,5990.0,Mumbai,,#1502
2026-03-18,Oversized Cotton Tee,11,349.0,3839.0,Mumbai,,#1502
2026-03-18,Pique Polo T-Shirt,3,599.0,1797.0,Chennai,,#1500
2026-03-18,Rayon Crop Top,9,399.0,3591.0,Delhi,,#1501
2026-03-18,Printed A-Line Kurti,9,799.0,7191.0,Bengaluru,,#1499
2026-03-18,Oversized Cotton Tee,9,349.0,3141.0,Bengaluru,,#1499
2026-03-18,Pique Polo T-Shirt,7,599.0,4193.0,Bengaluru,,#1499
2026-03-18,Linen Blend Casual Shirt,9,999.0,8991.0,Bengaluru,,#1493
2026-03-18,Oversized Cotton Tee,9,349.0,3141.0,Bengaluru,,#1493
2026-03-18,Pique Polo T-Shirt,7,599.0,4193.0,Bengaluru,,#1493
2026-03-18,Rayon Crop Top,7,399.0,2793.0,Bengaluru,,#1493
2026-03-18,Linen Blend Casual Shirt,6,999.0,5994.0,Chennai,,#1495
2026-03-18,Oversized Cotton Tee,7,349.0,2443.0,Chennai,,#1495
2026-03-18,Pique Polo T-Shirt,3,599.0,1797.0,Chennai,,#1495
2026-03-18,Printed A-Line Kurti,9,799.0,7191.0,Bengaluru,,#1493
2026-03-18,Rayon Crop Top,10,399.0,3990.0,Chennai,,#1495
2026-03-18,Straight Fit Denim Jeans,7,1499.0,10493.0,Chennai,,#1495
2026-03-18,Linen Blend Casual Shirt,9,999.0,8991.0,Bengaluru,,#1496
2026-03-18,Oversized Cotton Tee,9,349.0,3141.0,Bengaluru,,#1496
2026-03-18,Pique Polo T-Shirt,7,599.0,4193.0,Bengaluru,,#1496
2026-03-18,Printed A-Line Kurti,9,799.0,7191.0,Bengaluru,,#1496
2026-03-18,Rayon Crop Top,7,399.0,2793.0,Bengaluru,,#1496
2026-03-18,Linen Blend Casual Shirt,9,999.0,8991.0,Bengaluru,,#1499
2026-03-18,Printed A-Line Kurti,13,799.0,10387.0,Chennai,,#1495
2026-03-19,Pique Polo T-Shirt,5,599.0,2995.0,Delhi,,#1505
2026-03-19,Printed A-Line Kurti,14,799.0,11186.0,Delhi,,#1505
2026-03-19,Rayon Crop Top,6,399.0,2394.0,Delhi,,#1505
2026-03-19,Straight Fit Denim Jeans,9,1499.0,13491.0,Delhi,,#1505
2026-03-19,Straight Fit Denim Jeans,7,1499.0,10493.0,Mumbai,,#1506
2026-03-19,Oversized Cotton Tee,11,349.0,3839.0,Mumbai,,#1506
2026-03-19,Printed A-Line Kurti,14,799.0,11186.0,Mumbai,,#1506
2026-03-19,Rayon Crop Top,19,399.0,7581.0,Mumbai,,#1506
2026-03-19,Oversized Cotton Tee,9,349.0,3141.0,Delhi,,#1505
2026-03-19,Linen Blend Casual Shirt,9,999.0,8991.0,Mumbai,,#1506
2026-03-19,Linen Blend Casual Shirt,9,999.0,8991.0,Delhi,,#1505
2026-03-19,Pique Polo T-Shirt,9,599.0,5391.0,Mumbai,,#1506
2026-03-19,Rayon Crop Top,12,399.0,4788.0,Chennai,,#1504
2026-03-19,Oversized Cotton Tee,8,349.0,2792.0,Bengaluru,,#1503
2026-03-19,Pique Polo T-Shirt,1,599.0,599.0,Bengaluru,,#1503
2026-03-19,Printed A-Line Kurti,13,799.0,10387.0,Bengaluru,,#1503
2026-03-19,Rayon Crop Top,7,399.0,2793.0,Bengaluru,,#1503
2026-03-19,Linen Blend Casual Shirt,9,999.0,8991.0,Bengaluru,,#1503
2026-03-19,Linen Blend Casual Shirt,7,999.0,6993.0,Chennai,,#1504
2026-03-19,Straight Fit Denim Jeans,14,1499.0,20986.0,Bengaluru,,#1503
2026-03-19,Printed A-Line Kurti,12,799.0,9588.0,Chennai,,#1504
2026-03-19,Straight Fit Denim Jeans,7,1499.0,10493.0,Chennai,,#1504
2026-03-19,Oversized Cotton Tee,3,349.0,1047.0,Chennai,,#1504
2026-03-19,Pique Polo T-Shirt,9,599.0,5391.0,Chennai,,#1504
2026-03-20,Straight Fit Denim Jeans,7,1499.0,10493.0,Mumbai,,#1510
2026-03-20,Linen Blend Casual Shirt,7,999.0,6993.0,Delhi,,#1509
2026-03-20,Rayon Crop Top,19,399.0,7581.0,Mumbai,,#1510
2026-03-20,Printed A-Line Kurti,16,799.0,12784.0,Mumbai,,#1510
2026-03-20,Oversized Cotton Tee,13,349.0,4537.0,Mumbai,,#1510
2026-03-20,Linen Blend Casual Shirt,9,999.0,8991.0,Mumbai,,#1510
2026-03-20,Straight Fit Denim Jeans,6,1499.0,8994.0,Delhi,,#1509
2026-03-20,Rayon Crop Top,11,399.0,4389.0,Delhi,,#1509
2026-03-20,Printed A-Line Kurti,19,799.0,15181.0,Delhi,,#1509
2026-03-20,Pique Polo T-Shirt,8,599.0,4792.0,Delhi,,#1509
2026-03-20,Oversized Cotton Tee,12,349.0,4188.0,Delhi,,#1509
2026-03-20,Pique Polo T-Shirt,4,599.0,2396.0,Mumbai,,#1510
2026-03-20,Straight Fit Denim Jeans,3,1499.0,4497.0,Chennai,,#1508
2026-03-20,Printed A-Line Kurti,12,799.0,9588.0,Chennai,,#1508
2026-03-20,Pique Polo T-Shirt,2,599.0,1198.0,Chennai,,#1508
2026-03-20,Oversized Cotton Tee,8,349.0,2792.0,Chennai,,#1508
2026-03-20,Linen Blend Casual Shirt,9,999.0,8991.0,Chennai,,#1508
2026-03-20,Straight Fit Denim Jeans,14,1499.0,20986.0,Bengaluru,,#1507
2026-03-20,Rayon Crop Top,6,399.0,2394.0,Bengaluru,,#1507
2026-03-20,Printed A-Line Kurti,15,799.0,11985.0,Bengaluru,,#1507
2026-03-20,Pique Polo T-Shirt,9,599.0,5391.0,Bengaluru,,#1507
2026-03-20,Oversized Cotton Tee,14,349.0,4886.0,Bengaluru,,#1507
2026-03-20,Linen Blend Casual Shirt,13,999.0,12987.0,Bengaluru,,#1507
2026-03-20,Rayon Crop Top,7,399.0,2793.0,Chennai,,#1508
2026-03-21,Pique Polo T-Shirt,9,599.0,5391.0,Delhi,,#1513
2026-03-21,Printed A-Line Kurti,14,799.0,11186.0,Delhi,,#1513
2026-03-21,Rayon Crop Top,13,399.0,5187.0,Delhi,,#1513
2026-03-21,Straight Fit Denim Jeans,5,1499.0,7495.0,Delhi,,#1513
2026-03-21,Linen Blend Casual Shirt,13,999.0,12987.0,Mumbai,,#1514
2026-03-21,Straight Fit Denim Jeans,3,1499.0,4497.0,Mumbai,,#1514
2026-03-21,Pique Polo T-Shirt,5,599.0,2995.0,Mumbai,,#1514
2026-03-21,Printed A-Line Kurti,25,799.0,19975.0,Mumbai,,#1514
2026-03-21,Rayon Crop Top,11,399.0,4389.0,Mumbai,,#1514
2026-03-21,Oversized Cotton Tee,8,349.0,2792.0,Delhi,,#1513
2026-03-21,Oversized Cotton Tee,15,349.0,5235.0,Mumbai,,#1514
2026-03-21,Linen Blend Casual Shirt,7,999.0,6993.0,Delhi,,#1513
2026-03-21,Pique Polo T-Shirt,8,599.0,4792.0,Chennai,,#1512
2026-03-21,Rayon Crop Top,8,399.0,3192.0,Chennai,,#1512
2026-03-21,Oversized Cotton Tee,9,349.0,3141.0,Bengaluru,,#1511
2026-03-21,Pique Polo T-Shirt,6,599.0,3594.0,Bengaluru,,#1511
2026-03-21,Printed A-Line Kurti,8,799.0,6392.0,Bengaluru,,#1511
2026-03-21,Rayon Crop Top,12,399.0,4788.0,Bengaluru,,#1511
2026-03-21,Linen Blend Casual Shirt,12,999.0,11988.0,Bengaluru,,#1511
2026-03-21,Linen Blend Casual Shirt,9,999.0,8991.0,Chennai,,#1512
2026-03-21,Oversized Cotton Tee,3,349.0,1047.0,Chennai,,#1512
2026-03-21,Straight Fit Denim Jeans,8,1499.0,11992.0,Chennai,,#1512
2026-03-21,Printed A-Line Kurti,10,799.0,7990.0,Chennai,,#1512
2026-03-21,Straight Fit Denim Jeans,5,1499.0,7495.0,Bengaluru,,#1511
2026-03-22,Pique Polo T-Shirt,5,599.0,2995.0,Delhi,,#1517
2026-03-22,Straight Fit Denim Jeans,6,1499.0,8994.0,Mumbai,,#1518
2026-03-22,Rayon Crop Top,14,399.0,5586.0,Mumbai,,#1518
2026-03-22,Printed A-Line Kurti,18,799.0,14382.0,Mumbai,,#1518
2026-03-22,Pique Polo T-Shirt,10,599.0,5990.0,Mumbai,,#1518
2026-03-22,Oversized Cotton Tee,13,349.0,4537.0,Mumbai,,#1518
2026-03-22,Linen Blend Casual Shirt,15,999.0,14985.0,Mumbai,,#1518
2026-03-22,Straight Fit Denim Jeans,8,1499.0,11992.0,Delhi,,#1517
2026-03-22,Rayon Crop Top,7,399.0,2793.0,Delhi,,#1517
2026-03-22,Printed A-Line Kurti,17,799.0,13583.0,Delhi,,#1517
2026-03-22,Oversized Cotton Tee,10,349.0,3490.0,Delhi,,#1517
2026-03-22,Linen Blend Casual Shirt,9,999.0,8991.0,Delhi,,#1517
2026-03-22,Linen Blend Casual Shirt,13,999.0,12987.0,Bengaluru,,#1515
2026-03-22,Straight Fit Denim Jeans,1,1499.0,1499.0,Chennai,,#1516
2026-03-22,Oversized Cotton Tee,9,349.0,3141.0,Bengaluru,,#1515
2026-03-22,Pique Polo T-Shirt,7,599.0,4193.0,Bengaluru,,#1515
2026-03-22,Rayon Crop Top,12,399.0,4788.0,Bengaluru,,#1515
2026-03-22,Straight Fit Denim Jeans,6,1499.0,8994.0,Bengaluru,,#1515
2026-03-22,Printed A-Line Kurti,9,799.0,7191.0,Bengaluru,,#1515
2026-03-22,Oversized Cotton Tee,11,349.0,3839.0,Chennai,,#1516
2026-03-22,Pique Polo T-Shirt,5,599.0,2995.0,Chennai,,#1516
2026-03-22,Printed A-Line Kurti,10,799.0,7990.0,Chennai,,#1516
2026-03-22,Rayon Crop Top,5,399.0,1995.0,Chennai,,#1516
2026-03-22,Linen Blend Casual Shirt,9,999.0,8991.0,Chennai,,#1516
2026-03-23,Straight Fit Denim Jeans,6,1499.0,8994.0,Delhi,,#1521
2026-03-23,Pique Polo T-Shirt,9,599.0,5391.0,Delhi,,#1521
2026-03-23,Printed A-Line Kurti,25,799.0,19975.0,Delhi,,#1521
2026-03-23,Rayon Crop Top,16,399.0,6384.0,Delhi,,#1521
2026-03-23,Linen Blend Casual Shirt,12,999.0,11988.0,Mumbai,,#1522
2026-03-23,Oversized Cotton Tee,14,349.0,4886.0,Delhi,,#1521
2026-03-23,Pique Polo T-Shirt,14,599.0,8386.0,Mumbai,,#1522
2026-03-23,Printed A-Line Kurti,12,799.0,9588.0,Mumbai,,#1522
2026-03-23,Rayon Crop Top,11,399.0,4389.0,Mumbai,,#1522
2026-03-23,Straight Fit Denim Jeans,10,1499.0,14990.0,Mumbai,,#1522
2026-03-23,Oversized Cotton Tee,9,349.0,3141.0,Mumbai,,#1522
2026-03-23,Linen Blend Casual Shirt,10,999.0,9990.0,Delhi,,#1521
2026-03-23,Linen Blend Casual Shirt,8,999.0,7992.0,Bengaluru,,#1519
2026-03-23,Rayon Crop Top,15,399.0,5985.0,Chennai,,#1520
2026-03-23,Printed A-Line Kurti,12,799.0,9588.0,Chennai,,#1520
2026-03-23,Pique Polo T-Shirt,14,599.0,8386.0,Chennai,,#1520
2026-03-23,Oversized Cotton Tee,12,349.0,4188.0,Chennai,,#1520
2026-03-23,Linen Blend Casual Shirt,7,999.0,6993.0,Chennai,,#1520
2026-03-23,Straight Fit Denim Jeans,9,1499.0,13491.0,Bengaluru,,#1519
2026-03-23,Rayon Crop Top,14,399.0,5586.0,Bengaluru,,#1519
2026-03-23,Printed A-Line Kurti,16,799.0,12784.0,Bengaluru,,#1519
2026-03-23,Pique Polo T-Shirt,7,599.0,4193.0,Bengaluru,,#1519
2026-03-23,Oversized Cotton Tee,9,349.0,3141.0,Bengaluru,,#1519
2026-03-23,Straight Fit Denim Jeans,11,1499.0,16489.0,Chennai,,#1520
2026-03-24,Pique Polo T-Shirt,13,599.0,7787.0,Delhi,,#1525
2026-03-24,Straight Fit Denim Jeans,12,1499.0,17988.0,Mumbai,,#1526
2026-03-24,Printed A-Line Kurti,18,799.0,14382.0,Delhi,,#1525
2026-03-24,Rayon Crop Top,16,399.0,6384.0,Delhi,,#1525
2026-03-24,Straight Fit Denim Jeans,10,1499.0,14990.0,Delhi,,#1525
2026-03-24,Rayon Crop Top,7,399.0,2793.0,Mumbai,,#1526
2026-03-24,Oversized Cotton Tee,21,349.0,7329.0,Mumbai,,#1526
2026-03-24,Pique Polo T-Shirt,9,599.0,5391.0,Mumbai,,#1526
2026-03-24,Printed A-Line Kurti,17,799.0,13583.0,Mumbai,,#1526
2026-03-24,Oversized Cotton Tee,11,349.0,3839.0,Delhi,,#1525
2026-03-24,Linen Blend Casual Shirt,20,999.0,19980.0,Mumbai,,#1526
2026-03-24,Linen Blend Casual Shirt,15,999.0,14985.0,Delhi,,#1525
2026-03-24,Pique Polo T-Shirt,7,599.0,4193.0,Chennai,,#1524
2026-03-24,Rayon Crop Top,10,399.0,3990.0,Chennai,,#1524
2026-03-24,Linen Blend Casual Shirt,5,999.0,4995.0,Bengaluru,,#1523
2026-03-24,Oversized Cotton Tee,10,349.0,3490.0,Bengaluru,,#1523
2026-03-24,Pique Polo T-Shirt,6,599.0,3594.0,Bengaluru,,#1523
2026-03-24,Printed A-Line Kurti,25,799.0,19975.0,Bengaluru,,#1523
2026-03-24,Straight Fit Denim Jeans,9,1499.0,13491.0,Chennai,,#1524
2026-03-24,Straight Fit Denim Jeans,8,1499.0,11992.0,Bengaluru,,#1523
2026-03-24,Linen Blend Casual Shirt,12,999.0,11988.0,Chennai,,#1524
2026-03-24,Oversized Cotton Tee,6,349.0,2094.0,Chennai,,#1524
2026-03-24,Printed A-Line Kurti,16,799.0,12784.0,Chennai,,#1524
2026-03-24,Rayon Crop Top,13,399.0,5187.0,Bengaluru,,#1523
2026-03-25,Rayon Crop Top,8,399.0,3192.0,Mumbai,,#1530
2026-03-25,Printed A-Line Kurti,19,799.0,15181.0,Mumbai,,#1530
2026-03-25,Pique Polo T-Shirt,5,599.0,2995.0,Mumbai,,#1530
2026-03-25,Oversized Cotton Tee,11,349.0,3839.0,Mumbai,,#1530
2026-03-25,Linen Blend Casual Shirt,7,999.0,6993.0,Mumbai,,#1530
2026-03-25,Straight Fit Denim Jeans,8,1499.0,11992.0,Delhi,,#1529
2026-03-25,Rayon Crop Top,11,399.0,4389.0,Delhi,,#1529
2026-03-25,Printed A-Line Kurti,15,799.0,11985.0,Delhi,,#1529
2026-03-25,Pique Polo T-Shirt,9,599.0,5391.0,Delhi,,#1529
2026-03-25,Oversized Cotton Tee,4,349.0,1396.0,Delhi,,#1529
2026-03-25,Linen Blend Casual Shirt,8,999.0,7992.0,Delhi,,#1529
2026-03-25,Straight Fit Denim Jeans,4,1499.0,5996.0,Mumbai,,#1530
2026-03-25,Rayon Crop Top,10,399.0,3990.0,Chennai,,#1528
2026-03-25,Linen Blend Casual Shirt,3,999.0,2997.0,Bengaluru,,#1527
2026-03-25,Oversized Cotton Tee,5,349.0,1745.0,Bengaluru,,#1527
2026-03-25,Pique Polo T-Shirt,3,599.0,1797.0,Bengaluru,,#1527
2026-03-25,Printed A-Line Kurti,5,799.0,3995.0,Bengaluru,,#1527
2026-03-25,Rayon Crop Top,7,399.0,2793.0,Bengaluru,,#1527
2026-03-25,Straight Fit Denim Jeans,9,1499.0,13491.0,Chennai,,#1528
2026-03-25,Linen Blend Casual Shirt,9,999.0,8991.0,Chennai,,#1528
2026-03-25,Oversized Cotton Tee,7,349.0,2443.0,Chennai,,#1528
2026-03-25,Pique Polo T-Shirt,1,599.0,599.0,Chennai,,#1528
2026-03-25,Printed A-Line Kurti,3,799.0,2397.0,Chennai,,#1528
2026-03-25,Straight Fit Denim Jeans,6,1499.0,8994.0,Bengaluru,,#1527
2026-03-26,Oversized Cotton Tee,10,349.0,3490.0,Delhi,,#1533
2026-03-26,Pique Polo T-Shirt,4,599.0,2396.0,Delhi,,#1533
2026-03-26,Printed A-Line Kurti,14,799.0,11186.0,Delhi,,#1533
2026-03-26,Rayon Crop Top,6,399.0,2394.0,Delhi,,#1533
2026-03-26,Straight Fit Denim Jeans,9,1499.0,13491.0,Delhi,,#1533
2026-03-26,Oversized Cotton Tee,6,349.0,2094.0,Mumbai,,#1534
2026-03-26,Pique Polo T-Shirt,8,599.0,4792.0,Mumbai,,#1534
2026-03-26,Printed A-Line Kurti,12,799.0,9588.0,Mumbai,,#1534
2026-03-26,Rayon Crop Top,10,399.0,3990.0,Mumbai,,#1534
2026-03-26,Linen Blend Casual Shirt,6,999.0,5994.0,Delhi,,#1533
2026-03-26,Linen Blend Casual Shirt,10,999.0,9990.0,Mumbai,,#1534
2026-03-26,Straight Fit Denim Jeans,5,1499.0,7495.0,Mumbai,,#1534
2026-03-26,Straight Fit Denim Jeans,4,1499.0,5996.0,Chennai,,#1532
2026-03-26,Printed A-Line Kurti,8,799.0,6392.0,Chennai,,#1532
2026-03-26,Rayon Crop Top,7,399.0,2793.0,Chennai,,#1532
2026-03-26,Linen Blend Casual Shirt,9,999.0,8991.0,Bengaluru,,#1531
2026-03-26,Oversized Cotton Tee,8,349.0,2792.0,Bengaluru,,#1531
2026-03-26,Printed A-Line Kurti,6,799.0,4794.0,Bengaluru,,#1531
2026-03-26,Pique Polo T-Shirt,3,599.0,1797.0,Bengaluru,,#1531
2026-03-26,Straight Fit Denim Jeans,3,1499.0,4497.0,Bengaluru,,#1531
2026-03-26,Linen Blend Casual Shirt,1,999.0,999.0,Chennai,,#1532
2026-03-26,Oversized Cotton Tee,8,349.0,2792.0,Chennai,,#1532
2026-03-26,Pique Polo T-Shirt,7,599.0,4193.0,Chennai,,#1532
2026-03-26,Rayon Crop Top,11,399.0,4389.0,Bengaluru,,#1531
2026-03-27,Straight Fit Denim Jeans,6,1499.0,8994.0,Mumbai,,#1538
2026-03-27,Rayon Crop Top,11,399.0,4389.0,Mumbai,,#1538
2026-03-27,Printed A-Line Kurti,7,799.0,5593.0,Mumbai,,#1538
2026-03-27,Pique Polo T-Shirt,7,599.0,4193.0,Mumbai,,#1538
2026-03-27,Oversized Cotton Tee,9,349.0,3141.0,Mumbai,,#1538
2026-03-27,Linen Blend Casual Shirt,7,999.0,6993.0,Mumbai,,#1538
2026-03-27,Straight Fit Denim Jeans,6,1499.0,8994.0,Delhi,,#1537
2026-03-27,Rayon Crop Top,12,399.0,4788.0,Delhi,,#1537
2026-03-27,Printed A-Line Kurti,5,799.0,3995.0,Delhi,,#1537
2026-03-27,Pique Polo T-Shirt,5,599.0,2995.0,Delhi,,#1537
2026-03-27,Oversized Cotton Tee,8,349.0,2792.0,Delhi,,#1537
2026-03-27,Linen Blend Casual Shirt,5,999.0,4995.0,Delhi,,#1537
2026-03-27,Rayon Crop Top,5,399.0,1995.0,Chennai,,#1536
2026-03-27,Linen Blend Casual Shirt,1,999.0,999.0,Bengaluru,,#1535
2026-03-27,Oversized Cotton Tee,9,349.0,3141.0,Bengaluru,,#1535
2026-03-27,Pique Polo T-Shirt,4,599.0,2396.0,Bengaluru,,#1535
2026-03-27,Printed A-Line Kurti,10,799.0,7990.0,Bengaluru,,#1535
2026-03-27,Rayon Crop Top,4,399.0,1596.0,Bengaluru,,#1535
2026-03-27,Straight Fit Denim Jeans,7,1499.0,10493.0,Chennai,,#1536
2026-03-27,Linen Blend Casual Shirt,7,999.0,6993.0,Chennai,,#1536
2026-03-27,Oversized Cotton Tee,7,349.0,2443.0,Chennai,,#1536
2026-03-27,Pique Polo T-Shirt,6,599.0,3594.0,Chennai,,#1536
2026-03-27,Printed A-Line Kurti,7,799.0,5593.0,Chennai,,#1536
2026-03-27,Straight Fit Denim Jeans,7,1499.0,10493.0,Bengaluru,,#1535
2026-03-28,Oversized Cotton Tee,10,349.0,3490.0,Delhi,,#1541
2026-03-28,Rayon Crop Top,12,399.0,4788.0,Mumbai,,#1542
2026-03-28,Printed A-Line Kurti,6,799.0,4794.0,Mumbai,,#1542
2026-03-28,Pique Polo T-Shirt,12,599.0,7188.0,Mumbai,,#1542
2026-03-28,Oversized Cotton Tee,5,349.0,1745.0,Mumbai,,#1542
2026-03-28,Linen Blend Casual Shirt,10,999.0,9990.0,Mumbai,,#1542
2026-03-28,Straight Fit Denim Jeans,10,1499.0,14990.0,Delhi,,#1541
2026-03-28,Rayon Crop Top,6,399.0,2394.0,Delhi,,#1541
2026-03-28,Printed A-Line Kurti,5,799.0,3995.0,Delhi,,#1541
2026-03-28,Pique Polo T-Shirt,7,599.0,4193.0,Delhi,,#1541
2026-03-28,Linen Blend Casual Shirt,13,999.0,12987.0,Delhi,,#1541
2026-03-28,Straight Fit Denim Jeans,6,1499.0,8994.0,Mumbai,,#1542
2026-03-28,Rayon Crop Top,5,399.0,1995.0,Chennai,,#1540
2026-03-28,Linen Blend Casual Shirt,12,999.0,11988.0,Bengaluru,,#1539
2026-03-28,Oversized Cotton Tee,6,349.0,2094.0,Bengaluru,,#1539
2026-03-28,Pique Polo T-Shirt,6,599.0,3594.0,Bengaluru,,#1539
2026-03-28,Printed A-Line Kurti,5,799.0,3995.0,Bengaluru,,#1539
2026-03-28,Rayon Crop Top,7,399.0,2793.0,Bengaluru,,#1539
2026-03-28,Straight Fit Denim Jeans,8,1499.0,11992.0,Chennai,,#1540
2026-03-28,Linen Blend Casual Shirt,4,999.0,3996.0,Chennai,,#1540
2026-03-28,Oversized Cotton Tee,5,349.0,1745.0,Chennai,,#1540
2026-03-28,Pique Polo T-Shirt,3,599.0,1797.0,Chennai,,#1540
2026-03-28,Printed A-Line Kurti,7,799.0,5593.0,Chennai,,#1540
2026-03-28,Straight Fit Denim Jeans,6,1499.0,8994.0,Bengaluru,,#1539
2026-03-29,Oversized Cotton Tee,12,349.0,4188.0,Delhi,,#1545
2026-03-29,Pique Polo T-Shirt,7,599.0,4193.0,Delhi,,#1545
2026-03-29,Printed A-Line Kurti,16,799.0,12784.0,Delhi,,#1545
2026-03-29,Rayon Crop Top,8,399.0,3192.0,Delhi,,#1545
2026-03-29,Straight Fit Denim Jeans,5,1499.0,7495.0,Delhi,,#1545
2026-03-29,Oversized Cotton Tee,8,349.0,2792.0,Mumbai,,#1546
2026-03-29,Pique Polo T-Shirt,5,599.0,2995.0,Mumbai,,#1546
2026-03-29,Printed A-Line Kurti,4,799.0,3196.0,Mumbai,,#1546
2026-03-29,Rayon Crop Top,7,399.0,2793.0,Mumbai,,#1546
2026-03-29,Linen Blend Casual Shirt,8,999.0,7992.0,Delhi,,#1545
2026-03-29,Linen Blend Casual Shirt,7,999.0,6993.0,Mumbai,,#1546
2026-03-29,Straight Fit Denim Jeans,12,1499.0,17988.0,Mumbai,,#1546
2026-03-29,Straight Fit Denim Jeans,11,1499.0,16489.0,Chennai,,#1544
2026-03-29,Printed A-Line Kurti,4,799.0,3196.0,Chennai,,#1544
2026-03-29,Pique Polo T-Shirt,6,599.0,3594.0,Chennai,,#1544
2026-03-29,Oversized Cotton Tee,8,349.0,2792.0,Chennai,,#1544
2026-03-29,Linen Blend Casual Shirt,5,999.0,4995.0,Chennai,,#1544
2026-03-29,Straight Fit Denim Jeans,9,1499.0,13491.0,Bengaluru,,#1543
2026-03-29,Rayon Crop Top,10,399.0,3990.0,Bengaluru,,#1543
2026-03-29,Printed A-Line Kurti,8,799.0,6392.0,Bengaluru,,#1543
2026-03-29,Pique Polo T-Shirt,6,599.0,3594.0,Bengaluru,,#1543
2026-03-29,Oversized Cotton Tee,6,349.0,2094.0,Bengaluru,,#1543
2026-03-29,Linen Blend Casual Shirt,5,999.0,4995.0,Bengaluru,,#1543
2026-03-29,Rayon Crop Top,9,399.0,3591.0,Chennai,,#1544
2026-03-30,Pique Polo T-Shirt,8,599.0,4792.0,Delhi,,#1549
2026-03-30,Printed A-Line Kurti,13,799.0,10387.0,Delhi,,#1549
2026-03-30,Rayon Crop Top,12,399.0,4788.0,Delhi,,#1549
2026-03-30,Straight Fit Denim Jeans,9,1499.0,13491.0,Delhi,,#1549
2026-03-30,Linen Blend Casual Shirt,9,999.0,8991.0,Mumbai,,#1550
2026-03-30,Straight Fit Denim Jeans,9,1499.0,13491.0,Mumbai,,#1550
2026-03-30,Pique Polo T-Shirt,8,599.0,4792.0,Mumbai,,#1550
2026-03-30,Printed A-Line Kurti,18,799.0,14382.0,Mumbai,,#1550
2026-03-30,Rayon Crop Top,12,399.0,4788.0,Mumbai,,#1550
2026-03-30,Oversized Cotton Tee,10,349.0,3490.0,Delhi,,#1549
2026-03-30,Oversized Cotton Tee,15,349.0,5235.0,Mumbai,,#1550
2026-03-30,Linen Blend Casual Shirt,13,999.0,12987.0,Delhi,,#1549
2026-03-30,Oversized Cotton Tee,13,349.0,4537.0,Bengaluru,,#1547
2026-03-30,Rayon Crop Top,14,399.0,5586.0,Chennai,,#1548
2026-03-30,Linen Blend Casual Shirt,6,999.0,5994.0,Bengaluru,,#1547
2026-03-30,Pique Polo T-Shirt,6,599.0,3594.0,Bengaluru,,#1547
2026-03-30,Printed A-Line Kurti,13,799.0,10387.0,Bengaluru,,#1547
2026-03-30,Rayon Crop Top,10,399.0,3990.0,Bengaluru,,#1547
2026-03-30,Straight Fit Denim Jeans,3,1499.0,4497.0,Chennai,,#1548
2026-03-30,Linen Blend Casual Shirt,5,999.0,4995.0,Chennai,,#1548
2026-03-30,Oversized Cotton Tee,12,349.0,4188.0,Chennai,,#1548
2026-03-30,Pique Polo T-Shirt,4,599.0,2396.0,Chennai,,#1548
2026-03-30,Straight Fit Denim Jeans,5,1499.0,7495.0,Bengaluru,,#1547
2026-03-30,Printed A-Line Kurti,10,799.0,7990.0,Chennai,,#1548
2026-03-31,Straight Fit Denim Jeans,3,1499.0,4497.0,Mumbai,,#1554
2026-03-31,Rayon Crop Top,9,399.0,3591.0,Mumbai,,#1554
2026-03-31,Printed A-Line Kurti,10,799.0,7990.0,Mumbai,,#1554
2026-03-31,Pique Polo T-Shirt,12,599.0,7188.0,Mumbai,,#1554
2026-03-31,Oversized Cotton Tee,14,349.0,4886.0,Mumbai,,#1554
2026-03-31,Linen Blend Casual Shirt,8,999.0,7992.0,Mumbai,,#1554
2026-03-31,Straight Fit Denim Jeans,7,1499.0,10493.0,Delhi,,#1553
2026-03-31,Rayon Crop Top,15,399.0,5985.0,Delhi,,#1553
2026-03-31,Pique Polo T-Shirt,9,599.0,5391.0,Delhi,,#1553
2026-03-31,Oversized Cotton Tee,16,349.0,5584.0,Delhi,,#1553
2026-03-31,Linen Blend Casual Shirt,13,999.0,12987.0,Delhi,,#1553
2026-03-31,Printed A-Line Kurti,14,799.0,11186.0,Delhi,,#1553
2026-03-31,Rayon Crop Top,12,399.0,4788.0,Chennai,,#1552
2026-03-31,Straight Fit Denim Jeans,9,1499.0,13491.0,Chennai,,#1552
2026-03-31,Oversized Cotton Tee,9,349.0,3141.0,Bengaluru,,#1551
2026-03-31,Pique Polo T-Shirt,8,599.0,4792.0,Bengaluru,,#1551
2026-03-31,Printed A-Line Kurti,11,799.0,8789.0,Bengaluru,,#1551
2026-03-31,Rayon Crop Top,10,399.0,3990.0,Bengaluru,,#1551
2026-03-31,Linen Blend Casual Shirt,8,999.0,7992.0,Bengaluru,,#1551
2026-03-31,Linen Blend Casual Shirt,6,999.0,5994.0,Chennai,,#1552
2026-03-31,Oversized Cotton Tee,12,349.0,4188.0,Chennai,,#1552
2026-03-31,Pique Polo T-Shirt,4,599.0,2396.0,Chennai,,#1552
2026-03-31,Printed A-Line Kurti,11,799.0,8789.0,Chennai,,#1552
2026-03-31,Straight Fit Denim Jeans,6,1499.0,8994.0,Bengaluru,,#1551
2026-04-01,Pique Polo T-Shirt,9,599.0,5391.0,Delhi,,#1557
2026-04-01,Printed A-Line Kurti,12,799.0,9588.0,Delhi,,#1557
2026-04-01,Rayon Crop Top,12,399.0,4788.0,Delhi,,#1557
2026-04-01,Straight Fit Denim Jeans,11,1499.0,16489.0,Delhi,,#1557
2026-04-01,Linen Blend Casual Shirt,11,999.0,10989.0,Mumbai,,#1558
2026-04-01,Pique Polo T-Shirt,10,599.0,5990.0,Mumbai,,#1558
2026-04-01,Printed A-Line Kurti,11,799.0,8789.0,Mumbai,,#1558
2026-04-01,Rayon Crop Top,9,399.0,3591.0,Mumbai,,#1558
2026-04-01,Straight Fit Denim Jeans,5,1499.0,7495.0,Mumbai,,#1558
2026-04-01,Oversized Cotton Tee,15,349.0,5235.0,Delhi,,#1557
2026-04-01,Oversized Cotton Tee,7,349.0,2443.0,Mumbai,,#1558
2026-04-01,Linen Blend Casual Shirt,6,999.0,5994.0,Delhi,,#1557
2026-04-01,Pique Polo T-Shirt,9,599.0,5391.0,Bengaluru,,#1555
2026-04-01,Rayon Crop Top,3,399.0,1197.0,Chennai,,#1556
2026-04-01,Straight Fit Denim Jeans,1,1499.0,1499.0,Chennai,,#1556
2026-04-01,Oversized Cotton Tee,14,349.0,4886.0,Bengaluru,,#1555
2026-04-01,Printed A-Line Kurti,7,799.0,5593.0,Bengaluru,,#1555
2026-04-01,Rayon Crop Top,4,399.0,1596.0,Bengaluru,,#1555
2026-04-01,Linen Blend Casual Shirt,2,999.0,1998.0,Bengaluru,,#1555
2026-04-01,Linen Blend Casual Shirt,10,999.0,9990.0,Chennai,,#1556
2026-04-01,Oversized Cotton Tee,8,349.0,2792.0,Chennai,,#1556
2026-04-01,Pique Polo T-Shirt,9,599.0,5391.0,Chennai,,#1556
2026-04-01,Printed A-Line Kurti,7,799.0,5593.0,Chennai,,#1556
2026-04-01,Straight Fit Denim Jeans,6,1499.0,8994.0,Bengaluru,,#1555
2026-04-02,Oversized Cotton Tee,10,349.0,3490.0,Delhi,,#1561
2026-04-02,Straight Fit Denim Jeans,12,1499.0,17988.0,Mumbai,,#1562
2026-04-02,Rayon Crop Top,8,399.0,3192.0,Mumbai,,#1562
2026-04-02,Printed A-Line Kurti,8,799.0,6392.0,Mumbai,,#1562
2026-04-02,Pique Polo T-Shirt,10,599.0,5990.0,Mumbai,,#1562
2026-04-02,Oversized Cotton Tee,8,349.0,2792.0,Mumbai,,#1562
2026-04-02,Linen Blend Casual Shirt,5,999.0,4995.0,Mumbai,,#1562
2026-04-02,Straight Fit Denim Jeans,5,1499.0,7495.0,Delhi,,#1561
2026-04-02,Rayon Crop Top,8,399.0,3192.0,Delhi,,#1561
2026-04-02,Printed A-Line Kurti,8,799.0,6392.0,Delhi,,#1561
2026-04-02,Linen Blend Casual Shirt,10,999.0,9990.0,Delhi,,#1561
2026-04-02,Pique Polo T-Shirt,4,599.0,2396.0,Delhi,,#1561
2026-04-02,Rayon Crop Top,4,399.0,1596.0,Chennai,,#1560
2026-04-02,Oversized Cotton Tee,11,349.0,3839.0,Bengaluru,,#1559
2026-04-02,Pique Polo T-Shirt,6,599.0,3594.0,Bengaluru,,#1559
2026-04-02,Printed A-Line Kurti,8,799.0,6392.0,Bengaluru,,#1559
2026-04-02,Rayon Crop Top,7,399.0,2793.0,Bengaluru,,#1559
2026-04-02,Straight Fit Denim Jeans,6,1499.0,8994.0,Bengaluru,,#1559
2026-04-02,Linen Blend Casual Shirt,3,999.0,2997.0,Bengaluru,,#1559
2026-04-02,Oversized Cotton Tee,12,349.0,4188.0,Chennai,,#1560
2026-04-02,Pique Polo T-Shirt,6,599.0,3594.0,Chennai,,#1560
2026-04-02,Straight Fit Denim Jeans,8,1499.0,11992.0,Chennai,,#1560
2026-04-02,Printed A-Line Kurti,8,799.0,6392.0,Chennai,,#1560
2026-04-02,Linen Blend Casual Shirt,4,999.0,3996.0,Chennai,,#1560
2026-04-03,Oversized Cotton Tee,8,349.0,2792.0,Delhi,,#1565
2026-04-03,Rayon Crop Top,17,399.0,6783.0,Mumbai,,#1566
2026-04-03,Printed A-Line Kurti,10,799.0,7990.0,Mumbai,,#1566
2026-04-03,Pique Polo T-Shirt,7,599.0,4193.0,Mumbai,,#1566
2026-04-03,Oversized Cotton Tee,9,349.0,3141.0,Mumbai,,#1566
2026-04-03,Linen Blend Casual Shirt,11,999.0,10989.0,Mumbai,,#1566
2026-04-03,Straight Fit Denim Jeans,10,1499.0,14990.0,Delhi,,#1565
2026-04-03,Rayon Crop Top,9,399.0,3591.0,Delhi,,#1565
2026-04-03,Printed A-Line Kurti,7,799.0,5593.0,Delhi,,#1565
2026-04-03,Pique Polo T-Shirt,7,599.0,4193.0,Delhi,,#1565
2026-04-03,Linen Blend Casual Shirt,2,999.0,1998.0,Delhi,,#1565
2026-04-03,Straight Fit Denim Jeans,7,1499.0,10493.0,Mumbai,,#1566
2026-04-03,Rayon Crop Top,9,399.0,3591.0,Chennai,,#1564
2026-04-03,Linen Blend Casual Shirt,11,999.0,10989.0,Bengaluru,,#1563
2026-04-03,Oversized Cotton Tee,8,349.0,2792.0,Bengaluru,,#1563
2026-04-03,Pique Polo T-Shirt,12,599.0,7188.0,Bengaluru,,#1563
2026-04-03,Printed A-Line Kurti,10,799.0,7990.0,Bengaluru,,#1563
2026-04-03,Rayon Crop Top,8,399.0,3192.0,Bengaluru,,#1563
2026-04-03,Straight Fit Denim Jeans,3,1499.0,4497.0,Chennai,,#1564
2026-04-03,Linen Blend Casual Shirt,7,999.0,6993.0,Chennai,,#1564
2026-04-03,Oversized Cotton Tee,10,349.0,3490.0,Chennai,,#1564
2026-04-03,Pique Polo T-Shirt,8,599.0,4792.0,Chennai,,#1564
2026-04-03,Printed A-Line Kurti,6,799.0,4794.0,Chennai,,#1564
2026-04-03,Straight Fit Denim Jeans,5,1499.0,7495.0,Bengaluru,,#1563
2026-04-04,Oversized Cotton Tee,13,349.0,4537.0,Delhi,,#1569
2026-04-04,Pique Polo T-Shirt,11,599.0,6589.0,Delhi,,#1569
2026-04-04,Printed A-Line Kurti,7,799.0,5593.0,Delhi,,#1569
2026-04-04,Rayon Crop Top,13,399.0,5187.0,Delhi,,#1569
2026-04-04,Straight Fit Denim Jeans,5,1499.0,7495.0,Delhi,,#1569
2026-04-04,Oversized Cotton Tee,14,349.0,4886.0,Mumbai,,#1570
2026-04-04,Pique Polo T-Shirt,8,599.0,4792.0,Mumbai,,#1570
2026-04-04,Printed A-Line Kurti,10,799.0,7990.0,Mumbai,,#1570
2026-04-04,Rayon Crop Top,11,399.0,4389.0,Mumbai,,#1570
2026-04-04,Linen Blend Casual Shirt,5,999.0,4995.0,Delhi,,#1569
2026-04-04,Linen Blend Casual Shirt,6,999.0,5994.0,Mumbai,,#1570
2026-04-04,Straight Fit Denim Jeans,21,1499.0,31479.0,Mumbai,,#1570
2026-04-04,Straight Fit Denim Jeans,3,1499.0,4497.0,Chennai,,#1568
2026-04-04,Printed A-Line Kurti,3,799.0,2397.0,Chennai,,#1568
2026-04-04,Pique Polo T-Shirt,1,599.0,599.0,Chennai,,#1568
2026-04-04,Oversized Cotton Tee,6,349.0,2094.0,Chennai,,#1568
2026-04-04,Linen Blend Casual Shirt,8,999.0,7992.0,Chennai,,#1568
2026-04-04,Straight Fit Denim Jeans,10,1499.0,14990.0,Bengaluru,,#1567
2026-04-04,Rayon Crop Top,8,399.0,3192.0,Bengaluru,,#1567
2026-04-04,Printed A-Line Kurti,3,799.0,2397.0,Bengaluru,,#1567
2026-04-04,Pique Polo T-Shirt,6,599.0,3594.0,Bengaluru,,#1567
2026-04-04,Oversized Cotton Tee,12,349.0,4188.0,Bengaluru,,#1567
2026-04-04,Linen Blend Casual Shirt,8,999.0,7992.0,Bengaluru,,#1567
2026-04-04,Rayon Crop Top,9,399.0,3591.0,Chennai,,#1568
2026-04-05,Printed A-Line Kurti,12,799.0,9588.0,Delhi,,#1573
2026-04-05,Rayon Crop Top,13,399.0,5187.0,Delhi,,#1573
2026-04-05,Straight Fit Denim Jeans,8,1499.0,11992.0,Delhi,,#1573
2026-04-05,Linen Blend Casual Shirt,10,999.0,9990.0,Mumbai,,#1574
2026-04-05,Oversized Cotton Tee,7,349.0,2443.0,Delhi,,#1573
2026-04-05,Pique Polo T-Shirt,10,599.0,5990.0,Mumbai,,#1574
2026-04-05,Printed A-Line Kurti,13,799.0,10387.0,Mumbai,,#1574
2026-04-05,Rayon Crop Top,9,399.0,3591.0,Mumbai,,#1574
2026-04-05,Straight Fit Denim Jeans,5,1499.0,7495.0,Mumbai,,#1574
2026-04-05,Oversized Cotton Tee,5,349.0,1745.0,Mumbai,,#1574
2026-04-05,Linen Blend Casual Shirt,7,999.0,6993.0,Delhi,,#1573
2026-04-05,Pique Polo T-Shirt,8,599.0,4792.0,Delhi,,#1573
2026-04-05,Rayon Crop Top,7,399.0,2793.0,Chennai,,#1572
2026-04-05,Linen Blend Casual Shirt,3,999.0,2997.0,Bengaluru,,#1571
2026-04-05,Oversized Cotton Tee,9,349.0,3141.0,Bengaluru,,#1571
2026-04-05,Pique Polo T-Shirt,3,599.0,1797.0,Bengaluru,,#1571
2026-04-05,Printed A-Line Kurti,11,799.0,8789.0,Bengaluru,,#1571
2026-04-05,Rayon Crop Top,9,399.0,3591.0,Bengaluru,,#1571
2026-04-05,Straight Fit Denim Jeans,6,1499.0,8994.0,Chennai,,#1572
2026-04-05,Linen Blend Casual Shirt,8,999.0,7992.0,Chennai,,#1572
2026-04-05,Oversized Cotton Tee,5,349.0,1745.0,Chennai,,#1572
2026-04-05,Pique Polo T-Shirt,7,599.0,4193.0,Chennai,,#1572
2026-04-05,Straight Fit Denim Jeans,8,1499.0,11992.0,Bengaluru,,#1571
2026-04-05,Printed A-Line Kurti,8,799.0,6392.0,Chennai,,#1572
2026-04-06,Rayon Crop Top,15,399.0,5985.0,Mumbai,,#1578
2026-04-06,Printed A-Line Kurti,13,799.0,10387.0,Mumbai,,#1578
2026-04-06,Pique Polo T-Shirt,14,599.0,8386.0,Mumbai,,#1578
2026-04-06,Oversized Cotton Tee,17,349.0,5933.0,Mumbai,,#1578
2026-04-06,Linen Blend Casual Shirt,12,999.0,11988.0,Mumbai,,#1578
2026-04-06,Straight Fit Denim Jeans,14,1499.0,20986.0,Delhi,,#1577
2026-04-06,Rayon Crop Top,13,399.0,5187.0,Delhi,,#1577
2026-04-06,Printed A-Line Kurti,17,799.0,13583.0,Delhi,,#1577
2026-04-06,Pique Polo T-Shirt,10,599.0,5990.0,Delhi,,#1577
2026-04-06,Oversized Cotton Tee,13,349.0,4537.0,Delhi,,#1577
2026-04-06,Linen Blend Casual Shirt,15,999.0,14985.0,Delhi,,#1577
2026-04-06,Straight Fit Denim Jeans,13,1499.0,19487.0,Mumbai,,#1578
2026-04-06,Rayon Crop Top,12,399.0,4788.0,Chennai,,#1576
2026-04-06,Linen Blend Casual Shirt,7,999.0,6993.0,Bengaluru,,#1575
2026-04-06,Oversized Cotton Tee,19,349.0,6631.0,Bengaluru,,#1575
2026-04-06,Pique Polo T-Shirt,7,599.0,4193.0,Bengaluru,,#1575
2026-04-06,Printed A-Line Kurti,13,799.0,10387.0,Bengaluru,,#1575
2026-04-06,Rayon Crop Top,11,399.0,4389.0,Bengaluru,,#1575
2026-04-06,Straight Fit Denim Jeans,9,1499.0,13491.0,Chennai,,#1576
2026-04-06,Linen Blend Casual Shirt,9,999.0,8991.0,Chennai,,#1576
2026-04-06,Oversized Cotton Tee,13,349.0,4537.0,Chennai,,#1576
2026-04-06,Pique Polo T-Shirt,10,599.0,5990.0,Chennai,,#1576
2026-04-06,Printed A-Line Kurti,9,799.0,7191.0,Chennai,,#1576
2026-04-06,Straight Fit Denim Jeans,8,1499.0,11992.0,Bengaluru,,#1575
2026-04-07,Oversized Cotton Tee,22,349.0,7678.0,Delhi,,#1581
2026-04-07,Pique Polo T-Shirt,11,599.0,6589.0,Delhi,,#1581
2026-04-07,Printed A-Line Kurti,15,799.0,11985.0,Delhi,,#1581
2026-04-07,Rayon Crop Top,16,399.0,6384.0,Delhi,,#1581
2026-04-07,Straight Fit Denim Jeans,12,1499.0,17988.0,Delhi,,#1581
2026-04-07,Oversized Cotton Tee,12,349.0,4188.0,Mumbai,,#1582
2026-04-07,Pique Polo T-Shirt,11,599.0,6589.0,Mumbai,,#1582
2026-04-07,Printed A-Line Kurti,14,799.0,11186.0,Mumbai,,#1582
2026-04-07,Rayon Crop Top,26,399.0,10374.0,Mumbai,,#1582
2026-04-07,Linen Blend Casual Shirt,17,999.0,16983.0,Delhi,,#1581
2026-04-07,Linen Blend Casual Shirt,20,999.0,19980.0,Mumbai,,#1582
2026-04-07,Straight Fit Denim Jeans,10,1499.0,14990.0,Mumbai,,#1582
2026-04-07,Straight Fit Denim Jeans,6,1499.0,8994.0,Chennai,,#1580
2026-04-07,Printed A-Line Kurti,12,799.0,9588.0,Chennai,,#1580
2026-04-07,Rayon Crop Top,11,399.0,4389.0,Chennai,,#1580
2026-04-07,Linen Blend Casual Shirt,9,999.0,8991.0,Bengaluru,,#1579
2026-04-07,Oversized Cotton Tee,21,349.0,7329.0,Bengaluru,,#1579
2026-04-07,Pique Polo T-Shirt,12,599.0,7188.0,Bengaluru,,#1579
2026-04-07,Printed A-Line Kurti,12,799.0,9588.0,Bengaluru,,#1579
2026-04-07,Straight Fit Denim Jeans,9,1499.0,13491.0,Bengaluru,,#1579
2026-04-07,Linen Blend Casual Shirt,9,999.0,8991.0,Chennai,,#1580
2026-04-07,Oversized Cotton Tee,13,349.0,4537.0,Chennai,,#1580
2026-04-07,Pique Polo T-Shirt,9,599.0,5391.0,Chennai,,#1580
2026-04-07,Rayon Crop Top,14,399.0,5586.0,Bengaluru,,#1579
2026-04-08,Straight Fit Denim Jeans,9,1499.0,13491.0,Mumbai,,#1586
2026-04-08,Oversized Cotton Tee,18,349.0,6282.0,Delhi,,#1585
2026-04-08,Pique Polo T-Shirt,10,599.0,5990.0,Delhi,,#1585
2026-04-08,Printed A-Line Kurti,10,799.0,7990.0,Delhi,,#1585
2026-04-08,Rayon Crop Top,15,399.0,5985.0,Delhi,,#1585
2026-04-08,Oversized Cotton Tee,19,349.0,6631.0,Mumbai,,#1586
2026-04-08,Linen Blend Casual Shirt,10,999.0,9990.0,Mumbai,,#1586
2026-04-08,Pique Polo T-Shirt,12,599.0,7188.0,Mumbai,,#1586
2026-04-08,Printed A-Line Kurti,10,799.0,7990.0,Mumbai,,#1586
2026-04-08,Linen Blend Casual Shirt,10,999.0,9990.0,Delhi,,#1585
2026-04-08,Straight Fit Denim Jeans,6,1499.0,8994.0,Delhi,,#1585
2026-04-08,Rayon Crop Top,4,399.0,1596.0,Mumbai,,#1586
2026-04-08,Straight Fit Denim Jeans,7,1499.0,10493.0,Chennai,,#1584
2026-04-08,Printed A-Line Kurti,6,799.0,4794.0,Chennai,,#1584
2026-04-08,Linen Blend Casual Shirt,9,999.0,8991.0,Bengaluru,,#1583
2026-04-08,Oversized Cotton Tee,17,349.0,5933.0,Bengaluru,,#1583
2026-04-08,Pique Polo T-Shirt,9,599.0,5391.0,Bengaluru,,#1583
2026-04-08,Printed A-Line Kurti,12,799.0,9588.0,Bengaluru,,#1583
2026-04-08,Rayon Crop Top,10,399.0,3990.0,Chennai,,#1584
2026-04-08,Straight Fit Denim Jeans,7,1499.0,10493.0,Bengaluru,,#1583
2026-04-08,Linen Blend Casual Shirt,7,999.0,6993.0,Chennai,,#1584
2026-04-08,Oversized Cotton Tee,10,349.0,3490.0,Chennai,,#1584
2026-04-08,Pique Polo T-Shirt,10,599.0,5990.0,Chennai,,#1584
2026-04-08,Rayon Crop Top,9,399.0,3591.0,Bengaluru,,#1583
2026-04-09,Oversized Cotton Tee,13,349.0,4537.0,Delhi,,#1589
2026-04-09,Rayon Crop Top,15,399.0,5985.0,Mumbai,,#1590
2026-04-09,Printed A-Line Kurti,12,799.0,9588.0,Mumbai,,#1590
2026-04-09,Pique Polo T-Shirt,8,599.0,4792.0,Mumbai,,#1590
2026-04-09,Oversized Cotton Tee,8,349.0,2792.0,Mumbai,,#1590
2026-04-09,Linen Blend Casual Shirt,13,999.0,12987.0,Mumbai,,#1590
2026-04-09,Straight Fit Denim Jeans,6,1499.0,8994.0,Delhi,,#1589
2026-04-09,Rayon Crop Top,16,399.0,6384.0,Delhi,,#1589
2026-04-09,Printed A-Line Kurti,9,799.0,7191.0,Delhi,,#1589
2026-04-09,Pique Polo T-Shirt,12,599.0,7188.0,Delhi,,#1589
2026-04-09,Linen Blend Casual Shirt,9,999.0,8991.0,Delhi,,#1589
2026-04-09,Straight Fit Denim Jeans,9,1499.0,13491.0,Mumbai,,#1590
2026-04-09,Rayon Crop Top,9,399.0,3591.0,Chennai,,#1588
2026-04-09,Linen Blend Casual Shirt,13,999.0,12987.0,Bengaluru,,#1587
2026-04-09,Oversized Cotton Tee,11,349.0,3839.0,Bengaluru,,#1587
2026-04-09,Pique Polo T-Shirt,8,599.0,4792.0,Bengaluru,,#1587
2026-04-09,Printed A-Line Kurti,7,799.0,5593.0,Bengaluru,,#1587
2026-04-09,Rayon Crop Top,13,399.0,5187.0,Bengaluru,,#1587
2026-04-09,Straight Fit Denim Jeans,4,1499.0,5996.0,Chennai,,#1588
2026-04-09,Linen Blend Casual Shirt,3,999.0,2997.0,Chennai,,#1588
2026-04-09,Oversized Cotton Tee,10,349.0,3490.0,Chennai,,#1588
2026-04-09,Pique Polo T-Shirt,7,599.0,4193.0,Chennai,,#1588
2026-04-09,Printed A-Line Kurti,4,799.0,3196.0,Chennai,,#1588
2026-04-09,Straight Fit Denim Jeans,8,1499.0,11992.0,Bengaluru,,#1587
2026-04-10,Oversized Cotton Tee,9,349.0,3141.0,Delhi,,#1593
2026-04-10,Pique Polo T-Shirt,8,599.0,4792.0,Delhi,,#1593
2026-04-10,Printed A-Line Kurti,6,799.0,4794.0,Delhi,,#1593
2026-04-10,Rayon Crop Top,7,399.0,2793.0,Delhi,,#1593
2026-04-10,Straight Fit Denim Jeans,8,1499.0,11992.0,Delhi,,#1593
2026-04-10,Oversized Cotton Tee,15,349.0,5235.0,Mumbai,,#1594
2026-04-10,Pique Polo T-Shirt,7,599.0,4193.0,Mumbai,,#1594
2026-04-10,Printed A-Line Kurti,13,799.0,10387.0,Mumbai,,#1594
2026-04-10,Rayon Crop Top,12,399.0,4788.0,Mumbai,,#1594
2026-04-10,Linen Blend Casual Shirt,11,999.0,10989.0,Delhi,,#1593
2026-04-10,Linen Blend Casual Shirt,8,999.0,7992.0,Mumbai,,#1594
2026-04-10,Straight Fit Denim Jeans,5,1499.0,7495.0,Mumbai,,#1594
2026-04-10,Straight Fit Denim Jeans,4,1499.0,5996.0,Chennai,,#1592
2026-04-10,Printed A-Line Kurti,5,799.0,3995.0,Chennai,,#1592
2026-04-10,Pique Polo T-Shirt,9,599.0,5391.0,Chennai,,#1592
2026-04-10,Oversized Cotton Tee,8,349.0,2792.0,Chennai,,#1592
2026-04-10,Linen Blend Casual Shirt,5,999.0,4995.0,Chennai,,#1592
2026-04-10,Straight Fit Denim Jeans,3,1499.0,4497.0,Bengaluru,,#1591
2026-04-10,Rayon Crop Top,7,399.0,2793.0,Bengaluru,,#1591
2026-04-10,Printed A-Line Kurti,9,799.0,7191.0,Bengaluru,,#1591
2026-04-10,Pique Polo T-Shirt,5,599.0,2995.0,Bengaluru,,#1591
2026-04-10,Oversized Cotton Tee,9,349.0,3141.0,Bengaluru,,#1591
2026-04-10,Linen Blend Casual Shirt,6,999.0,5994.0,Bengaluru,,#1591
2026-04-10,Rayon Crop Top,12,399.0,4788.0,Chennai,,#1592
2026-04-11,Pique Polo T-Shirt,7,599.0,4193.0,Delhi,,#1597
2026-04-11,Printed A-Line Kurti,16,799.0,12784.0,Delhi,,#1597
2026-04-11,Rayon Crop Top,7,399.0,2793.0,Delhi,,#1597
2026-04-11,Straight Fit Denim Jeans,1,1499.0,1499.0,Delhi,,#1597
2026-04-11,Oversized Cotton Tee,18,349.0,6282.0,Delhi,,#1597
2026-04-11,Oversized Cotton Tee,7,349.0,2443.0,Mumbai,,#1598
2026-04-11,Pique Polo T-Shirt,6,599.0,3594.0,Mumbai,,#1598
2026-04-11,Printed A-Line Kurti,7,799.0,5593.0,Mumbai,,#1598
2026-04-11,Rayon Crop Top,10,399.0,3990.0,Mumbai,,#1598
2026-04-11,Linen Blend Casual Shirt,13,999.0,12987.0,Mumbai,,#1598
2026-04-11,Linen Blend Casual Shirt,9,999.0,8991.0,Delhi,,#1597
2026-04-11,Straight Fit Denim Jeans,10,1499.0,14990.0,Mumbai,,#1598
2026-04-11,Rayon Crop Top,9,399.0,3591.0,Chennai,,#1596
2026-04-11,Linen Blend Casual Shirt,1,999.0,999.0,Bengaluru,,#1595
2026-04-11,Oversized Cotton Tee,11,349.0,3839.0,Bengaluru,,#1595
2026-04-11,Pique Polo T-Shirt,7,599.0,4193.0,Bengaluru,,#1595
2026-04-11,Printed A-Line Kurti,5,799.0,3995.0,Bengaluru,,#1595
2026-04-11,Rayon Crop Top,7,399.0,2793.0,Bengaluru,,#1595
2026-04-11,Straight Fit Denim Jeans,7,1499.0,10493.0,Chennai,,#1596
2026-04-11,Linen Blend Casual Shirt,7,999.0,6993.0,Chennai,,#1596
2026-04-11,Oversized Cotton Tee,8,349.0,2792.0,Chennai,,#1596
2026-04-11,Pique Polo T-Shirt,8,599.0,4792.0,Chennai,,#1596
2026-04-11,Printed A-Line Kurti,7,799.0,5593.0,Chennai,,#1596
2026-04-11,Straight Fit Denim Jeans,1,1499.0,1499.0,Bengaluru,,#1595
2026-04-12,Pique Polo T-Shirt,4,599.0,2396.0,Delhi,,#1601
2026-04-12,Printed A-Line Kurti,7,799.0,5593.0,Delhi,,#1601
2026-04-12,Rayon Crop Top,11,399.0,4389.0,Delhi,,#1601
2026-04-12,Straight Fit Denim Jeans,4,1499.0,5996.0,Delhi,,#1601
2026-04-12,Linen Blend Casual Shirt,6,999.0,5994.0,Mumbai,,#1602
2026-04-12,Pique Polo T-Shirt,3,599.0,1797.0,Mumbai,,#1602
2026-04-12,Printed A-Line Kurti,10,799.0,7990.0,Mumbai,,#1602
2026-04-12,Rayon Crop Top,8,399.0,3192.0,Mumbai,,#1602
2026-04-12,Straight Fit Denim Jeans,7,1499.0,10493.0,Mumbai,,#1602
2026-04-12,Oversized Cotton Tee,12,349.0,4188.0,Delhi,,#1601
2026-04-12,Oversized Cotton Tee,13,349.0,4537.0,Mumbai,,#1602
2026-04-12,Linen Blend Casual Shirt,10,999.0,9990.0,Delhi,,#1601
2026-04-12,Pique Polo T-Shirt,4,599.0,2396.0,Bengaluru,,#1599
2026-04-12,Rayon Crop Top,5,399.0,1995.0,Chennai,,#1600
2026-04-12,Printed A-Line Kurti,7,799.0,5593.0,Chennai,,#1600
2026-04-12,Pique Polo T-Shirt,3,599.0,1797.0,Chennai,,#1600
2026-04-12,Oversized Cotton Tee,3,349.0,1047.0,Chennai,,#1600
2026-04-12,Linen Blend Casual Shirt,4,999.0,3996.0,Chennai,,#1600
2026-04-12,Straight Fit Denim Jeans,5,1499.0,7495.0,Bengaluru,,#1599
2026-04-12,Rayon Crop Top,8,399.0,3192.0,Bengaluru,,#1599
2026-04-12,Printed A-Line Kurti,8,799.0,6392.0,Bengaluru,,#1599
2026-04-12,Straight Fit Denim Jeans,4,1499.0,5996.0,Chennai,,#1600
2026-04-12,Oversized Cotton Tee,10,349.0,3490.0,Bengaluru,,#1599
2026-04-12,Linen Blend Casual Shirt,4,999.0,3996.0,Bengaluru,,#1599
2026-04-13,Pique Polo T-Shirt,10,599.0,5990.0,Delhi,,#1605
2026-04-13,Printed A-Line Kurti,14,799.0,11186.0,Delhi,,#1605
2026-04-13,Rayon Crop Top,11,399.0,4389.0,Delhi,,#1605
2026-04-13,Straight Fit Denim Jeans,9,1499.0,13491.0,Delhi,,#1605
2026-04-13,Linen Blend Casual Shirt,9,999.0,8991.0,Mumbai,,#1606
2026-04-13,Straight Fit Denim Jeans,7,1499.0,10493.0,Mumbai,,#1606
2026-04-13,Pique Polo T-Shirt,12,599.0,7188.0,Mumbai,,#1606
2026-04-13,Printed A-Line Kurti,11,799.0,8789.0,Mumbai,,#1606
2026-04-13,Rayon Crop Top,14,399.0,5586.0,Mumbai,,#1606
2026-04-13,Oversized Cotton Tee,11,349.0,3839.0,Delhi,,#1605
2026-04-13,Oversized Cotton Tee,13,349.0,4537.0,Mumbai,,#1606
2026-04-13,Linen Blend Casual Shirt,9,999.0,8991.0,Delhi,,#1605
2026-04-13,Straight Fit Denim Jeans,7,1499.0,10493.0,Chennai,,#1604
2026-04-13,Rayon Crop Top,3,399.0,1197.0,Chennai,,#1604
2026-04-13,Oversized Cotton Tee,11,349.0,3839.0,Bengaluru,,#1603
2026-04-13,Pique Polo T-Shirt,7,599.0,4193.0,Bengaluru,,#1603
2026-04-13,Printed A-Line Kurti,12,799.0,9588.0,Bengaluru,,#1603
2026-04-13,Rayon Crop Top,8,399.0,3192.0,Bengaluru,,#1603
2026-04-13,Linen Blend Casual Shirt,6,999.0,5994.0,Bengaluru,,#1603
2026-04-13,Linen Blend Casual Shirt,7,999.0,6993.0,Chennai,,#1604
2026-04-13,Oversized Cotton Tee,7,349.0,2443.0,Chennai,,#1604
2026-04-13,Pique Polo T-Shirt,3,599.0,1797.0,Chennai,,#1604
2026-04-13,Printed A-Line Kurti,9,799.0,7191.0,Chennai,,#1604
2026-04-13,Straight Fit Denim Jeans,9,1499.0,13491.0,Bengaluru,,#1603
2026-04-14,Oversized Cotton Tee,12,349.0,4188.0,Delhi,,#1609
2026-04-14,Rayon Crop Top,15,399.0,5985.0,Mumbai,,#1610
2026-04-14,Printed A-Line Kurti,16,799.0,12784.0,Mumbai,,#1610
2026-04-14,Pique Polo T-Shirt,10,599.0,5990.0,Mumbai,,#1610
2026-04-14,Oversized Cotton Tee,11,349.0,3839.0,Mumbai,,#1610
2026-04-14,Linen Blend Casual Shirt,13,999.0,12987.0,Mumbai,,#1610
2026-04-14,Straight Fit Denim Jeans,4,1499.0,5996.0,Delhi,,#1609
2026-04-14,Rayon Crop Top,17,399.0,6783.0,Delhi,,#1609
2026-04-14,Printed A-Line Kurti,14,799.0,11186.0,Delhi,,#1609
2026-04-14,Pique Polo T-Shirt,7,599.0,4193.0,Delhi,,#1609
2026-04-14,Linen Blend Casual Shirt,14,999.0,13986.0,Delhi,,#1609
2026-04-14,Straight Fit Denim Jeans,9,1499.0,13491.0,Mumbai,,#1610
2026-04-14,Rayon Crop Top,8,399.0,3192.0,Chennai,,#1608
2026-04-14,Linen Blend Casual Shirt,8,999.0,7992.0,Bengaluru,,#1607
2026-04-14,Oversized Cotton Tee,14,349.0,4886.0,Bengaluru,,#1607
2026-04-14,Pique Polo T-Shirt,11,599.0,6589.0,Bengaluru,,#1607
2026-04-14,Printed A-Line Kurti,11,799.0,8789.0,Bengaluru,,#1607
2026-04-14,Rayon Crop Top,8,399.0,3192.0,Bengaluru,,#1607
2026-04-14,Straight Fit Denim Jeans,5,1499.0,7495.0,Chennai,,#1608
2026-04-14,Linen Blend Casual Shirt,4,999.0,3996.0,Chennai,,#1608
2026-04-14,Oversized Cotton Tee,7,349.0,2443.0,Chennai,,#1608
2026-04-14,Pique Polo T-Shirt,10,599.0,5990.0,Chennai,,#1608
2026-04-14,Printed A-Line Kurti,8,799.0,6392.0,Chennai,,#1608
2026-04-14,Straight Fit Denim Jeans,4,1499.0,5996.0,Bengaluru,,#1607
2026-04-15,Oversized Cotton Tee,12,349.0,4188.0,Delhi,,#1613
2026-04-15,Rayon Crop Top,12,399.0,4788.0,Mumbai,,#1614
2026-04-15,Printed A-Line Kurti,11,799.0,8789.0,Mumbai,,#1614
2026-04-15,Pique Polo T-Shirt,3,599.0,1797.0,Mumbai,,#1614
2026-04-15,Oversized Cotton Tee,17,349.0,5933.0,Mumbai,,#1614
2026-04-15,Linen Blend Casual Shirt,9,999.0,8991.0,Mumbai,,#1614
2026-04-15,Straight Fit Denim Jeans,7,1499.0,10493.0,Delhi,,#1613
2026-04-15,Rayon Crop Top,11,399.0,4389.0,Delhi,,#1613
2026-04-15,Printed A-Line Kurti,15,799.0,11985.0,Delhi,,#1613
2026-04-15,Pique Polo T-Shirt,7,599.0,4193.0,Delhi,,#1613
2026-04-15,Linen Blend Casual Shirt,8,999.0,7992.0,Delhi,,#1613
2026-04-15,Straight Fit Denim Jeans,8,1499.0,11992.0,Mumbai,,#1614
2026-04-15,Rayon Crop Top,7,399.0,2793.0,Chennai,,#1612
2026-04-15,Linen Blend Casual Shirt,2,999.0,1998.0,Bengaluru,,#1611
2026-04-15,Oversized Cotton Tee,5,349.0,1745.0,Bengaluru,,#1611
2026-04-15,Pique Polo T-Shirt,5,599.0,2995.0,Bengaluru,,#1611
2026-04-15,Printed A-Line Kurti,6,799.0,4794.0,Bengaluru,,#1611
2026-04-15,Rayon Crop Top,5,399.0,1995.0,Bengaluru,,#1611
2026-04-15,Straight Fit Denim Jeans,5,1499.0,7495.0,Chennai,,#1612
2026-04-15,Linen Blend Casual Shirt,7,999.0,6993.0,Chennai,,#1612
2026-04-15,Oversized Cotton Tee,6,349.0,2094.0,Chennai,,#1612
2026-04-15,Pique Polo T-Shirt,3,599.0,1797.0,Chennai,,#1612
2026-04-15,Printed A-Line Kurti,11,799.0,8789.0,Chennai,,#1612
2026-04-15,Straight Fit Denim Jeans,6,1499.0,8994.0,Bengaluru,,#1611
2026-04-16,Oversized Cotton Tee,13,349.0,4537.0,Delhi,,#1617
2026-04-16,Pique Polo T-Shirt,10,599.0,5990.0,Delhi,,#1617
2026-04-16,Printed A-Line Kurti,7,799.0,5593.0,Delhi,,#1617
2026-04-16,Rayon Crop Top,13,399.0,5187.0,Delhi,,#1617
2026-04-16,Straight Fit Denim Jeans,3,1499.0,4497.0,Delhi,,#1617
2026-04-16,Oversized Cotton Tee,14,349.0,4886.0,Mumbai,,#1618
2026-04-16,Pique Polo T-Shirt,2,599.0,1198.0,Mumbai,,#1618
2026-04-16,Printed A-Line Kurti,9,799.0,7191.0,Mumbai,,#1618
2026-04-16,Rayon Crop Top,12,399.0,4788.0,Mumbai,,#1618
2026-04-16,Linen Blend Casual Shirt,8,999.0,7992.0,Delhi,,#1617
2026-04-16,Linen Blend Casual Shirt,9,999.0,8991.0,Mumbai,,#1618
2026-04-16,Straight Fit Denim Jeans,3,1499.0,4497.0,Mumbai,,#1618
2026-04-16,Straight Fit Denim Jeans,3,1499.0,4497.0,Chennai,,#1616
2026-04-16,Printed A-Line Kurti,6,799.0,4794.0,Chennai,,#1616
2026-04-16,Pique Polo T-Shirt,7,599.0,4193.0,Chennai,,#1616
2026-04-16,Oversized Cotton Tee,4,349.0,1396.0,Chennai,,#1616
2026-04-16,Linen Blend Casual Shirt,6,999.0,5994.0,Chennai,,#1616
2026-04-16,Straight Fit Denim Jeans,4,1499.0,5996.0,Bengaluru,,#1615
2026-04-16,Rayon Crop Top,12,399.0,4788.0,Bengaluru,,#1615
2026-04-16,Printed A-Line Kurti,9,799.0,7191.0,Bengaluru,,#1615
2026-04-16,Pique Polo T-Shirt,8,599.0,4792.0,Bengaluru,,#1615
2026-04-16,Oversized Cotton Tee,8,349.0,2792.0,Bengaluru,,#1615
2026-04-16,Linen Blend Casual Shirt,7,999.0,6993.0,Bengaluru,,#1615
2026-04-16,Rayon Crop Top,7,399.0,2793.0,Chennai,,#1616
2026-04-17,Pique Polo T-Shirt,4,599.0,2396.0,Delhi,,#1621
2026-04-17,Printed A-Line Kurti,10,799.0,7990.0,Delhi,,#1621
2026-04-17,Rayon Crop Top,7,399.0,2793.0,Delhi,,#1621
2026-04-17,Straight Fit Denim Jeans,3,1499.0,4497.0,Delhi,,#1621
2026-04-17,Oversized Cotton Tee,10,349.0,3490.0,Delhi,,#1621
2026-04-17,Oversized Cotton Tee,10,349.0,3490.0,Mumbai,,#1622
2026-04-17,Pique Polo T-Shirt,4,599.0,2396.0,Mumbai,,#1622
2026-04-17,Printed A-Line Kurti,11,799.0,8789.0,Mumbai,,#1622
2026-04-17,Rayon Crop Top,9,399.0,3591.0,Mumbai,,#1622
2026-04-17,Linen Blend Casual Shirt,10,999.0,9990.0,Mumbai,,#1622
2026-04-17,Linen Blend Casual Shirt,12,999.0,11988.0,Delhi,,#1621
2026-04-17,Straight Fit Denim Jeans,2,1499.0,2998.0,Mumbai,,#1622
2026-04-17,Rayon Crop Top,6,399.0,2394.0,Chennai,,#1620
2026-04-17,Linen Blend Casual Shirt,5,999.0,4995.0,Bengaluru,,#1619
2026-04-17,Oversized Cotton Tee,7,349.0,2443.0,Bengaluru,,#1619
2026-04-17,Pique Polo T-Shirt,4,599.0,2396.0,Bengaluru,,#1619
2026-04-17,Printed A-Line Kurti,10,799.0,7990.0,Bengaluru,,#1619
2026-04-17,Rayon Crop Top,9,399.0,3591.0,Bengaluru,,#1619
2026-04-17,Straight Fit Denim Jeans,5,1499.0,7495.0,Chennai,,#1620
2026-04-17,Linen Blend Casual Shirt,5,999.0,4995.0,Chennai,,#1620
2026-04-17,Oversized Cotton Tee,9,349.0,3141.0,Chennai,,#1620
2026-04-17,Pique Polo T-Shirt,7,599.0,4193.0,Chennai,,#1620
2026-04-17,Printed A-Line Kurti,3,799.0,2397.0,Chennai,,#1620
2026-04-17,Straight Fit Denim Jeans,2,1499.0,2998.0,Bengaluru,,#1619
2026-04-18,Pique Polo T-Shirt,20,599.0,11980.0,Delhi,,#1625
2026-04-18,Printed A-Line Kurti,8,799.0,6392.0,Delhi,,#1625
2026-04-18,Rayon Crop Top,10,399.0,3990.0,Delhi,,#1625
2026-04-18,Straight Fit Denim Jeans,8,1499.0,11992.0,Delhi,,#1625
2026-04-18,Linen Blend Casual Shirt,8,999.0,7992.0,Mumbai,,#1626
2026-04-18,Pique Polo T-Shirt,6,599.0,3594.0,Mumbai,,#1626
2026-04-18,Printed A-Line Kurti,7,799.0,5593.0,Mumbai,,#1626
2026-04-18,Rayon Crop Top,14,399.0,5586.0,Mumbai,,#1626
2026-04-18,Straight Fit Denim Jeans,12,1499.0,17988.0,Mumbai,,#1626
2026-04-18,Oversized Cotton Tee,17,349.0,5933.0,Delhi,,#1625
2026-04-18,Oversized Cotton Tee,14,349.0,4886.0,Mumbai,,#1626
2026-04-18,Linen Blend Casual Shirt,10,999.0,9990.0,Delhi,,#1625
2026-04-18,Straight Fit Denim Jeans,3,1499.0,4497.0,Chennai,,#1624
2026-04-18,Rayon Crop Top,8,399.0,3192.0,Chennai,,#1624
2026-04-18,Printed A-Line Kurti,9,799.0,7191.0,Chennai,,#1624
2026-04-18,Pique Polo T-Shirt,4,599.0,2396.0,Chennai,,#1624
2026-04-18,Oversized Cotton Tee,10,349.0,3490.0,Chennai,,#1624
2026-04-18,Linen Blend Casual Shirt,8,999.0,7992.0,Chennai,,#1624
2026-04-18,Straight Fit Denim Jeans,3,1499.0,4497.0,Bengaluru,,#1623
2026-04-18,Rayon Crop Top,2,399.0,798.0,Bengaluru,,#1623
2026-04-18,Printed A-Line Kurti,8,799.0,6392.0,Bengaluru,,#1623
2026-04-18,Pique Polo T-Shirt,4,599.0,2396.0,Bengaluru,,#1623
2026-04-18,Oversized Cotton Tee,12,349.0,4188.0,Bengaluru,,#1623
2026-04-18,Linen Blend Casual Shirt,8,999.0,7992.0,Bengaluru,,#1623
2026-04-19,Pique Polo T-Shirt,10,599.0,5990.0,Delhi,,#1629
2026-04-19,Printed A-Line Kurti,11,799.0,8789.0,Delhi,,#1629
2026-04-19,Rayon Crop Top,10,399.0,3990.0,Delhi,,#1629
2026-04-19,Straight Fit Denim Jeans,4,1499.0,5996.0,Delhi,,#1629
2026-04-19,Linen Blend Casual Shirt,7,999.0,6993.0,Mumbai,,#1630
2026-04-19,Straight Fit Denim Jeans,5,1499.0,7495.0,Mumbai,,#1630
2026-04-19,Pique Polo T-Shirt,11,599.0,6589.0,Mumbai,,#1630
2026-04-19,Printed A-Line Kurti,12,799.0,9588.0,Mumbai,,#1630
2026-04-19,Rayon Crop Top,3,399.0,1197.0,Mumbai,,#1630
2026-04-19,Oversized Cotton Tee,16,349.0,5584.0,Delhi,,#1629
2026-04-19,Oversized Cotton Tee,14,349.0,4886.0,Mumbai,,#1630
2026-04-19,Linen Blend Casual Shirt,11,999.0,10989.0,Delhi,,#1629
2026-04-19,Straight Fit Denim Jeans,6,1499.0,8994.0,Chennai,,#1628
2026-04-19,Rayon Crop Top,10,399.0,3990.0,Chennai,,#1628
2026-04-19,Oversized Cotton Tee,6,349.0,2094.0,Bengaluru,,#1627
2026-04-19,Pique Polo T-Shirt,5,599.0,2995.0,Bengaluru,,#1627
2026-04-19,Printed A-Line Kurti,6,799.0,4794.0,Bengaluru,,#1627
2026-04-19,Rayon Crop Top,10,399.0,3990.0,Bengaluru,,#1627
2026-04-19,Linen Blend Casual Shirt,8,999.0,7992.0,Bengaluru,,#1627
2026-04-19,Linen Blend Casual Shirt,6,999.0,5994.0,Chennai,,#1628
2026-04-19,Oversized Cotton Tee,9,349.0,3141.0,Chennai,,#1628
2026-04-19,Pique Polo T-Shirt,8,599.0,4792.0,Chennai,,#1628
2026-04-19,Printed A-Line Kurti,10,799.0,7990.0,Chennai,,#1628
2026-04-19,Straight Fit Denim Jeans,5,1499.0,7495.0,Bengaluru,,#1627
2026-04-20,Oversized Cotton Tee,16,349.0,5584.0,Delhi,,#1633
2026-04-20,Rayon Crop Top,14,399.0,5586.0,Mumbai,,#1634
2026-04-20,Printed A-Line Kurti,14,799.0,11186.0,Mumbai,,#1634
2026-04-20,Pique Polo T-Shirt,6,599.0,3594.0,Mumbai,,#1634
2026-04-20,Oversized Cotton Tee,19,349.0,6631.0,Mumbai,,#1634
2026-04-20,Linen Blend Casual Shirt,7,999.0,6993.0,Mumbai,,#1634
2026-04-20,Straight Fit Denim Jeans,8,1499.0,11992.0,Delhi,,#1633
2026-04-20,Rayon Crop Top,11,399.0,4389.0,Delhi,,#1633
2026-04-20,Printed A-Line Kurti,6,799.0,4794.0,Delhi,,#1633
2026-04-20,Pique Polo T-Shirt,7,599.0,4193.0,Delhi,,#1633
2026-04-20,Linen Blend Casual Shirt,12,999.0,11988.0,Delhi,,#1633
2026-04-20,Straight Fit Denim Jeans,8,1499.0,11992.0,Mumbai,,#1634
2026-04-20,Rayon Crop Top,10,399.0,3990.0,Chennai,,#1632
2026-04-20,Linen Blend Casual Shirt,5,999.0,4995.0,Bengaluru,,#1631
2026-04-20,Oversized Cotton Tee,6,349.0,2094.0,Bengaluru,,#1631
2026-04-20,Pique Polo T-Shirt,1,599.0,599.0,Bengaluru,,#1631
2026-04-20,Printed A-Line Kurti,11,799.0,8789.0,Bengaluru,,#1631
2026-04-20,Rayon Crop Top,13,399.0,5187.0,Bengaluru,,#1631
2026-04-20,Straight Fit Denim Jeans,4,1499.0,5996.0,Chennai,,#1632
2026-04-20,Linen Blend Casual Shirt,8,999.0,7992.0,Chennai,,#1632
2026-04-20,Oversized Cotton Tee,18,349.0,6282.0,Chennai,,#1632
2026-04-20,Pique Polo T-Shirt,3,599.0,1797.0,Chennai,,#1632
2026-04-20,Printed A-Line Kurti,9,799.0,7191.0,Chennai,,#1632
2026-04-20,Straight Fit Denim Jeans,7,1499.0,10493.0,Bengaluru,,#1631
2026-04-21,Pique Polo T-Shirt,8,599.0,4792.0,Delhi,,#1637
2026-04-21,Printed A-Line Kurti,19,799.0,15181.0,Delhi,,#1637
2026-04-21,Rayon Crop Top,16,399.0,6384.0,Delhi,,#1637
2026-04-21,Straight Fit Denim Jeans,9,1499.0,13491.0,Delhi,,#1637
2026-04-21,Linen Blend Casual Shirt,8,999.0,7992.0,Mumbai,,#1638
2026-04-21,Pique Polo T-Shirt,12,599.0,7188.0,Mumbai,,#1638
2026-04-21,Printed A-Line Kurti,19,799.0,15181.0,Mumbai,,#1638
2026-04-21,Rayon Crop Top,11,399.0,4389.0,Mumbai,,#1638
2026-04-21,Straight Fit Denim Jeans,9,1499.0,13491.0,Mumbai,,#1638
2026-04-21,Oversized Cotton Tee,11,349.0,3839.0,Delhi,,#1637
2026-04-21,Oversized Cotton Tee,14,349.0,4886.0,Mumbai,,#1638
2026-04-21,Linen Blend Casual Shirt,13,999.0,12987.0,Delhi,,#1637
2026-04-21,Straight Fit Denim Jeans,5,1499.0,7495.0,Chennai,,#1636
2026-04-21,Rayon Crop Top,7,399.0,2793.0,Chennai,,#1636
2026-04-21,Oversized Cotton Tee,12,349.0,4188.0,Bengaluru,,#1635
2026-04-21,Pique Polo T-Shirt,3,599.0,1797.0,Bengaluru,,#1635
2026-04-21,Printed A-Line Kurti,5,799.0,3995.0,Bengaluru,,#1635
2026-04-21,Rayon Crop Top,8,399.0,3192.0,Bengaluru,,#1635
2026-04-21,Linen Blend Casual Shirt,7,999.0,6993.0,Bengaluru,,#1635
2026-04-21,Linen Blend Casual Shirt,5,999.0,4995.0,Chennai,,#1636
2026-04-21,Oversized Cotton Tee,4,349.0,1396.0,Chennai,,#1636
2026-04-21,Pique Polo T-Shirt,6,599.0,3594.0,Chennai,,#1636
2026-04-21,Printed A-Line Kurti,21,799.0,16779.0,Chennai,,#1636
2026-04-21,Straight Fit Denim Jeans,7,1499.0,10493.0,Bengaluru,,#1635
2026-04-22,Oversized Cotton Tee,11,349.0,3839.0,Delhi,,#1641
2026-04-22,Rayon Crop Top,8,399.0,3192.0,Mumbai,,#1642
2026-04-22,Printed A-Line Kurti,7,799.0,5593.0,Mumbai,,#1642
2026-04-22,Pique Polo T-Shirt,7,599.0,4193.0,Mumbai,,#1642
2026-04-22,Oversized Cotton Tee,5,349.0,1745.0,Mumbai,,#1642
2026-04-22,Linen Blend Casual Shirt,5,999.0,4995.0,Mumbai,,#1642
2026-04-22,Straight Fit Denim Jeans,4,1499.0,5996.0,Delhi,,#1641
2026-04-22,Rayon Crop Top,22,399.0,8778.0,Delhi,,#1641
2026-04-22,Printed A-Line Kurti,8,799.0,6392.0,Delhi,,#1641
2026-04-22,Pique Polo T-Shirt,12,599.0,7188.0,Delhi,,#1641
2026-04-22,Linen Blend Casual Shirt,15,999.0,14985.0,Delhi,,#1641
2026-04-22,Straight Fit Denim Jeans,7,1499.0,10493.0,Mumbai,,#1642
2026-04-22,Rayon Crop Top,5,399.0,1995.0,Chennai,,#1640
2026-04-22,Linen Blend Casual Shirt,6,999.0,5994.0,Bengaluru,,#1639
2026-04-22,Oversized Cotton Tee,8,349.0,2792.0,Bengaluru,,#1639
2026-04-22,Pique Polo T-Shirt,4,599.0,2396.0,Bengaluru,,#1639
2026-04-22,Printed A-Line Kurti,4,799.0,3196.0,Bengaluru,,#1639
2026-04-22,Rayon Crop Top,9,399.0,3591.0,Bengaluru,,#1639
2026-04-22,Straight Fit Denim Jeans,7,1499.0,10493.0,Chennai,,#1640
2026-04-22,Linen Blend Casual Shirt,1,999.0,999.0,Chennai,,#1640
2026-04-22,Oversized Cotton Tee,7,349.0,2443.0,Chennai,,#1640
2026-04-22,Pique Polo T-Shirt,4,599.0,2396.0,Chennai,,#1640
2026-04-22,Printed A-Line Kurti,7,799.0,5593.0,Chennai,,#1640
2026-04-22,Straight Fit Denim Jeans,8,1499.0,11992.0,Bengaluru,,#1639
2026-04-23,Straight Fit Denim Jeans,7,1499.0,10493.0,Mumbai,,#1646
2026-04-23,Rayon Crop Top,8,399.0,3192.0,Mumbai,,#1646
2026-04-23,Printed A-Line Kurti,12,799.0,9588.0,Mumbai,,#1646
2026-04-23,Pique Polo T-Shirt,5,599.0,2995.0,Mumbai,,#1646
2026-04-23,Oversized Cotton Tee,10,349.0,3490.0,Mumbai,,#1646
2026-04-23,Linen Blend Casual Shirt,7,999.0,6993.0,Mumbai,,#1646
2026-04-23,Straight Fit Denim Jeans,4,1499.0,5996.0,Delhi,,#1645
2026-04-23,Rayon Crop Top,6,399.0,2394.0,Delhi,,#1645
2026-04-23,Printed A-Line Kurti,14,799.0,11186.0,Delhi,,#1645
2026-04-23,Oversized Cotton Tee,8,349.0,2792.0,Delhi,,#1645
2026-04-23,Linen Blend Casual Shirt,9,999.0,8991.0,Delhi,,#1645
2026-04-23,Pique Polo T-Shirt,7,599.0,4193.0,Delhi,,#1645
2026-04-23,Rayon Crop Top,6,399.0,2394.0,Chennai,,#1644
2026-04-23,Linen Blend Casual Shirt,8,999.0,7992.0,Bengaluru,,#1643
2026-04-23,Oversized Cotton Tee,10,349.0,3490.0,Bengaluru,,#1643
2026-04-23,Pique Polo T-Shirt,6,599.0,3594.0,Bengaluru,,#1643
2026-04-23,Printed A-Line Kurti,9,799.0,7191.0,Bengaluru,,#1643
2026-04-23,Rayon Crop Top,7,399.0,2793.0,Bengaluru,,#1643
2026-04-23,Straight Fit Denim Jeans,5,1499.0,7495.0,Chennai,,#1644
2026-04-23,Linen Blend Casual Shirt,3,999.0,2997.0,Chennai,,#1644
2026-04-23,Oversized Cotton Tee,9,349.0,3141.0,Chennai,,#1644
2026-04-23,Pique Polo T-Shirt,3,599.0,1797.0,Chennai,,#1644
2026-04-23,Printed A-Line Kurti,6,799.0,4794.0,Chennai,,#1644
2026-04-23,Straight Fit Denim Jeans,2,1499.0,2998.0,Bengaluru,,#1643
2026-04-24,Oversized Cotton Tee,13,349.0,4537.0,Delhi,,#1649
2026-04-24,Rayon Crop Top,6,399.0,2394.0,Mumbai,,#1650
2026-04-24,Printed A-Line Kurti,11,799.0,8789.0,Mumbai,,#1650
2026-04-24,Pique Polo T-Shirt,7,599.0,4193.0,Mumbai,,#1650
2026-04-24,Oversized Cotton Tee,11,349.0,3839.0,Mumbai,,#1650
2026-04-24,Linen Blend Casual Shirt,11,999.0,10989.0,Mumbai,,#1650
2026-04-24,Straight Fit Denim Jeans,3,1499.0,4497.0,Delhi,,#1649
2026-04-24,Rayon Crop Top,13,399.0,5187.0,Delhi,,#1649
2026-04-24,Printed A-Line Kurti,10,799.0,7990.0,Delhi,,#1649
2026-04-24,Pique Polo T-Shirt,10,599.0,5990.0,Delhi,,#1649
2026-04-24,Straight Fit Denim Jeans,8,1499.0,11992.0,Mumbai,,#1650
2026-04-24,Linen Blend Casual Shirt,12,999.0,11988.0,Delhi,,#1649
2026-04-24,Rayon Crop Top,13,399.0,5187.0,Chennai,,#1648
2026-04-24,Linen Blend Casual Shirt,8,999.0,7992.0,Bengaluru,,#1647
2026-04-24,Oversized Cotton Tee,6,349.0,2094.0,Bengaluru,,#1647
2026-04-24,Pique Polo T-Shirt,7,599.0,4193.0,Bengaluru,,#1647
2026-04-24,Printed A-Line Kurti,6,799.0,4794.0,Bengaluru,,#1647
2026-04-24,Rayon Crop Top,6,399.0,2394.0,Bengaluru,,#1647
2026-04-24,Straight Fit Denim Jeans,4,1499.0,5996.0,Chennai,,#1648
2026-04-24,Linen Blend Casual Shirt,3,999.0,2997.0,Chennai,,#1648
2026-04-24,Oversized Cotton Tee,9,349.0,3141.0,Chennai,,#1648
2026-04-24,Pique Polo T-Shirt,5,599.0,2995.0,Chennai,,#1648
2026-04-24,Printed A-Line Kurti,7,799.0,5593.0,Chennai,,#1648
2026-04-24,Straight Fit Denim Jeans,2,1499.0,2998.0,Bengaluru,,#1647
2026-04-25,Oversized Cotton Tee,15,349.0,5235.0,Delhi,,#1653
2026-04-25,Rayon Crop Top,13,399.0,5187.0,Mumbai,,#1654
2026-04-25,Printed A-Line Kurti,12,799.0,9588.0,Mumbai,,#1654
2026-04-25,Pique Polo T-Shirt,8,599.0,4792.0,Mumbai,,#1654
2026-04-25,Oversized Cotton Tee,11,349.0,3839.0,Mumbai,,#1654
2026-04-25,Linen Blend Casual Shirt,9,999.0,8991.0,Mumbai,,#1654
2026-04-25,Straight Fit Denim Jeans,8,1499.0,11992.0,Delhi,,#1653
2026-04-25,Rayon Crop Top,11,399.0,4389.0,Delhi,,#1653
2026-04-25,Printed A-Line Kurti,17,799.0,13583.0,Delhi,,#1653
2026-04-25,Pique Polo T-Shirt,7,599.0,4193.0,Delhi,,#1653
2026-04-25,Linen Blend Casual Shirt,11,999.0,10989.0,Delhi,,#1653
2026-04-25,Straight Fit Denim Jeans,6,1499.0,8994.0,Mumbai,,#1654
2026-04-25,Rayon Crop Top,10,399.0,3990.0,Chennai,,#1652
2026-04-25,Linen Blend Casual Shirt,8,999.0,7992.0,Bengaluru,,#1651
2026-04-25,Oversized Cotton Tee,8,349.0,2792.0,Bengaluru,,#1651
2026-04-25,Pique Polo T-Shirt,5,599.0,2995.0,Bengaluru,,#1651
2026-04-25,Printed A-Line Kurti,10,799.0,7990.0,Bengaluru,,#1651
2026-04-25,Rayon Crop Top,10,399.0,3990.0,Bengaluru,,#1651
2026-04-25,Straight Fit Denim Jeans,7,1499.0,10493.0,Chennai,,#1652
2026-04-25,Linen Blend Casual Shirt,7,999.0,6993.0,Chennai,,#1652
2026-04-25,Oversized Cotton Tee,5,349.0,1745.0,Chennai,,#1652
2026-04-25,Pique Polo T-Shirt,6,599.0,3594.0,Chennai,,#1652
2026-04-25,Printed A-Line Kurti,8,799.0,6392.0,Chennai,,#1652
2026-04-25,Straight Fit Denim Jeans,6,1499.0,8994.0,Bengaluru,,#1651
2026-04-26,Oversized Cotton Tee,15,349.0,5235.0,Delhi,,#1657
2026-04-26,Pique Polo T-Shirt,9,599.0,5391.0,Delhi,,#1657
2026-04-26,Printed A-Line Kurti,11,799.0,8789.0,Delhi,,#1657
2026-04-26,Rayon Crop Top,15,399.0,5985.0,Delhi,,#1657
2026-04-26,Straight Fit Denim Jeans,6,1499.0,8994.0,Delhi,,#1657
2026-04-26,Oversized Cotton Tee,9,349.0,3141.0,Mumbai,,#1658
2026-04-26,Pique Polo T-Shirt,14,599.0,8386.0,Mumbai,,#1658
2026-04-26,Printed A-Line Kurti,11,799.0,8789.0,Mumbai,,#1658
2026-04-26,Rayon Crop Top,14,399.0,5586.0,Mumbai,,#1658
2026-04-26,Linen Blend Casual Shirt,7,999.0,6993.0,Delhi,,#1657
2026-04-26,Linen Blend Casual Shirt,6,999.0,5994.0,Mumbai,,#1658
2026-04-26,Straight Fit Denim Jeans,7,1499.0,10493.0,Mumbai,,#1658
2026-04-26,Straight Fit Denim Jeans,4,1499.0,5996.0,Chennai,,#1656
2026-04-26,Printed A-Line Kurti,12,799.0,9588.0,Chennai,,#1656
2026-04-26,Pique Polo T-Shirt,6,599.0,3594.0,Chennai,,#1656
2026-04-26,Oversized Cotton Tee,7,349.0,2443.0,Chennai,,#1656
2026-04-26,Linen Blend Casual Shirt,4,999.0,3996.0,Chennai,,#1656
2026-04-26,Straight Fit Denim Jeans,5,1499.0,7495.0,Bengaluru,,#1655
2026-04-26,Rayon Crop Top,6,399.0,2394.0,Bengaluru,,#1655
2026-04-26,Printed A-Line Kurti,10,799.0,7990.0,Bengaluru,,#1655
2026-04-26,Pique Polo T-Shirt,3,599.0,1797.0,Bengaluru,,#1655
2026-04-26,Oversized Cotton Tee,11,349.0,3839.0,Bengaluru,,#1655
2026-04-26,Linen Blend Casual Shirt,9,999.0,8991.0,Bengaluru,,#1655
2026-04-26,Rayon Crop Top,10,399.0,3990.0,Chennai,,#1656
2026-04-27,Pique Polo T-Shirt,14,599.0,8386.0,Delhi,,#1661
2026-04-27,Printed A-Line Kurti,13,799.0,10387.0,Delhi,,#1661
2026-04-27,Rayon Crop Top,17,399.0,6783.0,Delhi,,#1661
2026-04-27,Straight Fit Denim Jeans,5,1499.0,7495.0,Delhi,,#1661
2026-04-27,Linen Blend Casual Shirt,10,999.0,9990.0,Mumbai,,#1662
2026-04-27,Straight Fit Denim Jeans,8,1499.0,11992.0,Mumbai,,#1662
2026-04-27,Pique Polo T-Shirt,15,599.0,8985.0,Mumbai,,#1662
2026-04-27,Printed A-Line Kurti,15,799.0,11985.0,Mumbai,,#1662
2026-04-27,Rayon Crop Top,8,399.0,3192.0,Mumbai,,#1662
2026-04-27,Oversized Cotton Tee,17,349.0,5933.0,Delhi,,#1661
2026-04-27,Oversized Cotton Tee,19,349.0,6631.0,Mumbai,,#1662
2026-04-27,Linen Blend Casual Shirt,14,999.0,13986.0,Delhi,,#1661
2026-04-27,Straight Fit Denim Jeans,2,1499.0,2998.0,Chennai,,#1660
2026-04-27,Rayon Crop Top,6,399.0,2394.0,Chennai,,#1660
2026-04-27,Oversized Cotton Tee,12,349.0,4188.0,Bengaluru,,#1659
2026-04-27,Pique Polo T-Shirt,11,599.0,6589.0,Bengaluru,,#1659
2026-04-27,Printed A-Line Kurti,8,799.0,6392.0,Bengaluru,,#1659
2026-04-27,Rayon Crop Top,14,399.0,5586.0,Bengaluru,,#1659
2026-04-27,Linen Blend Casual Shirt,8,999.0,7992.0,Bengaluru,,#1659
2026-04-27,Linen Blend Casual Shirt,5,999.0,4995.0,Chennai,,#1660
2026-04-27,Oversized Cotton Tee,17,349.0,5933.0,Chennai,,#1660
2026-04-27,Pique Polo T-Shirt,6,599.0,3594.0,Chennai,,#1660
2026-04-27,Printed A-Line Kurti,11,799.0,8789.0,Chennai,,#1660
2026-04-27,Straight Fit Denim Jeans,6,1499.0,8994.0,Bengaluru,,#1659
2026-04-28,Pique Polo T-Shirt,6,599.0,3594.0,Delhi,,#1665
2026-04-28,Straight Fit Denim Jeans,12,1499.0,17988.0,Mumbai,,#1666
2026-04-28,Rayon Crop Top,18,399.0,7182.0,Mumbai,,#1666
2026-04-28,Printed A-Line Kurti,19,799.0,15181.0,Mumbai,,#1666
2026-04-28,Pique Polo T-Shirt,8,599.0,4792.0,Mumbai,,#1666
2026-04-28,Oversized Cotton Tee,14,349.0,4886.0,Mumbai,,#1666
2026-04-28,Linen Blend Casual Shirt,7,999.0,6993.0,Mumbai,,#1666
2026-04-28,Straight Fit Denim Jeans,5,1499.0,7495.0,Delhi,,#1665
2026-04-28,Rayon Crop Top,19,399.0,7581.0,Delhi,,#1665
2026-04-28,Printed A-Line Kurti,19,799.0,15181.0,Delhi,,#1665
2026-04-28,Oversized Cotton Tee,16,349.0,5584.0,Delhi,,#1665
2026-04-28,Linen Blend Casual Shirt,16,999.0,15984.0,Delhi,,#1665
2026-04-28,Linen Blend Casual Shirt,9,999.0,8991.0,Bengaluru,,#1663
2026-04-28,Straight Fit Denim Jeans,3,1499.0,4497.0,Chennai,,#1664
2026-04-28,Oversized Cotton Tee,12,349.0,4188.0,Bengaluru,,#1663
2026-04-28,Pique Polo T-Shirt,4,599.0,2396.0,Bengaluru,,#1663
2026-04-28,Rayon Crop Top,12,399.0,4788.0,Bengaluru,,#1663
2026-04-28,Straight Fit Denim Jeans,9,1499.0,13491.0,Bengaluru,,#1663
2026-04-28,Printed A-Line Kurti,5,799.0,3995.0,Bengaluru,,#1663
2026-04-28,Oversized Cotton Tee,12,349.0,4188.0,Chennai,,#1664
2026-04-28,Pique Polo T-Shirt,10,599.0,5990.0,Chennai,,#1664
2026-04-28,Printed A-Line Kurti,12,799.0,9588.0,Chennai,,#1664
2026-04-28,Rayon Crop Top,8,399.0,3192.0,Chennai,,#1664
2026-04-28,Linen Blend Casual Shirt,5,999.0,4995.0,Chennai,,#1664
2026-04-29,Straight Fit Denim Jeans,3,1499.0,4497.0,Delhi,,#1669
2026-04-29,Pique Polo T-Shirt,6,599.0,3594.0,Delhi,,#1669
2026-04-29,Printed A-Line Kurti,13,799.0,10387.0,Delhi,,#1669
2026-04-29,Rayon Crop Top,14,399.0,5586.0,Delhi,,#1669
2026-04-29,Linen Blend Casual Shirt,9,999.0,8991.0,Mumbai,,#1670
2026-04-29,Oversized Cotton Tee,12,349.0,4188.0,Delhi,,#1669
2026-04-29,Pique Polo T-Shirt,11,599.0,6589.0,Mumbai,,#1670
2026-04-29,Printed A-Line Kurti,10,799.0,7990.0,Mumbai,,#1670
2026-04-29,Rayon Crop Top,9,399.0,3591.0,Mumbai,,#1670
2026-04-29,Straight Fit Denim Jeans,7,1499.0,10493.0,Mumbai,,#1670
2026-04-29,Oversized Cotton Tee,8,349.0,2792.0,Mumbai,,#1670
2026-04-29,Linen Blend Casual Shirt,7,999.0,6993.0,Delhi,,#1669
2026-04-29,Linen Blend Casual Shirt,5,999.0,4995.0,Bengaluru,,#1667
2026-04-29,Rayon Crop Top,6,399.0,2394.0,Chennai,,#1668
2026-04-29,Printed A-Line Kurti,14,799.0,11186.0,Chennai,,#1668
2026-04-29,Pique Polo T-Shirt,3,599.0,1797.0,Chennai,,#1668
2026-04-29,Oversized Cotton Tee,7,349.0,2443.0,Chennai,,#1668
2026-04-29,Linen Blend Casual Shirt,6,999.0,5994.0,Chennai,,#1668
2026-04-29,Straight Fit Denim Jeans,5,1499.0,7495.0,Bengaluru,,#1667
2026-04-29,Rayon Crop Top,11,399.0,4389.0,Bengaluru,,#1667
2026-04-29,Printed A-Line Kurti,6,799.0,4794.0,Bengaluru,,#1667
2026-04-29,Pique Polo T-Shirt,7,599.0,4193.0,Bengaluru,,#1667
2026-04-29,Oversized Cotton Tee,6,349.0,2094.0,Bengaluru,,#1667
2026-04-29,Straight Fit Denim Jeans,3,1499.0,4497.0,Chennai,,#1668
2026-04-30,Pique Polo T-Shirt,9,599.0,5391.0,Delhi,,#1673
2026-04-30,Printed A-Line Kurti,13,799.0,10387.0,Delhi,,#1673
2026-04-30,Rayon Crop Top,13,399.0,5187.0,Delhi,,#1673
2026-04-30,Straight Fit Denim Jeans,5,1499.0,7495.0,Delhi,,#1673
2026-04-30,Linen Blend Casual Shirt,6,999.0,5994.0,Mumbai,,#1674
2026-04-30,Straight Fit Denim Jeans,10,1499.0,14990.0,Mumbai,,#1674
2026-04-30,Pique Polo T-Shirt,5,599.0,2995.0,Mumbai,,#1674
2026-04-30,Printed A-Line Kurti,11,799.0,8789.0,Mumbai,,#1674
2026-04-30,Rayon Crop Top,13,399.0,5187.0,Mumbai,,#1674
2026-04-30,Oversized Cotton Tee,8,349.0,2792.0,Delhi,,#1673
2026-04-30,Oversized Cotton Tee,19,349.0,6631.0,Mumbai,,#1674
2026-04-30,Linen Blend Casual Shirt,9,999.0,8991.0,Delhi,,#1673
2026-04-30,Straight Fit Denim Jeans,3,1499.0,4497.0,Chennai,,#1672
2026-04-30,Rayon Crop Top,8,399.0,3192.0,Chennai,,#1672
2026-04-30,Oversized Cotton Tee,11,349.0,3839.0,Bengaluru,,#1671
2026-04-30,Pique Polo T-Shirt,6,599.0,3594.0,Bengaluru,,#1671
2026-04-30,Printed A-Line Kurti,9,799.0,7191.0,Bengaluru,,#1671
2026-04-30,Rayon Crop Top,4,399.0,1596.0,Bengaluru,,#1671
2026-04-30,Linen Blend Casual Shirt,2,999.0,1998.0,Bengaluru,,#1671
2026-04-30,Linen Blend Casual Shirt,3,999.0,2997.0,Chennai,,#1672
2026-04-30,Oversized Cotton Tee,10,349.0,3490.0,Chennai,,#1672
2026-04-30,Pique Polo T-Shirt,4,599.0,2396.0,Chennai,,#1672
2026-04-30,Printed A-Line Kurti,7,799.0,5593.0,Chennai,,#1672
2026-04-30,Straight Fit Denim Jeans,5,1499.0,7495.0,Bengaluru,,#1671
2026-05-01,Pique Polo T-Shirt,7,599.0,4193.0,Delhi,,#1677
2026-05-01,Straight Fit Denim Jeans,5,1499.0,7495.0,Mumbai,,#1678
2026-05-01,Rayon Crop Top,10,399.0,3990.0,Mumbai,,#1678
2026-05-01,Printed A-Line Kurti,16,799.0,12784.0,Mumbai,,#1678
2026-05-01,Pique Polo T-Shirt,5,599.0,2995.0,Mumbai,,#1678
2026-05-01,Oversized Cotton Tee,13,349.0,4537.0,Mumbai,,#1678
2026-05-01,Linen Blend Casual Shirt,13,999.0,12987.0,Mumbai,,#1678
2026-05-01,Straight Fit Denim Jeans,3,1499.0,4497.0,Delhi,,#1677
2026-05-01,Rayon Crop Top,9,399.0,3591.0,Delhi,,#1677
2026-05-01,Printed A-Line Kurti,10,799.0,7990.0,Delhi,,#1677
2026-05-01,Oversized Cotton Tee,10,349.0,3490.0,Delhi,,#1677
2026-05-01,Linen Blend Casual Shirt,14,999.0,13986.0,Delhi,,#1677
2026-05-01,Linen Blend Casual Shirt,2,999.0,1998.0,Bengaluru,,#1675
2026-05-01,Straight Fit Denim Jeans,3,1499.0,4497.0,Chennai,,#1676
2026-05-01,Oversized Cotton Tee,7,349.0,2443.0,Bengaluru,,#1675
2026-05-01,Pique Polo T-Shirt,3,599.0,1797.0,Bengaluru,,#1675
2026-05-01,Rayon Crop Top,8,399.0,3192.0,Bengaluru,,#1675
2026-05-01,Straight Fit Denim Jeans,5,1499.0,7495.0,Bengaluru,,#1675
2026-05-01,Printed A-Line Kurti,7,799.0,5593.0,Bengaluru,,#1675
2026-05-01,Oversized Cotton Tee,10,349.0,3490.0,Chennai,,#1676
2026-05-01,Pique Polo T-Shirt,4,599.0,2396.0,Chennai,,#1676
2026-05-01,Printed A-Line Kurti,7,799.0,5593.0,Chennai,,#1676
2026-05-01,Rayon Crop Top,10,399.0,3990.0,Chennai,,#1676
2026-05-01,Linen Blend Casual Shirt,4,999.0,3996.0,Chennai,,#1676
2026-05-02,Straight Fit Denim Jeans,8,1499.0,11992.0,Delhi,,#1681
2026-05-02,Pique Polo T-Shirt,7,599.0,4193.0,Delhi,,#1681
2026-05-02,Printed A-Line Kurti,14,799.0,11186.0,Delhi,,#1681
2026-05-02,Rayon Crop Top,17,399.0,6783.0,Delhi,,#1681
2026-05-02,Linen Blend Casual Shirt,8,999.0,7992.0,Mumbai,,#1682
2026-05-02,Oversized Cotton Tee,12,349.0,4188.0,Delhi,,#1681
2026-05-02,Pique Polo T-Shirt,10,599.0,5990.0,Mumbai,,#1682
2026-05-02,Printed A-Line Kurti,11,799.0,8789.0,Mumbai,,#1682
2026-05-02,Rayon Crop Top,8,399.0,3192.0,Mumbai,,#1682
2026-05-02,Straight Fit Denim Jeans,5,1499.0,7495.0,Mumbai,,#1682
2026-05-02,Oversized Cotton Tee,12,349.0,4188.0,Mumbai,,#1682
2026-05-02,Linen Blend Casual Shirt,6,999.0,5994.0,Delhi,,#1681
2026-05-02,Linen Blend Casual Shirt,2,999.0,1998.0,Bengaluru,,#1679
2026-05-02,Rayon Crop Top,5,399.0,1995.0,Chennai,,#1680
2026-05-02,Printed A-Line Kurti,10,799.0,7990.0,Chennai,,#1680
2026-05-02,Pique Polo T-Shirt,7,599.0,4193.0,Chennai,,#1680
2026-05-02,Oversized Cotton Tee,7,349.0,2443.0,Chennai,,#1680
2026-05-02,Linen Blend Casual Shirt,8,999.0,7992.0,Chennai,,#1680
2026-05-02,Straight Fit Denim Jeans,9,1499.0,13491.0,Bengaluru,,#1679
2026-05-02,Rayon Crop Top,10,399.0,3990.0,Bengaluru,,#1679
2026-05-02,Printed A-Line Kurti,2,799.0,1598.0,Bengaluru,,#1679
2026-05-02,Pique Polo T-Shirt,7,599.0,4193.0,Bengaluru,,#1679
2026-05-02,Oversized Cotton Tee,9,349.0,3141.0,Bengaluru,,#1679
2026-05-02,Straight Fit Denim Jeans,4,1499.0,5996.0,Chennai,,#1680
2026-05-03,Pique Polo T-Shirt,8,599.0,4792.0,Delhi,,#1685
2026-05-03,Printed A-Line Kurti,10,799.0,7990.0,Delhi,,#1685
2026-05-03,Rayon Crop Top,14,399.0,5586.0,Delhi,,#1685
2026-05-03,Straight Fit Denim Jeans,9,1499.0,13491.0,Delhi,,#1685
2026-05-03,Linen Blend Casual Shirt,10,999.0,9990.0,Mumbai,,#1686
2026-05-03,Straight Fit Denim Jeans,11,1499.0,16489.0,Mumbai,,#1686
2026-05-03,Pique Polo T-Shirt,6,599.0,3594.0,Mumbai,,#1686
2026-05-03,Printed A-Line Kurti,15,799.0,11985.0,Mumbai,,#1686
2026-05-03,Rayon Crop Top,11,399.0,4389.0,Mumbai,,#1686
2026-05-03,Oversized Cotton Tee,16,349.0,5584.0,Delhi,,#1685
2026-05-03,Oversized Cotton Tee,11,349.0,3839.0,Mumbai,,#1686
2026-05-03,Linen Blend Casual Shirt,12,999.0,11988.0,Delhi,,#1685
2026-05-03,Straight Fit Denim Jeans,5,1499.0,7495.0,Chennai,,#1684
2026-05-03,Rayon Crop Top,6,399.0,2394.0,Chennai,,#1684
2026-05-03,Oversized Cotton Tee,13,349.0,4537.0,Bengaluru,,#1683
2026-05-03,Pique Polo T-Shirt,7,599.0,4193.0,Bengaluru,,#1683
2026-05-03,Printed A-Line Kurti,12,799.0,9588.0,Bengaluru,,#1683
2026-05-03,Rayon Crop Top,4,399.0,1596.0,Bengaluru,,#1683
2026-05-03,Linen Blend Casual Shirt,4,999.0,3996.0,Bengaluru,,#1683
2026-05-03,Linen Blend Casual Shirt,9,999.0,8991.0,Chennai,,#1684
2026-05-03,Oversized Cotton Tee,6,349.0,2094.0,Chennai,,#1684
2026-05-03,Pique Polo T-Shirt,8,599.0,4792.0,Chennai,,#1684
2026-05-03,Printed A-Line Kurti,3,799.0,2397.0,Chennai,,#1684
2026-05-03,Straight Fit Denim Jeans,8,1499.0,11992.0,Bengaluru,,#1683
2026-05-04,Oversized Cotton Tee,15,349.0,5235.0,Delhi,,#1689
2026-05-04,Rayon Crop Top,19,399.0,7581.0,Mumbai,,#1690
2026-05-04,Printed A-Line Kurti,15,799.0,11985.0,Mumbai,,#1690
2026-05-04,Pique Polo T-Shirt,4,599.0,2396.0,Mumbai,,#1690
2026-05-04,Oversized Cotton Tee,13,349.0,4537.0,Mumbai,,#1690
2026-05-04,Linen Blend Casual Shirt,5,999.0,4995.0,Mumbai,,#1690
2026-05-04,Straight Fit Denim Jeans,4,1499.0,5996.0,Delhi,,#1689
2026-05-04,Rayon Crop Top,13,399.0,5187.0,Delhi,,#1689
2026-05-04,Printed A-Line Kurti,22,799.0,17578.0,Delhi,,#1689
2026-05-04,Pique Polo T-Shirt,14,599.0,8386.0,Delhi,,#1689
2026-05-04,Linen Blend Casual Shirt,11,999.0,10989.0,Delhi,,#1689
2026-05-04,Straight Fit Denim Jeans,10,1499.0,14990.0,Mumbai,,#1690
2026-05-04,Rayon Crop Top,11,399.0,4389.0,Chennai,,#1688
2026-05-04,Linen Blend Casual Shirt,11,999.0,10989.0,Bengaluru,,#1687
2026-05-04,Oversized Cotton Tee,14,349.0,4886.0,Bengaluru,,#1687
2026-05-04,Pique Polo T-Shirt,8,599.0,4792.0,Bengaluru,,#1687
2026-05-04,Printed A-Line Kurti,20,799.0,15980.0,Bengaluru,,#1687
2026-05-04,Rayon Crop Top,10,399.0,3990.0,Bengaluru,,#1687
2026-05-04,Straight Fit Denim Jeans,6,1499.0,8994.0,Chennai,,#1688
2026-05-04,Linen Blend Casual Shirt,12,999.0,11988.0,Chennai,,#1688
2026-05-04,Oversized Cotton Tee,23,349.0,8027.0,Chennai,,#1688
2026-05-04,Pique Polo T-Shirt,10,599.0,5990.0,Chennai,,#1688
2026-05-04,Printed A-Line Kurti,17,799.0,13583.0,Chennai,,#1688
2026-05-04,Straight Fit Denim Jeans,9,1499.0,13491.0,Bengaluru,,#1687
2026-05-05,Oversized Cotton Tee,23,349.0,8027.0,Delhi,,#1693
2026-05-05,Pique Polo T-Shirt,9,599.0,5391.0,Delhi,,#1693
2026-05-05,Printed A-Line Kurti,10,799.0,7990.0,Delhi,,#1693
2026-05-05,Rayon Crop Top,21,399.0,8379.0,Delhi,,#1693
2026-05-05,Straight Fit Denim Jeans,8,1499.0,11992.0,Delhi,,#1693
2026-05-05,Oversized Cotton Tee,20,349.0,6980.0,Mumbai,,#1694
2026-05-05,Pique Polo T-Shirt,14,599.0,8386.0,Mumbai,,#1694
2026-05-05,Printed A-Line Kurti,16,799.0,12784.0,Mumbai,,#1694
2026-05-05,Rayon Crop Top,20,399.0,7980.0,Mumbai,,#1694
2026-05-05,Linen Blend Casual Shirt,20,999.0,19980.0,Delhi,,#1693
2026-05-05,Linen Blend Casual Shirt,19,999.0,18981.0,Mumbai,,#1694
2026-05-05,Straight Fit Denim Jeans,6,1499.0,8994.0,Mumbai,,#1694
2026-05-05,Straight Fit Denim Jeans,12,1499.0,17988.0,Chennai,,#1692
2026-05-05,Printed A-Line Kurti,10,799.0,7990.0,Chennai,,#1692
2026-05-05,Pique Polo T-Shirt,8,599.0,4792.0,Chennai,,#1692
2026-05-05,Oversized Cotton Tee,22,349.0,7678.0,Chennai,,#1692
2026-05-05,Linen Blend Casual Shirt,11,999.0,10989.0,Chennai,,#1692
2026-05-05,Straight Fit Denim Jeans,8,1499.0,11992.0,Bengaluru,,#1691
2026-05-05,Rayon Crop Top,13,399.0,5187.0,Bengaluru,,#1691
2026-05-05,Printed A-Line Kurti,13,799.0,10387.0,Bengaluru,,#1691
2026-05-05,Pique Polo T-Shirt,10,599.0,5990.0,Bengaluru,,#1691
2026-05-05,Oversized Cotton Tee,14,349.0,4886.0,Bengaluru,,#1691
2026-05-05,Linen Blend Casual Shirt,7,999.0,6993.0,Bengaluru,,#1691
2026-05-05,Rayon Crop Top,15,399.0,5985.0,Chennai,,#1692
2026-05-06,Pique Polo T-Shirt,13,599.0,7787.0,Delhi,,#1697
2026-05-06,Printed A-Line Kurti,10,799.0,7990.0,Delhi,,#1697
2026-05-06,Rayon Crop Top,14,399.0,5586.0,Delhi,,#1697
2026-05-06,Straight Fit Denim Jeans,10,1499.0,14990.0,Delhi,,#1697
2026-05-06,Oversized Cotton Tee,14,349.0,4886.0,Delhi,,#1697
2026-05-06,Oversized Cotton Tee,11,349.0,3839.0,Mumbai,,#1698
2026-05-06,Pique Polo T-Shirt,15,599.0,8985.0,Mumbai,,#1698
2026-05-06,Printed A-Line Kurti,15,799.0,11985.0,Mumbai,,#1698
2026-05-06,Rayon Crop Top,11,399.0,4389.0,Mumbai,,#1698
2026-05-06,Linen Blend Casual Shirt,17,999.0,16983.0,Mumbai,,#1698
2026-05-06,Linen Blend Casual Shirt,11,999.0,10989.0,Delhi,,#1697
2026-05-06,Straight Fit Denim Jeans,6,1499.0,8994.0,Mumbai,,#1698
2026-05-06,Rayon Crop Top,11,399.0,4389.0,Chennai,,#1696
2026-05-06,Linen Blend Casual Shirt,5,999.0,4995.0,Bengaluru,,#1695
2026-05-06,Oversized Cotton Tee,5,349.0,1745.0,Bengaluru,,#1695
2026-05-06,Pique Polo T-Shirt,6,599.0,3594.0,Bengaluru,,#1695
2026-05-06,Printed A-Line Kurti,8,799.0,6392.0,Bengaluru,,#1695
2026-05-06,Rayon Crop Top,12,399.0,4788.0,Bengaluru,,#1695
2026-05-06,Straight Fit Denim Jeans,3,1499.0,4497.0,Chennai,,#1696
2026-05-06,Linen Blend Casual Shirt,11,999.0,10989.0,Chennai,,#1696
2026-05-06,Oversized Cotton Tee,9,349.0,3141.0,Chennai,,#1696
2026-05-06,Pique Polo T-Shirt,7,599.0,4193.0,Chennai,,#1696
2026-05-06,Printed A-Line Kurti,10,799.0,7990.0,Chennai,,#1696
2026-05-06,Straight Fit Denim Jeans,5,1499.0,7495.0,Bengaluru,,#1695
2026-05-07,Oversized Cotton Tee,12,349.0,4188.0,Delhi,,#1701
2026-05-07,Rayon Crop Top,12,399.0,4788.0,Mumbai,,#1702
2026-05-07,Printed A-Line Kurti,11,799.0,8789.0,Mumbai,,#1702
2026-05-07,Pique Polo T-Shirt,7,599.0,4193.0,Mumbai,,#1702
2026-05-07,Oversized Cotton Tee,9,349.0,3141.0,Mumbai,,#1702
2026-05-07,Linen Blend Casual Shirt,6,999.0,5994.0,Mumbai,,#1702
2026-05-07,Straight Fit Denim Jeans,11,1499.0,16489.0,Delhi,,#1701
2026-05-07,Rayon Crop Top,18,399.0,7182.0,Delhi,,#1701
2026-05-07,Printed A-Line Kurti,14,799.0,11186.0,Delhi,,#1701
2026-05-07,Pique Polo T-Shirt,7,599.0,4193.0,Delhi,,#1701
2026-05-07,Linen Blend Casual Shirt,8,999.0,7992.0,Delhi,,#1701
2026-05-07,Straight Fit Denim Jeans,9,1499.0,13491.0,Mumbai,,#1702
2026-05-07,Rayon Crop Top,11,399.0,4389.0,Chennai,,#1700
2026-05-07,Linen Blend Casual Shirt,9,999.0,8991.0,Bengaluru,,#1699
2026-05-07,Oversized Cotton Tee,10,349.0,3490.0,Bengaluru,,#1699
2026-05-07,Pique Polo T-Shirt,9,599.0,5391.0,Bengaluru,,#1699
2026-05-07,Printed A-Line Kurti,5,799.0,3995.0,Bengaluru,,#1699
2026-05-07,Rayon Crop Top,12,399.0,4788.0,Bengaluru,,#1699
2026-05-07,Straight Fit Denim Jeans,2,1499.0,2998.0,Chennai,,#1700
2026-05-07,Linen Blend Casual Shirt,7,999.0,6993.0,Chennai,,#1700
2026-05-07,Oversized Cotton Tee,9,349.0,3141.0,Chennai,,#1700
2026-05-07,Pique Polo T-Shirt,3,599.0,1797.0,Chennai,,#1700
2026-05-07,Printed A-Line Kurti,11,799.0,8789.0,Chennai,,#1700
2026-05-07,Straight Fit Denim Jeans,2,1499.0,2998.0,Bengaluru,,#1699
2026-05-08,Oversized Cotton Tee,14,349.0,4886.0,Delhi,,#1705
2026-05-08,Pique Polo T-Shirt,9,599.0,5391.0,Delhi,,#1705
2026-05-08,Printed A-Line Kurti,11,799.0,8789.0,Delhi,,#1705
2026-05-08,Rayon Crop Top,14,399.0,5586.0,Delhi,,#1705
2026-05-08,Straight Fit Denim Jeans,11,1499.0,16489.0,Delhi,,#1705
2026-05-08,Oversized Cotton Tee,14,349.0,4886.0,Mumbai,,#1706
2026-05-08,Pique Polo T-Shirt,10,599.0,5990.0,Mumbai,,#1706
2026-05-08,Printed A-Line Kurti,12,799.0,9588.0,Mumbai,,#1706
2026-05-08,Rayon Crop Top,8,399.0,3192.0,Mumbai,,#1706
2026-05-08,Linen Blend Casual Shirt,15,999.0,14985.0,Delhi,,#1705
2026-05-08,Linen Blend Casual Shirt,8,999.0,7992.0,Mumbai,,#1706
2026-05-08,Straight Fit Denim Jeans,9,1499.0,13491.0,Mumbai,,#1706
2026-05-08,Straight Fit Denim Jeans,3,1499.0,4497.0,Chennai,,#1704
2026-05-08,Printed A-Line Kurti,4,799.0,3196.0,Chennai,,#1704
2026-05-08,Pique Polo T-Shirt,6,599.0,3594.0,Chennai,,#1704
2026-05-08,Oversized Cotton Tee,11,349.0,3839.0,Chennai,,#1704
2026-05-08,Linen Blend Casual Shirt,4,999.0,3996.0,Chennai,,#1704
2026-05-08,Straight Fit Denim Jeans,3,1499.0,4497.0,Bengaluru,,#1703
2026-05-08,Rayon Crop Top,13,399.0,5187.0,Bengaluru,,#1703
2026-05-08,Printed A-Line Kurti,5,799.0,3995.0,Bengaluru,,#1703
2026-05-08,Pique Polo T-Shirt,8,599.0,4792.0,Bengaluru,,#1703
2026-05-08,Oversized Cotton Tee,12,349.0,4188.0,Bengaluru,,#1703
2026-05-08,Linen Blend Casual Shirt,5,999.0,4995.0,Bengaluru,,#1703
2026-05-08,Rayon Crop Top,11,399.0,4389.0,Chennai,,#1704
2026-05-09,Pique Polo T-Shirt,8,599.0,4792.0,Delhi,,#1709
2026-05-09,Printed A-Line Kurti,10,799.0,7990.0,Delhi,,#1709
2026-05-09,Rayon Crop Top,19,399.0,7581.0,Delhi,,#1709
2026-05-09,Straight Fit Denim Jeans,8,1499.0,11992.0,Delhi,,#1709
2026-05-09,Linen Blend Casual Shirt,4,999.0,3996.0,Mumbai,,#1710
2026-05-09,Straight Fit Denim Jeans,10,1499.0,14990.0,Mumbai,,#1710
2026-05-09,Pique Polo T-Shirt,8,599.0,4792.0,Mumbai,,#1710
2026-05-09,Printed A-Line Kurti,12,799.0,9588.0,Mumbai,,#1710
2026-05-09,Rayon Crop Top,13,399.0,5187.0,Mumbai,,#1710
2026-05-09,Oversized Cotton Tee,10,349.0,3490.0,Delhi,,#1709
2026-05-09,Oversized Cotton Tee,12,349.0,4188.0,Mumbai,,#1710
2026-05-09,Linen Blend Casual Shirt,12,999.0,11988.0,Delhi,,#1709
2026-05-09,Straight Fit Denim Jeans,5,1499.0,7495.0,Chennai,,#1708
2026-05-09,Rayon Crop Top,8,399.0,3192.0,Chennai,,#1708
2026-05-09,Oversized Cotton Tee,7,349.0,2443.0,Bengaluru,,#1707
2026-05-09,Pique Polo T-Shirt,4,599.0,2396.0,Bengaluru,,#1707
2026-05-09,Printed A-Line Kurti,9,799.0,7191.0,Bengaluru,,#1707
2026-05-09,Rayon Crop Top,8,399.0,3192.0,Bengaluru,,#1707
2026-05-09,Linen Blend Casual Shirt,6,999.0,5994.0,Bengaluru,,#1707
2026-05-09,Linen Blend Casual Shirt,4,999.0,3996.0,Chennai,,#1708
2026-05-09,Oversized Cotton Tee,8,349.0,2792.0,Chennai,,#1708
2026-05-09,Pique Polo T-Shirt,5,599.0,2995.0,Chennai,,#1708
2026-05-09,Printed A-Line Kurti,12,799.0,9588.0,Chennai,,#1708
2026-05-09,Straight Fit Denim Jeans,5,1499.0,7495.0,Bengaluru,,#1707
2026-05-10,Oversized Cotton Tee,11,349.0,3839.0,Delhi,,#1713
2026-05-10,Rayon Crop Top,7,399.0,2793.0,Mumbai,,#1714
2026-05-10,Printed A-Line Kurti,12,799.0,9588.0,Mumbai,,#1714
2026-05-10,Pique Polo T-Shirt,7,599.0,4193.0,Mumbai,,#1714
2026-05-10,Oversized Cotton Tee,10,349.0,3490.0,Mumbai,,#1714
2026-05-10,Linen Blend Casual Shirt,4,999.0,3996.0,Mumbai,,#1714
2026-05-10,Straight Fit Denim Jeans,5,1499.0,7495.0,Delhi,,#1713
2026-05-10,Rayon Crop Top,9,399.0,3591.0,Delhi,,#1713
2026-05-10,Printed A-Line Kurti,8,799.0,6392.0,Delhi,,#1713
2026-05-10,Pique Polo T-Shirt,9,599.0,5391.0,Delhi,,#1713
2026-05-10,Linen Blend Casual Shirt,7,999.0,6993.0,Delhi,,#1713
2026-05-10,Straight Fit Denim Jeans,12,1499.0,17988.0,Mumbai,,#1714
2026-05-10,Rayon Crop Top,11,399.0,4389.0,Chennai,,#1712
2026-05-10,Linen Blend Casual Shirt,12,999.0,11988.0,Bengaluru,,#1711
2026-05-10,Oversized Cotton Tee,6,349.0,2094.0,Bengaluru,,#1711
2026-05-10,Pique Polo T-Shirt,3,599.0,1797.0,Bengaluru,,#1711
2026-05-10,Printed A-Line Kurti,6,799.0,4794.0,Bengaluru,,#1711
2026-05-10,Rayon Crop Top,5,399.0,1995.0,Bengaluru,,#1711
2026-05-10,Straight Fit Denim Jeans,4,1499.0,5996.0,Chennai,,#1712
2026-05-10,Linen Blend Casual Shirt,3,999.0,2997.0,Chennai,,#1712
2026-05-10,Oversized Cotton Tee,4,349.0,1396.0,Chennai,,#1712
2026-05-10,Pique Polo T-Shirt,4,599.0,2396.0,Chennai,,#1712
2026-05-10,Printed A-Line Kurti,7,799.0,5593.0,Chennai,,#1712
2026-05-10,Straight Fit Denim Jeans,8,1499.0,11992.0,Bengaluru,,#1711
2026-05-11,Oversized Cotton Tee,16,349.0,5584.0,Delhi,,#1717
2026-05-11,Pique Polo T-Shirt,11,599.0,6589.0,Delhi,,#1717
2026-05-11,Printed A-Line Kurti,14,799.0,11186.0,Delhi,,#1717
2026-05-11,Rayon Crop Top,16,399.0,6384.0,Delhi,,#1717
2026-05-11,Straight Fit Denim Jeans,7,1499.0,10493.0,Delhi,,#1717
2026-05-11,Oversized Cotton Tee,14,349.0,4886.0,Mumbai,,#1718
2026-05-11,Pique Polo T-Shirt,8,599.0,4792.0,Mumbai,,#1718
2026-05-11,Printed A-Line Kurti,9,799.0,7191.0,Mumbai,,#1718
2026-05-11,Rayon Crop Top,12,399.0,4788.0,Mumbai,,#1718
2026-05-11,Linen Blend Casual Shirt,14,999.0,13986.0,Delhi,,#1717
2026-05-11,Linen Blend Casual Shirt,9,999.0,8991.0,Mumbai,,#1718
2026-05-11,Straight Fit Denim Jeans,11,1499.0,16489.0,Mumbai,,#1718
2026-05-11,Straight Fit Denim Jeans,7,1499.0,10493.0,Chennai,,#1716
2026-05-11,Printed A-Line Kurti,9,799.0,7191.0,Chennai,,#1716
2026-05-11,Pique Polo T-Shirt,8,599.0,4792.0,Chennai,,#1716
2026-05-11,Oversized Cotton Tee,13,349.0,4537.0,Chennai,,#1716
2026-05-11,Linen Blend Casual Shirt,9,999.0,8991.0,Chennai,,#1716
2026-05-11,Straight Fit Denim Jeans,13,1499.0,19487.0,Bengaluru,,#1715
2026-05-11,Rayon Crop Top,11,399.0,4389.0,Bengaluru,,#1715
2026-05-11,Printed A-Line Kurti,7,799.0,5593.0,Bengaluru,,#1715
2026-05-11,Pique Polo T-Shirt,3,599.0,1797.0,Bengaluru,,#1715
2026-05-11,Oversized Cotton Tee,11,349.0,3839.0,Bengaluru,,#1715
2026-05-11,Linen Blend Casual Shirt,7,999.0,6993.0,Bengaluru,,#1715
2026-05-11,Rayon Crop Top,10,399.0,3990.0,Chennai,,#1716
2026-05-12,Pique Polo T-Shirt,10,599.0,5990.0,Delhi,,#1721
2026-05-12,Printed A-Line Kurti,8,799.0,6392.0,Delhi,,#1721
2026-05-12,Rayon Crop Top,18,399.0,7182.0,Delhi,,#1721
2026-05-12,Straight Fit Denim Jeans,5,1499.0,7495.0,Delhi,,#1721
2026-05-12,Oversized Cotton Tee,12,349.0,4188.0,Delhi,,#1721
2026-05-12,Oversized Cotton Tee,23,349.0,8027.0,Mumbai,,#1722
2026-05-12,Pique Polo T-Shirt,3,599.0,1797.0,Mumbai,,#1722
2026-05-12,Printed A-Line Kurti,18,799.0,14382.0,Mumbai,,#1722
2026-05-12,Rayon Crop Top,15,399.0,5985.0,Mumbai,,#1722
2026-05-12,Linen Blend Casual Shirt,12,999.0,11988.0,Mumbai,,#1722
2026-05-12,Linen Blend Casual Shirt,17,999.0,16983.0,Delhi,,#1721
2026-05-12,Straight Fit Denim Jeans,9,1499.0,13491.0,Mumbai,,#1722
2026-05-12,Rayon Crop Top,10,399.0,3990.0,Chennai,,#1720
2026-05-12,Linen Blend Casual Shirt,6,999.0,5994.0,Bengaluru,,#1719
2026-05-12,Oversized Cotton Tee,6,349.0,2094.0,Bengaluru,,#1719
2026-05-12,Pique Polo T-Shirt,10,599.0,5990.0,Bengaluru,,#1719
2026-05-12,Printed A-Line Kurti,8,799.0,6392.0,Bengaluru,,#1719
2026-05-12,Rayon Crop Top,8,399.0,3192.0,Bengaluru,,#1719
2026-05-12,Straight Fit Denim Jeans,4,1499.0,5996.0,Chennai,,#1720
2026-05-12,Linen Blend Casual Shirt,5,999.0,4995.0,Chennai,,#1720
2026-05-12,Oversized Cotton Tee,13,349.0,4537.0,Chennai,,#1720
2026-05-12,Pique Polo T-Shirt,7,599.0,4193.0,Chennai,,#1720
2026-05-12,Printed A-Line Kurti,8,799.0,6392.0,Chennai,,#1720
2026-05-12,Straight Fit Denim Jeans,3,1499.0,4497.0,Bengaluru,,#1719
2026-05-13,Oversized Cotton Tee,15,349.0,5235.0,Delhi,,#1725
2026-05-13,Rayon Crop Top,9,399.0,3591.0,Mumbai,,#1726
2026-05-13,Printed A-Line Kurti,9,799.0,7191.0,Mumbai,,#1726
2026-05-13,Pique Polo T-Shirt,9,599.0,5391.0,Mumbai,,#1726
2026-05-13,Oversized Cotton Tee,17,349.0,5933.0,Mumbai,,#1726
2026-05-13,Linen Blend Casual Shirt,13,999.0,12987.0,Mumbai,,#1726
2026-05-13,Straight Fit Denim Jeans,7,1499.0,10493.0,Delhi,,#1725
2026-05-13,Rayon Crop Top,10,399.0,3990.0,Delhi,,#1725
2026-05-13,Printed A-Line Kurti,10,799.0,7990.0,Delhi,,#1725
2026-05-13,Pique Polo T-Shirt,9,599.0,5391.0,Delhi,,#1725
2026-05-13,Linen Blend Casual Shirt,8,999.0,7992.0,Delhi,,#1725
2026-05-13,Straight Fit Denim Jeans,11,1499.0,16489.0,Mumbai,,#1726
2026-05-13,Rayon Crop Top,5,399.0,1995.0,Chennai,,#1724
2026-05-13,Linen Blend Casual Shirt,5,999.0,4995.0,Bengaluru,,#1723
2026-05-13,Oversized Cotton Tee,12,349.0,4188.0,Bengaluru,,#1723
2026-05-13,Pique Polo T-Shirt,6,599.0,3594.0,Bengaluru,,#1723
2026-05-13,Printed A-Line Kurti,8,799.0,6392.0,Bengaluru,,#1723
2026-05-13,Rayon Crop Top,7,399.0,2793.0,Bengaluru,,#1723
2026-05-13,Straight Fit Denim Jeans,2,1499.0,2998.0,Chennai,,#1724
2026-05-13,Linen Blend Casual Shirt,10,999.0,9990.0,Chennai,,#1724
2026-05-13,Oversized Cotton Tee,9,349.0,3141.0,Chennai,,#1724
2026-05-13,Pique Polo T-Shirt,2,599.0,1198.0,Chennai,,#1724
2026-05-13,Printed A-Line Kurti,3,799.0,2397.0,Chennai,,#1724
2026-05-13,Straight Fit Denim Jeans,12,1499.0,17988.0,Bengaluru,,#1723
2026-05-14,Oversized Cotton Tee,15,349.0,5235.0,Delhi,,#1729
2026-05-14,Pique Polo T-Shirt,6,599.0,3594.0,Delhi,,#1729
2026-05-14,Printed A-Line Kurti,12,799.0,9588.0,Delhi,,#1729
2026-05-14,Rayon Crop Top,10,399.0,3990.0,Delhi,,#1729
2026-05-14,Straight Fit Denim Jeans,3,1499.0,4497.0,Delhi,,#1729
2026-05-14,Oversized Cotton Tee,20,349.0,6980.0,Mumbai,,#1730
2026-05-14,Pique Polo T-Shirt,12,599.0,7188.0,Mumbai,,#1730
2026-05-14,Printed A-Line Kurti,6,799.0,4794.0,Mumbai,,#1730
2026-05-14,Rayon Crop Top,13,399.0,5187.0,Mumbai,,#1730
2026-05-14,Linen Blend Casual Shirt,8,999.0,7992.0,Delhi,,#1729
2026-05-14,Linen Blend Casual Shirt,9,999.0,8991.0,Mumbai,,#1730
2026-05-14,Straight Fit Denim Jeans,8,1499.0,11992.0,Mumbai,,#1730
2026-05-14,Straight Fit Denim Jeans,5,1499.0,7495.0,Chennai,,#1728
2026-05-14,Printed A-Line Kurti,7,799.0,5593.0,Chennai,,#1728
2026-05-14,Pique Polo T-Shirt,6,599.0,3594.0,Chennai,,#1728
2026-05-14,Oversized Cotton Tee,15,349.0,5235.0,Chennai,,#1728
2026-05-14,Linen Blend Casual Shirt,5,999.0,4995.0,Chennai,,#1728
2026-05-14,Straight Fit Denim Jeans,4,1499.0,5996.0,Bengaluru,,#1727
2026-05-14,Rayon Crop Top,11,399.0,4389.0,Bengaluru,,#1727
2026-05-14,Printed A-Line Kurti,11,799.0,8789.0,Bengaluru,,#1727
2026-05-14,Pique Polo T-Shirt,5,599.0,2995.0,Bengaluru,,#1727
2026-05-14,Oversized Cotton Tee,7,349.0,2443.0,Bengaluru,,#1727
2026-05-14,Linen Blend Casual Shirt,7,999.0,6993.0,Bengaluru,,#1727
2026-05-14,Rayon Crop Top,10,399.0,3990.0,Chennai,,#1728
2026-05-15,Pique Polo T-Shirt,4,599.0,2396.0,Delhi,,#1733
2026-05-15,Printed A-Line Kurti,7,799.0,5593.0,Delhi,,#1733
2026-05-15,Rayon Crop Top,11,399.0,4389.0,Delhi,,#1733
2026-05-15,Straight Fit Denim Jeans,5,1499.0,7495.0,Delhi,,#1733
2026-05-15,Oversized Cotton Tee,15,349.0,5235.0,Delhi,,#1733
2026-05-15,Oversized Cotton Tee,10,349.0,3490.0,Mumbai,,#1734
2026-05-15,Pique Polo T-Shirt,6,599.0,3594.0,Mumbai,,#1734
2026-05-15,Printed A-Line Kurti,13,799.0,10387.0,Mumbai,,#1734
2026-05-15,Rayon Crop Top,15,399.0,5985.0,Mumbai,,#1734
2026-05-15,Linen Blend Casual Shirt,5,999.0,4995.0,Mumbai,,#1734
2026-05-15,Linen Blend Casual Shirt,7,999.0,6993.0,Delhi,,#1733
2026-05-15,Straight Fit Denim Jeans,10,1499.0,14990.0,Mumbai,,#1734
2026-05-15,Rayon Crop Top,2,399.0,798.0,Chennai,,#1732
2026-05-15,Linen Blend Casual Shirt,6,999.0,5994.0,Bengaluru,,#1731
2026-05-15,Oversized Cotton Tee,11,349.0,3839.0,Bengaluru,,#1731
2026-05-15,Pique Polo T-Shirt,5,599.0,2995.0,Bengaluru,,#1731
2026-05-15,Printed A-Line Kurti,5,799.0,3995.0,Bengaluru,,#1731
2026-05-15,Rayon Crop Top,4,399.0,1596.0,Bengaluru,,#1731
2026-05-15,Straight Fit Denim Jeans,4,1499.0,5996.0,Chennai,,#1732
2026-05-15,Linen Blend Casual Shirt,7,999.0,6993.0,Chennai,,#1732
2026-05-15,Oversized Cotton Tee,5,349.0,1745.0,Chennai,,#1732
2026-05-15,Pique Polo T-Shirt,5,599.0,2995.0,Chennai,,#1732
2026-05-15,Printed A-Line Kurti,11,799.0,8789.0,Chennai,,#1732
2026-05-15,Straight Fit Denim Jeans,9,1499.0,13491.0,Bengaluru,,#1731
2026-05-16,Straight Fit Denim Jeans,4,1499.0,5996.0,Mumbai,,#1738
2026-05-16,Rayon Crop Top,8,399.0,3192.0,Mumbai,,#1738
2026-05-16,Printed A-Line Kurti,9,799.0,7191.0,Mumbai,,#1738
2026-05-16,Pique Polo T-Shirt,10,599.0,5990.0,Mumbai,,#1738
2026-05-16,Oversized Cotton Tee,11,349.0,3839.0,Mumbai,,#1738
2026-05-16,Linen Blend Casual Shirt,7,999.0,6993.0,Mumbai,,#1738
2026-05-16,Straight Fit Denim Jeans,7,1499.0,10493.0,Delhi,,#1737
2026-05-16,Rayon Crop Top,15,399.0,5985.0,Delhi,,#1737
2026-05-16,Pique Polo T-Shirt,6,599.0,3594.0,Delhi,,#1737
2026-05-16,Oversized Cotton Tee,11,349.0,3839.0,Delhi,,#1737
2026-05-16,Linen Blend Casual Shirt,19,999.0,18981.0,Delhi,,#1737
2026-05-16,Printed A-Line Kurti,8,799.0,6392.0,Delhi,,#1737
2026-05-16,Rayon Crop Top,3,399.0,1197.0,Chennai,,#1736
2026-05-16,Linen Blend Casual Shirt,4,999.0,3996.0,Bengaluru,,#1735
2026-05-16,Oversized Cotton Tee,9,349.0,3141.0,Bengaluru,,#1735
2026-05-16,Pique Polo T-Shirt,3,599.0,1797.0,Bengaluru,,#1735
2026-05-16,Printed A-Line Kurti,10,799.0,7990.0,Bengaluru,,#1735
2026-05-16,Rayon Crop Top,15,399.0,5985.0,Bengaluru,,#1735
2026-05-16,Straight Fit Denim Jeans,6,1499.0,8994.0,Chennai,,#1736
2026-05-16,Linen Blend Casual Shirt,5,999.0,4995.0,Chennai,,#1736
2026-05-16,Oversized Cotton Tee,9,349.0,3141.0,Chennai,,#1736
2026-05-16,Pique Polo T-Shirt,4,599.0,2396.0,Chennai,,#1736
2026-05-16,Printed A-Line Kurti,11,799.0,8789.0,Chennai,,#1736
2026-05-16,Straight Fit Denim Jeans,8,1499.0,11992.0,Bengaluru,,#1735
2026-05-17,Oversized Cotton Tee,11,349.0,3839.0,Delhi,,#1741
2026-05-17,Pique Polo T-Shirt,4,599.0,2396.0,Delhi,,#1741
2026-05-17,Printed A-Line Kurti,10,799.0,7990.0,Delhi,,#1741
2026-05-17,Rayon Crop Top,10,399.0,3990.0,Delhi,,#1741
2026-05-17,Straight Fit Denim Jeans,6,1499.0,8994.0,Delhi,,#1741
2026-05-17,Oversized Cotton Tee,18,349.0,6282.0,Mumbai,,#1742
2026-05-17,Pique Polo T-Shirt,12,599.0,7188.0,Mumbai,,#1742
2026-05-17,Printed A-Line Kurti,7,799.0,5593.0,Mumbai,,#1742
2026-05-17,Rayon Crop Top,6,399.0,2394.0,Mumbai,,#1742
2026-05-17,Linen Blend Casual Shirt,7,999.0,6993.0,Delhi,,#1741
2026-05-17,Linen Blend Casual Shirt,11,999.0,10989.0,Mumbai,,#1742
2026-05-17,Straight Fit Denim Jeans,5,1499.0,7495.0,Mumbai,,#1742
2026-05-17,Straight Fit Denim Jeans,4,1499.0,5996.0,Chennai,,#1740
2026-05-17,Printed A-Line Kurti,7,799.0,5593.0,Chennai,,#1740
2026-05-17,Linen Blend Casual Shirt,1,999.0,999.0,Bengaluru,,#1739
2026-05-17,Oversized Cotton Tee,8,349.0,2792.0,Bengaluru,,#1739
2026-05-17,Pique Polo T-Shirt,5,599.0,2995.0,Bengaluru,,#1739
2026-05-17,Printed A-Line Kurti,12,799.0,9588.0,Bengaluru,,#1739
2026-05-17,Rayon Crop Top,10,399.0,3990.0,Chennai,,#1740
2026-05-17,Straight Fit Denim Jeans,7,1499.0,10493.0,Bengaluru,,#1739
2026-05-17,Linen Blend Casual Shirt,6,999.0,5994.0,Chennai,,#1740
2026-05-17,Oversized Cotton Tee,12,349.0,4188.0,Chennai,,#1740
2026-05-17,Pique Polo T-Shirt,7,599.0,4193.0,Chennai,,#1740
2026-05-17,Rayon Crop Top,11,399.0,4389.0,Bengaluru,,#1739
2026-05-18,Oversized Cotton Tee,14,349.0,4886.0,Delhi,,#1745
2026-05-18,Rayon Crop Top,8,399.0,3192.0,Mumbai,,#1746
2026-05-18,Printed A-Line Kurti,13,799.0,10387.0,Mumbai,,#1746
2026-05-18,Pique Polo T-Shirt,11,599.0,6589.0,Mumbai,,#1746
2026-05-18,Oversized Cotton Tee,6,349.0,2094.0,Mumbai,,#1746
2026-05-18,Linen Blend Casual Shirt,7,999.0,6993.0,Mumbai,,#1746
2026-05-18,Straight Fit Denim Jeans,9,1499.0,13491.0,Delhi,,#1745
2026-05-18,Rayon Crop Top,17,399.0,6783.0,Delhi,,#1745
2026-05-18,Printed A-Line Kurti,11,799.0,8789.0,Delhi,,#1745
2026-05-18,Pique Polo T-Shirt,12,599.0,7188.0,Delhi,,#1745
2026-05-18,Straight Fit Denim Jeans,18,1499.0,26982.0,Mumbai,,#1746
2026-05-18,Linen Blend Casual Shirt,18,999.0,17982.0,Delhi,,#1745
2026-05-18,Rayon Crop Top,12,399.0,4788.0,Chennai,,#1744
2026-05-18,Straight Fit Denim Jeans,8,1499.0,11992.0,Chennai,,#1744
2026-05-18,Linen Blend Casual Shirt,13,999.0,12987.0,Bengaluru,,#1743
2026-05-18,Oversized Cotton Tee,10,349.0,3490.0,Bengaluru,,#1743
2026-05-18,Printed A-Line Kurti,13,799.0,10387.0,Bengaluru,,#1743
2026-05-18,Rayon Crop Top,15,399.0,5985.0,Bengaluru,,#1743
2026-05-18,Pique Polo T-Shirt,5,599.0,2995.0,Bengaluru,,#1743
2026-05-18,Linen Blend Casual Shirt,11,999.0,10989.0,Chennai,,#1744
2026-05-18,Oversized Cotton Tee,8,349.0,2792.0,Chennai,,#1744
2026-05-18,Pique Polo T-Shirt,2,599.0,1198.0,Chennai,,#1744
2026-05-18,Printed A-Line Kurti,12,799.0,9588.0,Chennai,,#1744
2026-05-18,Straight Fit Denim Jeans,12,1499.0,17988.0,Bengaluru,,#1743
2026-05-19,Straight Fit Denim Jeans,10,1499.0,14990.0,Delhi,,#1749
2026-05-19,Pique Polo T-Shirt,9,599.0,5391.0,Delhi,,#1749
2026-05-19,Printed A-Line Kurti,22,799.0,17578.0,Delhi,,#1749
2026-05-19,Rayon Crop Top,16,399.0,6384.0,Delhi,,#1749
2026-05-19,Linen Blend Casual Shirt,4,999.0,3996.0,Mumbai,,#1750
2026-05-19,Oversized Cotton Tee,16,349.0,5584.0,Delhi,,#1749
2026-05-19,Pique Polo T-Shirt,7,599.0,4193.0,Mumbai,,#1750
2026-05-19,Printed A-Line Kurti,13,799.0,10387.0,Mumbai,,#1750
2026-05-19,Rayon Crop Top,10,399.0,3990.0,Mumbai,,#1750
2026-05-19,Straight Fit Denim Jeans,9,1499.0,13491.0,Mumbai,,#1750
2026-05-19,Oversized Cotton Tee,11,349.0,3839.0,Mumbai,,#1750
2026-05-19,Linen Blend Casual Shirt,15,999.0,14985.0,Delhi,,#1749
2026-05-19,Rayon Crop Top,4,399.0,1596.0,Bengaluru,,#1747
2026-05-19,Rayon Crop Top,10,399.0,3990.0,Chennai,,#1748
2026-05-19,Oversized Cotton Tee,3,349.0,1047.0,Bengaluru,,#1747
2026-05-19,Pique Polo T-Shirt,5,599.0,2995.0,Bengaluru,,#1747
2026-05-19,Printed A-Line Kurti,8,799.0,6392.0,Bengaluru,,#1747
2026-05-19,Straight Fit Denim Jeans,5,1499.0,7495.0,Chennai,,#1748
2026-05-19,Linen Blend Casual Shirt,7,999.0,6993.0,Bengaluru,,#1747
2026-05-19,Linen Blend Casual Shirt,7,999.0,6993.0,Chennai,,#1748
2026-05-19,Oversized Cotton Tee,9,349.0,3141.0,Chennai,,#1748
2026-05-19,Pique Polo T-Shirt,4,599.0,2396.0,Chennai,,#1748
2026-05-19,Printed A-Line Kurti,13,799.0,10387.0,Chennai,,#1748
2026-05-19,Straight Fit Denim Jeans,8,1499.0,11992.0,Bengaluru,,#1747
2026-05-20,Pique Polo T-Shirt,4,599.0,2396.0,Delhi,,#1753
2026-05-20,Straight Fit Denim Jeans,4,1499.0,5996.0,Mumbai,,#1754
2026-05-20,Rayon Crop Top,16,399.0,6384.0,Mumbai,,#1754
2026-05-20,Printed A-Line Kurti,11,799.0,8789.0,Mumbai,,#1754
2026-05-20,Pique Polo T-Shirt,5,599.0,2995.0,Mumbai,,#1754
2026-05-20,Oversized Cotton Tee,15,349.0,5235.0,Mumbai,,#1754
2026-05-20,Linen Blend Casual Shirt,5,999.0,4995.0,Mumbai,,#1754
2026-05-20,Straight Fit Denim Jeans,5,1499.0,7495.0,Delhi,,#1753
2026-05-20,Rayon Crop Top,9,399.0,3591.0,Delhi,,#1753
2026-05-20,Printed A-Line Kurti,12,799.0,9588.0,Delhi,,#1753
2026-05-20,Oversized Cotton Tee,11,349.0,3839.0,Delhi,,#1753
2026-05-20,Linen Blend Casual Shirt,12,999.0,11988.0,Delhi,,#1753
2026-05-20,Linen Blend Casual Shirt,5,999.0,4995.0,Bengaluru,,#1751
2026-05-20,Straight Fit Denim Jeans,7,1499.0,10493.0,Chennai,,#1752
2026-05-20,Oversized Cotton Tee,11,349.0,3839.0,Bengaluru,,#1751
2026-05-20,Pique Polo T-Shirt,3,599.0,1797.0,Bengaluru,,#1751
2026-05-20,Rayon Crop Top,9,399.0,3591.0,Bengaluru,,#1751
2026-05-20,Straight Fit Denim Jeans,8,1499.0,11992.0,Bengaluru,,#1751
2026-05-20,Printed A-Line Kurti,9,799.0,7191.0,Bengaluru,,#1751
2026-05-20,Oversized Cotton Tee,6,349.0,2094.0,Chennai,,#1752
2026-05-20,Pique Polo T-Shirt,6,599.0,3594.0,Chennai,,#1752
2026-05-20,Printed A-Line Kurti,7,799.0,5593.0,Chennai,,#1752
2026-05-20,Rayon Crop Top,4,399.0,1596.0,Chennai,,#1752
2026-05-20,Linen Blend Casual Shirt,5,999.0,4995.0,Chennai,,#1752
2026-05-21,Straight Fit Denim Jeans,6,1499.0,8994.0,Delhi,,#1757
2026-05-21,Pique Polo T-Shirt,5,599.0,2995.0,Delhi,,#1757
2026-05-21,Printed A-Line Kurti,11,799.0,8789.0,Delhi,,#1757
2026-05-21,Rayon Crop Top,13,399.0,5187.0,Delhi,,#1757
2026-05-21,Linen Blend Casual Shirt,7,999.0,6993.0,Mumbai,,#1758
2026-05-21,Oversized Cotton Tee,17,349.0,5933.0,Delhi,,#1757
2026-05-21,Pique Polo T-Shirt,8,599.0,4792.0,Mumbai,,#1758
2026-05-21,Printed A-Line Kurti,12,799.0,9588.0,Mumbai,,#1758
2026-05-21,Rayon Crop Top,12,399.0,4788.0,Mumbai,,#1758
2026-05-21,Straight Fit Denim Jeans,6,1499.0,8994.0,Mumbai,,#1758
2026-05-21,Oversized Cotton Tee,10,349.0,3490.0,Mumbai,,#1758
2026-05-21,Linen Blend Casual Shirt,12,999.0,11988.0,Delhi,,#1757
2026-05-21,Linen Blend Casual Shirt,7,999.0,6993.0,Bengaluru,,#1755
2026-05-21,Rayon Crop Top,9,399.0,3591.0,Chennai,,#1756
2026-05-21,Printed A-Line Kurti,8,799.0,6392.0,Chennai,,#1756
2026-05-21,Pique Polo T-Shirt,3,599.0,1797.0,Chennai,,#1756
2026-05-21,Oversized Cotton Tee,6,349.0,2094.0,Chennai,,#1756
2026-05-21,Linen Blend Casual Shirt,4,999.0,3996.0,Chennai,,#1756
2026-05-21,Straight Fit Denim Jeans,8,1499.0,11992.0,Bengaluru,,#1755
2026-05-21,Rayon Crop Top,8,399.0,3192.0,Bengaluru,,#1755
2026-05-21,Printed A-Line Kurti,6,799.0,4794.0,Bengaluru,,#1755
2026-05-21,Pique Polo T-Shirt,3,599.0,1797.0,Bengaluru,,#1755
2026-05-21,Oversized Cotton Tee,8,349.0,2792.0,Bengaluru,,#1755
2026-05-21,Straight Fit Denim Jeans,3,1499.0,4497.0,Chennai,,#1756
2026-05-22,Pique Polo T-Shirt,13,599.0,7787.0,Delhi,,#1761
2026-05-22,Printed A-Line Kurti,9,799.0,7191.0,Delhi,,#1761
2026-05-22,Rayon Crop Top,11,399.0,4389.0,Delhi,,#1761
2026-05-22,Straight Fit Denim Jeans,7,1499.0,10493.0,Delhi,,#1761
2026-05-22,Linen Blend Casual Shirt,8,999.0,7992.0,Mumbai,,#1762
2026-05-22,Straight Fit Denim Jeans,5,1499.0,7495.0,Mumbai,,#1762
2026-05-22,Pique Polo T-Shirt,4,599.0,2396.0,Mumbai,,#1762
2026-05-22,Printed A-Line Kurti,15,799.0,11985.0,Mumbai,,#1762
2026-05-22,Rayon Crop Top,11,399.0,4389.0,Mumbai,,#1762
2026-05-22,Oversized Cotton Tee,19,349.0,6631.0,Delhi,,#1761
2026-05-22,Oversized Cotton Tee,10,349.0,3490.0,Mumbai,,#1762
2026-05-22,Linen Blend Casual Shirt,12,999.0,11988.0,Delhi,,#1761
2026-05-22,Straight Fit Denim Jeans,4,1499.0,5996.0,Chennai,,#1760
2026-05-22,Rayon Crop Top,3,399.0,1197.0,Chennai,,#1760
2026-05-22,Oversized Cotton Tee,16,349.0,5584.0,Bengaluru,,#1759
2026-05-22,Pique Polo T-Shirt,6,599.0,3594.0,Bengaluru,,#1759
2026-05-22,Printed A-Line Kurti,7,799.0,5593.0,Bengaluru,,#1759
2026-05-22,Rayon Crop Top,12,399.0,4788.0,Bengaluru,,#1759
2026-05-22,Linen Blend Casual Shirt,8,999.0,7992.0,Bengaluru,,#1759
2026-05-22,Linen Blend Casual Shirt,8,999.0,7992.0,Chennai,,#1760
2026-05-22,Oversized Cotton Tee,10,349.0,3490.0,Chennai,,#1760
2026-05-22,Pique Polo T-Shirt,6,599.0,3594.0,Chennai,,#1760
2026-05-22,Printed A-Line Kurti,10,799.0,7990.0,Chennai,,#1760
2026-05-22,Straight Fit Denim Jeans,6,1499.0,8994.0,Bengaluru,,#1759
2026-05-23,Oversized Cotton Tee,12,349.0,4188.0,Delhi,,#1765
2026-05-23,Rayon Crop Top,11,399.0,4389.0,Mumbai,,#1766
2026-05-23,Printed A-Line Kurti,8,799.0,6392.0,Mumbai,,#1766
2026-05-23,Pique Polo T-Shirt,10,599.0,5990.0,Mumbai,,#1766
2026-05-23,Oversized Cotton Tee,11,349.0,3839.0,Mumbai,,#1766
2026-05-23,Linen Blend Casual Shirt,8,999.0,7992.0,Mumbai,,#1766
2026-05-23,Straight Fit Denim Jeans,6,1499.0,8994.0,Delhi,,#1765
2026-05-23,Rayon Crop Top,12,399.0,4788.0,Delhi,,#1765
2026-05-23,Printed A-Line Kurti,12,799.0,9588.0,Delhi,,#1765
2026-05-23,Pique Polo T-Shirt,8,599.0,4792.0,Delhi,,#1765
2026-05-23,Linen Blend Casual Shirt,17,999.0,16983.0,Delhi,,#1765
2026-05-23,Straight Fit Denim Jeans,5,1499.0,7495.0,Mumbai,,#1766
2026-05-23,Rayon Crop Top,12,399.0,4788.0,Chennai,,#1764
2026-05-23,Linen Blend Casual Shirt,5,999.0,4995.0,Bengaluru,,#1763
2026-05-23,Oversized Cotton Tee,11,349.0,3839.0,Bengaluru,,#1763
2026-05-23,Pique Polo T-Shirt,7,599.0,4193.0,Bengaluru,,#1763
2026-05-23,Printed A-Line Kurti,7,799.0,5593.0,Bengaluru,,#1763
2026-05-23,Rayon Crop Top,8,399.0,3192.0,Bengaluru,,#1763
2026-05-23,Straight Fit Denim Jeans,6,1499.0,8994.0,Chennai,,#1764
2026-05-23,Linen Blend Casual Shirt,9,999.0,8991.0,Chennai,,#1764
2026-05-23,Oversized Cotton Tee,4,349.0,1396.0,Chennai,,#1764
2026-05-23,Pique Polo T-Shirt,6,599.0,3594.0,Chennai,,#1764
2026-05-23,Printed A-Line Kurti,4,799.0,3196.0,Chennai,,#1764
2026-05-23,Straight Fit Denim Jeans,5,1499.0,7495.0,Bengaluru,,#1763
2026-05-24,Oversized Cotton Tee,14,349.0,4886.0,Delhi,,#1769
2026-05-24,Pique Polo T-Shirt,7,599.0,4193.0,Delhi,,#1769
2026-05-24,Printed A-Line Kurti,17,799.0,13583.0,Delhi,,#1769
2026-05-24,Rayon Crop Top,14,399.0,5586.0,Delhi,,#1769
2026-05-24,Straight Fit Denim Jeans,6,1499.0,8994.0,Delhi,,#1769
2026-05-24,Oversized Cotton Tee,11,349.0,3839.0,Mumbai,,#1770
2026-05-24,Pique Polo T-Shirt,10,599.0,5990.0,Mumbai,,#1770
2026-05-24,Printed A-Line Kurti,4,799.0,3196.0,Mumbai,,#1770
2026-05-24,Rayon Crop Top,6,399.0,2394.0,Mumbai,,#1770
2026-05-24,Linen Blend Casual Shirt,13,999.0,12987.0,Delhi,,#1769
2026-05-24,Linen Blend Casual Shirt,6,999.0,5994.0,Mumbai,,#1770
2026-05-24,Straight Fit Denim Jeans,4,1499.0,5996.0,Mumbai,,#1770
2026-05-24,Straight Fit Denim Jeans,4,1499.0,5996.0,Chennai,,#1768
2026-05-24,Printed A-Line Kurti,7,799.0,5593.0,Chennai,,#1768
2026-05-24,Pique Polo T-Shirt,2,599.0,1198.0,Chennai,,#1768
2026-05-24,Oversized Cotton Tee,7,349.0,2443.0,Chennai,,#1768
2026-05-24,Linen Blend Casual Shirt,9,999.0,8991.0,Chennai,,#1768
2026-05-24,Straight Fit Denim Jeans,7,1499.0,10493.0,Bengaluru,,#1767
2026-05-24,Rayon Crop Top,7,399.0,2793.0,Bengaluru,,#1767
2026-05-24,Printed A-Line Kurti,11,799.0,8789.0,Bengaluru,,#1767
2026-05-24,Pique Polo T-Shirt,4,599.0,2396.0,Bengaluru,,#1767
2026-05-24,Oversized Cotton Tee,1,349.0,349.0,Bengaluru,,#1767
2026-05-24,Linen Blend Casual Shirt,7,999.0,6993.0,Bengaluru,,#1767
2026-05-24,Rayon Crop Top,9,399.0,3591.0,Chennai,,#1768
2026-05-25,Pique Polo T-Shirt,12,599.0,7188.0,Delhi,,#1773
2026-05-25,Printed A-Line Kurti,13,799.0,10387.0,Delhi,,#1773
2026-05-25,Rayon Crop Top,19,399.0,7581.0,Delhi,,#1773
2026-05-25,Straight Fit Denim Jeans,6,1499.0,8994.0,Delhi,,#1773
2026-05-25,Oversized Cotton Tee,23,349.0,8027.0,Delhi,,#1773
2026-05-25,Oversized Cotton Tee,9,349.0,3141.0,Mumbai,,#1774
2026-05-25,Pique Polo T-Shirt,8,599.0,4792.0,Mumbai,,#1774
2026-05-25,Printed A-Line Kurti,12,799.0,9588.0,Mumbai,,#1774
2026-05-25,Rayon Crop Top,11,399.0,4389.0,Mumbai,,#1774
2026-05-25,Linen Blend Casual Shirt,12,999.0,11988.0,Mumbai,,#1774
2026-05-25,Linen Blend Casual Shirt,13,999.0,12987.0,Delhi,,#1773
2026-05-25,Straight Fit Denim Jeans,9,1499.0,13491.0,Mumbai,,#1774
2026-05-25,Rayon Crop Top,17,399.0,6783.0,Chennai,,#1772
2026-05-25,Linen Blend Casual Shirt,8,999.0,7992.0,Bengaluru,,#1771
2026-05-25,Oversized Cotton Tee,11,349.0,3839.0,Bengaluru,,#1771
2026-05-25,Pique Polo T-Shirt,5,599.0,2995.0,Bengaluru,,#1771
2026-05-25,Printed A-Line Kurti,14,799.0,11186.0,Bengaluru,,#1771
2026-05-25,Rayon Crop Top,7,399.0,2793.0,Bengaluru,,#1771
2026-05-25,Straight Fit Denim Jeans,5,1499.0,7495.0,Chennai,,#1772
2026-05-25,Linen Blend Casual Shirt,16,999.0,15984.0,Chennai,,#1772
2026-05-25,Oversized Cotton Tee,13,349.0,4537.0,Chennai,,#1772
2026-05-25,Pique Polo T-Shirt,6,599.0,3594.0,Chennai,,#1772
2026-05-25,Printed A-Line Kurti,4,799.0,3196.0,Chennai,,#1772
2026-05-25,Straight Fit Denim Jeans,6,1499.0,8994.0,Bengaluru,,#1771
2026-05-26,Pique Polo T-Shirt,7,599.0,4193.0,Delhi,,#1777
2026-05-26,Printed A-Line Kurti,17,799.0,13583.0,Delhi,,#1777
2026-05-26,Rayon Crop Top,13,399.0,5187.0,Delhi,,#1777
2026-05-26,Straight Fit Denim Jeans,9,1499.0,13491.0,Delhi,,#1777
2026-05-26,Linen Blend Casual Shirt,4,999.0,3996.0,Mumbai,,#1778
2026-05-26,Pique Polo T-Shirt,6,599.0,3594.0,Mumbai,,#1778
2026-05-26,Printed A-Line Kurti,9,799.0,7191.0,Mumbai,,#1778
2026-05-26,Rayon Crop Top,11,399.0,4389.0,Mumbai,,#1778
2026-05-26,Straight Fit Denim Jeans,9,1499.0,13491.0,Mumbai,,#1778
2026-05-26,Oversized Cotton Tee,28,349.0,9772.0,Delhi,,#1777
2026-05-26,Oversized Cotton Tee,11,349.0,3839.0,Mumbai,,#1778
2026-05-26,Linen Blend Casual Shirt,15,999.0,14985.0,Delhi,,#1777
2026-05-26,Straight Fit Denim Jeans,5,1499.0,7495.0,Chennai,,#1776
2026-05-26,Rayon Crop Top,17,399.0,6783.0,Chennai,,#1776
2026-05-26,Printed A-Line Kurti,11,799.0,8789.0,Chennai,,#1776
2026-05-26,Pique Polo T-Shirt,6,599.0,3594.0,Chennai,,#1776
2026-05-26,Oversized Cotton Tee,8,349.0,2792.0,Chennai,,#1776
2026-05-26,Linen Blend Casual Shirt,6,999.0,5994.0,Chennai,,#1776
2026-05-26,Straight Fit Denim Jeans,8,1499.0,11992.0,Bengaluru,,#1775
2026-05-26,Rayon Crop Top,8,399.0,3192.0,Bengaluru,,#1775
2026-05-26,Printed A-Line Kurti,6,799.0,4794.0,Bengaluru,,#1775
2026-05-26,Pique Polo T-Shirt,9,599.0,5391.0,Bengaluru,,#1775
2026-05-26,Oversized Cotton Tee,14,349.0,4886.0,Bengaluru,,#1775
2026-05-26,Linen Blend Casual Shirt,11,999.0,10989.0,Bengaluru,,#1775
2026-05-27,Pique Polo T-Shirt,9,599.0,5391.0,Delhi,,#1781
2026-05-27,Printed A-Line Kurti,8,799.0,6392.0,Delhi,,#1781
2026-05-27,Rayon Crop Top,6,399.0,2394.0,Delhi,,#1781
2026-05-27,Straight Fit Denim Jeans,1,1499.0,1499.0,Delhi,,#1781
2026-05-27,Linen Blend Casual Shirt,9,999.0,8991.0,Mumbai,,#1782
2026-05-27,Straight Fit Denim Jeans,11,1499.0,16489.0,Mumbai,,#1782
2026-05-27,Pique Polo T-Shirt,7,599.0,4193.0,Mumbai,,#1782
2026-05-27,Printed A-Line Kurti,12,799.0,9588.0,Mumbai,,#1782
2026-05-27,Rayon Crop Top,5,399.0,1995.0,Mumbai,,#1782
2026-05-27,Oversized Cotton Tee,8,349.0,2792.0,Delhi,,#1781
2026-05-27,Oversized Cotton Tee,7,349.0,2443.0,Mumbai,,#1782
2026-05-27,Linen Blend Casual Shirt,14,999.0,13986.0,Delhi,,#1781
2026-05-27,Straight Fit Denim Jeans,4,1499.0,5996.0,Chennai,,#1780
2026-05-27,Rayon Crop Top,7,399.0,2793.0,Chennai,,#1780
2026-05-27,Oversized Cotton Tee,4,349.0,1396.0,Bengaluru,,#1779
2026-05-27,Pique Polo T-Shirt,6,599.0,3594.0,Bengaluru,,#1779
2026-05-27,Printed A-Line Kurti,8,799.0,6392.0,Bengaluru,,#1779
2026-05-27,Rayon Crop Top,3,399.0,1197.0,Bengaluru,,#1779
2026-05-27,Linen Blend Casual Shirt,4,999.0,3996.0,Bengaluru,,#1779
2026-05-27,Linen Blend Casual Shirt,4,999.0,3996.0,Chennai,,#1780
2026-05-27,Oversized Cotton Tee,7,349.0,2443.0,Chennai,,#1780
2026-05-27,Pique Polo T-Shirt,2,599.0,1198.0,Chennai,,#1780
2026-05-27,Printed A-Line Kurti,7,799.0,5593.0,Chennai,,#1780
2026-05-27,Straight Fit Denim Jeans,4,1499.0,5996.0,Bengaluru,,#1779
2026-05-28,Pique Polo T-Shirt,5,599.0,2995.0,Delhi,,#1785
2026-05-28,Straight Fit Denim Jeans,4,1499.0,5996.0,Mumbai,,#1786
2026-05-28,Rayon Crop Top,15,399.0,5985.0,Mumbai,,#1786
2026-05-28,Printed A-Line Kurti,16,799.0,12784.0,Mumbai,,#1786
2026-05-28,Pique Polo T-Shirt,5,599.0,2995.0,Mumbai,,#1786
2026-05-28,Oversized Cotton Tee,10,349.0,3490.0,Mumbai,,#1786
2026-05-28,Linen Blend Casual Shirt,3,999.0,2997.0,Mumbai,,#1786
2026-05-28,Straight Fit Denim Jeans,2,1499.0,2998.0,Delhi,,#1785
2026-05-28,Rayon Crop Top,10,399.0,3990.0,Delhi,,#1785
2026-05-28,Printed A-Line Kurti,11,799.0,8789.0,Delhi,,#1785
2026-05-28,Oversized Cotton Tee,14,349.0,4886.0,Delhi,,#1785
2026-05-28,Linen Blend Casual Shirt,8,999.0,7992.0,Delhi,,#1785
2026-05-28,Straight Fit Denim Jeans,4,1499.0,5996.0,Chennai,,#1784
2026-05-28,Rayon Crop Top,6,399.0,2394.0,Chennai,,#1784
2026-05-28,Printed A-Line Kurti,7,799.0,5593.0,Chennai,,#1784
2026-05-28,Pique Polo T-Shirt,6,599.0,3594.0,Chennai,,#1784
2026-05-28,Oversized Cotton Tee,5,349.0,1745.0,Chennai,,#1784
2026-05-28,Linen Blend Casual Shirt,11,999.0,10989.0,Chennai,,#1784
2026-05-28,Straight Fit Denim Jeans,5,1499.0,7495.0,Bengaluru,,#1783
2026-05-28,Printed A-Line Kurti,11,799.0,8789.0,Bengaluru,,#1783
2026-05-28,Pique Polo T-Shirt,3,599.0,1797.0,Bengaluru,,#1783
2026-05-28,Oversized Cotton Tee,6,349.0,2094.0,Bengaluru,,#1783
2026-05-28,Linen Blend Casual Shirt,2,999.0,1998.0,Bengaluru,,#1783
2026-05-29,Pique Polo T-Shirt,15,599.0,8985.0,Delhi,,#1789
2026-05-29,Printed A-Line Kurti,10,799.0,7990.0,Delhi,,#1789
2026-05-29,Rayon Crop Top,12,399.0,4788.0,Delhi,,#1789
2026-05-29,Straight Fit Denim Jeans,8,1499.0,11992.0,Delhi,,#1789
2026-05-29,Linen Blend Casual Shirt,1,999.0,999.0,Mumbai,,#1790
2026-05-29,Straight Fit Denim Jeans,9,1499.0,13491.0,Mumbai,,#1790
2026-05-29,Pique Polo T-Shirt,9,599.0,5391.0,Mumbai,,#1790
2026-05-29,Printed A-Line Kurti,10,799.0,7990.0,Mumbai,,#1790
2026-05-29,Rayon Crop Top,10,399.0,3990.0,Mumbai,,#1790
2026-05-29,Oversized Cotton Tee,16,349.0,5584.0,Delhi,,#1789
2026-05-29,Oversized Cotton Tee,7,349.0,2443.0,Mumbai,,#1790
2026-05-29,Linen Blend Casual Shirt,9,999.0,8991.0,Delhi,,#1789
2026-05-29,Linen Blend Casual Shirt,2,999.0,1998.0,Bengaluru,,#1787
2026-05-29,Rayon Crop Top,10,399.0,3990.0,Chennai,,#1788
2026-05-29,Oversized Cotton Tee,6,349.0,2094.0,Bengaluru,,#1787
2026-05-29,Pique Polo T-Shirt,3,599.0,1797.0,Bengaluru,,#1787
2026-05-29,Printed A-Line Kurti,11,799.0,8789.0,Bengaluru,,#1787
2026-05-29,Rayon Crop Top,5,399.0,1995.0,Bengaluru,,#1787
2026-05-29,Straight Fit Denim Jeans,3,1499.0,4497.0,Chennai,,#1788
2026-05-29,Linen Blend Casual Shirt,8,999.0,7992.0,Chennai,,#1788
2026-05-29,Oversized Cotton Tee,11,349.0,3839.0,Chennai,,#1788
2026-05-29,Pique Polo T-Shirt,5,599.0,2995.0,Chennai,,#1788
2026-05-29,Printed A-Line Kurti,8,799.0,6392.0,Chennai,,#1788
2026-05-29,Straight Fit Denim Jeans,4,1499.0,5996.0,Bengaluru,,#1787
2026-05-30,Pique Polo T-Shirt,5,599.0,2995.0,Delhi,,#1793
2026-05-30,Straight Fit Denim Jeans,8,1499.0,11992.0,Mumbai,,#1794
2026-05-30,Rayon Crop Top,11,399.0,4389.0,Mumbai,,#1794
2026-05-30,Printed A-Line Kurti,7,799.0,5593.0,Mumbai,,#1794
2026-05-30,Pique Polo T-Shirt,5,599.0,2995.0,Mumbai,,#1794
2026-05-30,Oversized Cotton Tee,11,349.0,3839.0,Mumbai,,#1794
2026-05-30,Linen Blend Casual Shirt,7,999.0,6993.0,Mumbai,,#1794
2026-05-30,Straight Fit Denim Jeans,3,1499.0,4497.0,Delhi,,#1793
2026-05-30,Rayon Crop Top,5,399.0,1995.0,Delhi,,#1793
2026-05-30,Printed A-Line Kurti,21,799.0,16779.0,Delhi,,#1793
2026-05-30,Oversized Cotton Tee,13,349.0,4537.0,Delhi,,#1793
2026-05-30,Linen Blend Casual Shirt,13,999.0,12987.0,Delhi,,#1793
2026-05-30,Linen Blend Casual Shirt,5,999.0,4995.0,Bengaluru,,#1791
2026-05-30,Straight Fit Denim Jeans,4,1499.0,5996.0,Chennai,,#1792
2026-05-30,Oversized Cotton Tee,8,349.0,2792.0,Bengaluru,,#1791
2026-05-30,Pique Polo T-Shirt,5,599.0,2995.0,Bengaluru,,#1791
2026-05-30,Rayon Crop Top,5,399.0,1995.0,Bengaluru,,#1791
2026-05-30,Straight Fit Denim Jeans,3,1499.0,4497.0,Bengaluru,,#1791
2026-05-30,Printed A-Line Kurti,9,799.0,7191.0,Bengaluru,,#1791
2026-05-30,Oversized Cotton Tee,6,349.0,2094.0,Chennai,,#1792
2026-05-30,Pique Polo T-Shirt,4,599.0,2396.0,Chennai,,#1792
2026-05-30,Printed A-Line Kurti,8,799.0,6392.0,Chennai,,#1792
2026-05-30,Rayon Crop Top,8,399.0,3192.0,Chennai,,#1792
2026-05-30,Linen Blend Casual Shirt,4,999.0,3996.0,Chennai,,#1792
2026-05-31,Straight Fit Denim Jeans,6,1499.0,8994.0,Delhi,,#1797
2026-05-31,Pique Polo T-Shirt,6,599.0,3594.0,Delhi,,#1797
2026-05-31,Printed A-Line Kurti,9,799.0,7191.0,Delhi,,#1797
2026-05-31,Rayon Crop Top,9,399.0,3591.0,Delhi,,#1797
2026-05-31,Linen Blend Casual Shirt,5,999.0,4995.0,Mumbai,,#1798
2026-05-31,Oversized Cotton Tee,9,349.0,3141.0,Delhi,,#1797
2026-05-31,Pique Polo T-Shirt,4,599.0,2396.0,Mumbai,,#1798
2026-05-31,Printed A-Line Kurti,9,799.0,7191.0,Mumbai,,#1798
2026-05-31,Rayon Crop Top,8,399.0,3192.0,Mumbai,,#1798
2026-05-31,Straight Fit Denim Jeans,9,1499.0,13491.0,Mumbai,,#1798
2026-05-31,Oversized Cotton Tee,8,349.0,2792.0,Mumbai,,#1798
2026-05-31,Linen Blend Casual Shirt,8,999.0,7992.0,Delhi,,#1797
2026-05-31,Linen Blend Casual Shirt,2,999.0,1998.0,Bengaluru,,#1795
2026-05-31,Rayon Crop Top,10,399.0,3990.0,Chennai,,#1796
2026-05-31,Printed A-Line Kurti,8,799.0,6392.0,Chennai,,#1796
2026-05-31,Pique Polo T-Shirt,7,599.0,4193.0,Chennai,,#1796
2026-05-31,Oversized Cotton Tee,11,349.0,3839.0,Chennai,,#1796
2026-05-31,Linen Blend Casual Shirt,4,999.0,3996.0,Chennai,,#1796
2026-05-31,Straight Fit Denim Jeans,7,1499.0,10493.0,Bengaluru,,#1795
2026-05-31,Rayon Crop Top,6,399.0,2394.0,Bengaluru,,#1795
2026-05-31,Printed A-Line Kurti,10,799.0,7990.0,Bengaluru,,#1795
2026-05-31,Pique Polo T-Shirt,4,599.0,2396.0,Bengaluru,,#1795
2026-05-31,Oversized Cotton Tee,7,349.0,2443.0,Bengaluru,,#1795
2026-05-31,Straight Fit Denim Jeans,5,1499.0,7495.0,Chennai,,#1796
2026-06-01,Pique Polo T-Shirt,8,599.0,4792.0,Delhi,,#1801
2026-06-01,Printed A-Line Kurti,18,799.0,14382.0,Delhi,,#1801
2026-06-01,Rayon Crop Top,18,399.0,7182.0,Delhi,,#1801
2026-06-01,Straight Fit Denim Jeans,6,1499.0,8994.0,Delhi,,#1801
2026-06-01,Linen Blend Casual Shirt,9,999.0,8991.0,Mumbai,,#1802
2026-06-01,Straight Fit Denim Jeans,9,1499.0,13491.0,Mumbai,,#1802
2026-06-01,Pique Polo T-Shirt,9,599.0,5391.0,Mumbai,,#1802
2026-06-01,Printed A-Line Kurti,15,799.0,11985.0,Mumbai,,#1802
2026-06-01,Rayon Crop Top,16,399.0,6384.0,Mumbai,,#1802
2026-06-01,Oversized Cotton Tee,16,349.0,5584.0,Delhi,,#1801
2026-06-01,Oversized Cotton Tee,14,349.0,4886.0,Mumbai,,#1802
2026-06-01,Linen Blend Casual Shirt,16,999.0,15984.0,Delhi,,#1801
2026-06-01,Linen Blend Casual Shirt,9,999.0,8991.0,Bengaluru,,#1799
2026-06-01,Rayon Crop Top,12,399.0,4788.0,Chennai,,#1800
2026-06-01,Oversized Cotton Tee,9,349.0,3141.0,Bengaluru,,#1799
2026-06-01,Pique Polo T-Shirt,5,599.0,2995.0,Bengaluru,,#1799
2026-06-01,Printed A-Line Kurti,13,799.0,10387.0,Bengaluru,,#1799
2026-06-01,Rayon Crop Top,7,399.0,2793.0,Bengaluru,,#1799
2026-06-01,Straight Fit Denim Jeans,6,1499.0,8994.0,Chennai,,#1800
2026-06-01,Linen Blend Casual Shirt,7,999.0,6993.0,Chennai,,#1800
2026-06-01,Oversized Cotton Tee,12,349.0,4188.0,Chennai,,#1800
2026-06-01,Pique Polo T-Shirt,7,599.0,4193.0,Chennai,,#1800
2026-06-01,Printed A-Line Kurti,12,799.0,9588.0,Chennai,,#1800
2026-06-01,Straight Fit Denim Jeans,9,1499.0,13491.0,Bengaluru,,#1799
2026-06-02,Straight Fit Denim Jeans,7,1499.0,10493.0,Mumbai,,#1806
2026-06-02,Rayon Crop Top,8,399.0,3192.0,Mumbai,,#1806
2026-06-02,Printed A-Line Kurti,19,799.0,15181.0,Mumbai,,#1806
2026-06-02,Pique Polo T-Shirt,12,599.0,7188.0,Mumbai,,#1806
2026-06-02,Oversized Cotton Tee,16,349.0,5584.0,Mumbai,,#1806
2026-06-02,Linen Blend Casual Shirt,13,999.0,12987.0,Mumbai,,#1806
2026-06-02,Straight Fit Denim Jeans,12,1499.0,17988.0,Delhi,,#1805
2026-06-02,Rayon Crop Top,18,399.0,7182.0,Delhi,,#1805
2026-06-02,Pique Polo T-Shirt,11,599.0,6589.0,Delhi,,#1805
2026-06-02,Oversized Cotton Tee,15,349.0,5235.0,Delhi,,#1805
2026-06-02,Linen Blend Casual Shirt,19,999.0,18981.0,Delhi,,#1805
2026-06-02,Printed A-Line Kurti,16,799.0,12784.0,Delhi,,#1805
2026-06-02,Rayon Crop Top,20,399.0,7980.0,Chennai,,#1804
2026-06-02,Straight Fit Denim Jeans,8,1499.0,11992.0,Chennai,,#1804
2026-06-02,Oversized Cotton Tee,6,349.0,2094.0,Bengaluru,,#1803
2026-06-02,Pique Polo T-Shirt,9,599.0,5391.0,Bengaluru,,#1803
2026-06-02,Printed A-Line Kurti,18,799.0,14382.0,Bengaluru,,#1803
2026-06-02,Rayon Crop Top,10,399.0,3990.0,Bengaluru,,#1803
2026-06-02,Linen Blend Casual Shirt,8,999.0,7992.0,Bengaluru,,#1803
2026-06-02,Linen Blend Casual Shirt,7,999.0,6993.0,Chennai,,#1804
2026-06-02,Oversized Cotton Tee,12,349.0,4188.0,Chennai,,#1804
2026-06-02,Pique Polo T-Shirt,6,599.0,3594.0,Chennai,,#1804
2026-06-02,Printed A-Line Kurti,17,799.0,13583.0,Chennai,,#1804
2026-06-02,Straight Fit Denim Jeans,8,1499.0,11992.0,Bengaluru,,#1803
2026-06-03,Pique Polo T-Shirt,9,599.0,5391.0,Delhi,,#1809
2026-06-03,Printed A-Line Kurti,7,799.0,5593.0,Delhi,,#1809
2026-06-03,Rayon Crop Top,15,399.0,5985.0,Delhi,,#1809
2026-06-03,Straight Fit Denim Jeans,4,1499.0,5996.0,Delhi,,#1809
2026-06-03,Linen Blend Casual Shirt,6,999.0,5994.0,Mumbai,,#1810
2026-06-03,Pique Polo T-Shirt,5,599.0,2995.0,Mumbai,,#1810
2026-06-03,Printed A-Line Kurti,18,799.0,14382.0,Mumbai,,#1810
2026-06-03,Rayon Crop Top,9,399.0,3591.0,Mumbai,,#1810
2026-06-03,Straight Fit Denim Jeans,10,1499.0,14990.0,Mumbai,,#1810
2026-06-03,Oversized Cotton Tee,16,349.0,5584.0,Delhi,,#1809
2026-06-03,Oversized Cotton Tee,8,349.0,2792.0,Mumbai,,#1810
2026-06-03,Linen Blend Casual Shirt,14,999.0,13986.0,Delhi,,#1809
2026-06-03,Pique Polo T-Shirt,8,599.0,4792.0,Bengaluru,,#1807
2026-06-03,Rayon Crop Top,7,399.0,2793.0,Chennai,,#1808
2026-06-03,Straight Fit Denim Jeans,5,1499.0,7495.0,Chennai,,#1808
2026-06-03,Oversized Cotton Tee,8,349.0,2792.0,Bengaluru,,#1807
2026-06-03,Printed A-Line Kurti,7,799.0,5593.0,Bengaluru,,#1807
2026-06-03,Rayon Crop Top,6,399.0,2394.0,Bengaluru,,#1807
2026-06-03,Linen Blend Casual Shirt,4,999.0,3996.0,Bengaluru,,#1807
2026-06-03,Linen Blend Casual Shirt,11,999.0,10989.0,Chennai,,#1808
2026-06-03,Oversized Cotton Tee,9,349.0,3141.0,Chennai,,#1808
2026-06-03,Pique Polo T-Shirt,7,599.0,4193.0,Chennai,,#1808
2026-06-03,Printed A-Line Kurti,5,799.0,3995.0,Chennai,,#1808
2026-06-03,Straight Fit Denim Jeans,4,1499.0,5996.0,Bengaluru,,#1807
2026-06-04,Oversized Cotton Tee,15,349.0,5235.0,Delhi,,#1813
2026-06-04,Rayon Crop Top,10,399.0,3990.0,Mumbai,,#1814
2026-06-04,Printed A-Line Kurti,13,799.0,10387.0,Mumbai,,#1814
2026-06-04,Pique Polo T-Shirt,14,599.0,8386.0,Mumbai,,#1814
2026-06-04,Oversized Cotton Tee,17,349.0,5933.0,Mumbai,,#1814
2026-06-04,Linen Blend Casual Shirt,13,999.0,12987.0,Mumbai,,#1814
2026-06-04,Straight Fit Denim Jeans,10,1499.0,14990.0,Delhi,,#1813
2026-06-04,Rayon Crop Top,15,399.0,5985.0,Delhi,,#1813
2026-06-04,Printed A-Line Kurti,18,799.0,14382.0,Delhi,,#1813
2026-06-04,Straight Fit Denim Jeans,9,1499.0,13491.0,Mumbai,,#1814
2026-06-04,Linen Blend Casual Shirt,13,999.0,12987.0,Delhi,,#1813
2026-06-04,Pique Polo T-Shirt,9,599.0,5391.0,Delhi,,#1813
2026-06-04,Rayon Crop Top,7,399.0,2793.0,Chennai,,#1812
2026-06-04,Linen Blend Casual Shirt,8,999.0,7992.0,Bengaluru,,#1811
2026-06-04,Oversized Cotton Tee,7,349.0,2443.0,Bengaluru,,#1811
2026-06-04,Pique Polo T-Shirt,6,599.0,3594.0,Bengaluru,,#1811
2026-06-04,Printed A-Line Kurti,13,799.0,10387.0,Bengaluru,,#1811
2026-06-04,Rayon Crop Top,8,399.0,3192.0,Bengaluru,,#1811
2026-06-04,Straight Fit Denim Jeans,7,1499.0,10493.0,Chennai,,#1812
2026-06-04,Linen Blend Casual Shirt,5,999.0,4995.0,Chennai,,#1812
2026-06-04,Oversized Cotton Tee,11,349.0,3839.0,Chennai,,#1812
2026-06-04,Pique Polo T-Shirt,9,599.0,5391.0,Chennai,,#1812
2026-06-04,Printed A-Line Kurti,8,799.0,6392.0,Chennai,,#1812
2026-06-04,Straight Fit Denim Jeans,5,1499.0,7495.0,Bengaluru,,#1811
2026-06-05,Rayon Crop Top,10,399.0,3990.0,Mumbai,,#1818
2026-06-05,Printed A-Line Kurti,4,799.0,3196.0,Mumbai,,#1818
2026-06-05,Pique Polo T-Shirt,7,599.0,4193.0,Mumbai,,#1818
2026-06-05,Oversized Cotton Tee,14,349.0,4886.0,Mumbai,,#1818
2026-06-05,Linen Blend Casual Shirt,7,999.0,6993.0,Mumbai,,#1818
2026-06-05,Straight Fit Denim Jeans,10,1499.0,14990.0,Delhi,,#1817
2026-06-05,Rayon Crop Top,9,399.0,3591.0,Delhi,,#1817
2026-06-05,Printed A-Line Kurti,19,799.0,15181.0,Delhi,,#1817
2026-06-05,Pique Polo T-Shirt,8,599.0,4792.0,Delhi,,#1817
2026-06-05,Oversized Cotton Tee,15,349.0,5235.0,Delhi,,#1817
2026-06-05,Linen Blend Casual Shirt,13,999.0,12987.0,Delhi,,#1817
2026-06-05,Straight Fit Denim Jeans,7,1499.0,10493.0,Mumbai,,#1818
2026-06-05,Rayon Crop Top,10,399.0,3990.0,Chennai,,#1816
2026-06-05,Linen Blend Casual Shirt,7,999.0,6993.0,Bengaluru,,#1815
2026-06-05,Oversized Cotton Tee,6,349.0,2094.0,Bengaluru,,#1815
2026-06-05,Pique Polo T-Shirt,6,599.0,3594.0,Bengaluru,,#1815
2026-06-05,Printed A-Line Kurti,5,799.0,3995.0,Bengaluru,,#1815
2026-06-05,Rayon Crop Top,6,399.0,2394.0,Bengaluru,,#1815
2026-06-05,Straight Fit Denim Jeans,4,1499.0,5996.0,Chennai,,#1816
2026-06-05,Linen Blend Casual Shirt,11,999.0,10989.0,Chennai,,#1816
2026-06-05,Oversized Cotton Tee,12,349.0,4188.0,Chennai,,#1816
2026-06-05,Pique Polo T-Shirt,5,599.0,2995.0,Chennai,,#1816
2026-06-05,Printed A-Line Kurti,6,799.0,4794.0,Chennai,,#1816
2026-06-05,Straight Fit Denim Jeans,8,1499.0,11992.0,Bengaluru,,#1815
2026-06-06,Oversized Cotton Tee,13,349.0,4537.0,Delhi,,#1821
2026-06-06,Pique Polo T-Shirt,11,599.0,6589.0,Delhi,,#1821
2026-06-06,Printed A-Line Kurti,15,799.0,11985.0,Delhi,,#1821
2026-06-06,Rayon Crop Top,8,399.0,3192.0,Delhi,,#1821
2026-06-06,Straight Fit Denim Jeans,2,1499.0,2998.0,Delhi,,#1821
2026-06-06,Oversized Cotton Tee,10,349.0,3490.0,Mumbai,,#1822
2026-06-06,Pique Polo T-Shirt,11,599.0,6589.0,Mumbai,,#1822
2026-06-06,Printed A-Line Kurti,7,799.0,5593.0,Mumbai,,#1822
2026-06-06,Rayon Crop Top,9,399.0,3591.0,Mumbai,,#1822
2026-06-06,Linen Blend Casual Shirt,9,999.0,8991.0,Delhi,,#1821
2026-06-06,Linen Blend Casual Shirt,9,999.0,8991.0,Mumbai,,#1822
2026-06-06,Straight Fit Denim Jeans,12,1499.0,17988.0,Mumbai,,#1822
2026-06-06,Straight Fit Denim Jeans,7,1499.0,10493.0,Chennai,,#1820
2026-06-06,Printed A-Line Kurti,4,799.0,3196.0,Chennai,,#1820
2026-06-06,Rayon Crop Top,13,399.0,5187.0,Chennai,,#1820
2026-06-06,Linen Blend Casual Shirt,8,999.0,7992.0,Bengaluru,,#1819
2026-06-06,Oversized Cotton Tee,6,349.0,2094.0,Bengaluru,,#1819
2026-06-06,Printed A-Line Kurti,9,799.0,7191.0,Bengaluru,,#1819
2026-06-06,Pique Polo T-Shirt,5,599.0,2995.0,Bengaluru,,#1819
2026-06-06,Straight Fit Denim Jeans,5,1499.0,7495.0,Bengaluru,,#1819
2026-06-06,Linen Blend Casual Shirt,7,999.0,6993.0,Chennai,,#1820
2026-06-06,Oversized Cotton Tee,10,349.0,3490.0,Chennai,,#1820
2026-06-06,Pique Polo T-Shirt,5,599.0,2995.0,Chennai,,#1820
2026-06-06,Rayon Crop Top,2,399.0,798.0,Bengaluru,,#1819
2026-06-07,Straight Fit Denim Jeans,2,1499.0,2998.0,Mumbai,,#1826
2026-06-07,Rayon Crop Top,7,399.0,2793.0,Mumbai,,#1826
2026-06-07,Printed A-Line Kurti,10,799.0,7990.0,Mumbai,,#1826
2026-06-07,Pique Polo T-Shirt,5,599.0,2995.0,Mumbai,,#1826
2026-06-07,Oversized Cotton Tee,10,349.0,3490.0,Mumbai,,#1826
2026-06-07,Linen Blend Casual Shirt,5,999.0,4995.0,Mumbai,,#1826
2026-06-07,Straight Fit Denim Jeans,11,1499.0,16489.0,Delhi,,#1825
2026-06-07,Rayon Crop Top,18,399.0,7182.0,Delhi,,#1825
2026-06-07,Printed A-Line Kurti,6,799.0,4794.0,Delhi,,#1825
2026-06-07,Pique Polo T-Shirt,11,599.0,6589.0,Delhi,,#1825
2026-06-07,Oversized Cotton Tee,12,349.0,4188.0,Delhi,,#1825
2026-06-07,Linen Blend Casual Shirt,14,999.0,13986.0,Delhi,,#1825
2026-06-07,Rayon Crop Top,6,399.0,2394.0,Chennai,,#1824
2026-06-07,Linen Blend Casual Shirt,5,999.0,4995.0,Bengaluru,,#1823
2026-06-07,Oversized Cotton Tee,10,349.0,3490.0,Bengaluru,,#1823
2026-06-07,Pique Polo T-Shirt,6,599.0,3594.0,Bengaluru,,#1823
2026-06-07,Printed A-Line Kurti,10,799.0,7990.0,Bengaluru,,#1823
2026-06-07,Rayon Crop Top,4,399.0,1596.0,Bengaluru,,#1823
2026-06-07,Straight Fit Denim Jeans,5,1499.0,7495.0,Chennai,,#1824
2026-06-07,Linen Blend Casual Shirt,8,999.0,7992.0,Chennai,,#1824
2026-06-07,Oversized Cotton Tee,7,349.0,2443.0,Chennai,,#1824
2026-06-07,Pique Polo T-Shirt,4,599.0,2396.0,Chennai,,#1824
2026-06-07,Printed A-Line Kurti,8,799.0,6392.0,Chennai,,#1824
2026-06-07,Straight Fit Denim Jeans,8,1499.0,11992.0,Bengaluru,,#1823
2026-06-08,Rayon Crop Top,13,399.0,5187.0,Mumbai,,#1830
2026-06-08,Printed A-Line Kurti,8,799.0,6392.0,Mumbai,,#1830
2026-06-08,Pique Polo T-Shirt,9,599.0,5391.0,Mumbai,,#1830
2026-06-08,Oversized Cotton Tee,13,349.0,4537.0,Mumbai,,#1830
2026-06-08,Linen Blend Casual Shirt,14,999.0,13986.0,Mumbai,,#1830
2026-06-08,Straight Fit Denim Jeans,6,1499.0,8994.0,Delhi,,#1829
2026-06-08,Rayon Crop Top,26,399.0,10374.0,Delhi,,#1829
2026-06-08,Printed A-Line Kurti,15,799.0,11985.0,Delhi,,#1829
2026-06-08,Pique Polo T-Shirt,11,599.0,6589.0,Delhi,,#1829
2026-06-08,Oversized Cotton Tee,21,349.0,7329.0,Delhi,,#1829
2026-06-08,Linen Blend Casual Shirt,18,999.0,17982.0,Delhi,,#1829
2026-06-08,Straight Fit Denim Jeans,9,1499.0,13491.0,Mumbai,,#1830
2026-06-08,Rayon Crop Top,8,399.0,3192.0,Chennai,,#1828
2026-06-08,Linen Blend Casual Shirt,9,999.0,8991.0,Bengaluru,,#1827
2026-06-08,Oversized Cotton Tee,11,349.0,3839.0,Bengaluru,,#1827
2026-06-08,Pique Polo T-Shirt,8,599.0,4792.0,Bengaluru,,#1827
2026-06-08,Printed A-Line Kurti,12,799.0,9588.0,Bengaluru,,#1827
2026-06-08,Rayon Crop Top,11,399.0,4389.0,Bengaluru,,#1827
2026-06-08,Straight Fit Denim Jeans,4,1499.0,5996.0,Chennai,,#1828
2026-06-08,Linen Blend Casual Shirt,11,999.0,10989.0,Chennai,,#1828
2026-06-08,Oversized Cotton Tee,23,349.0,8027.0,Chennai,,#1828
2026-06-08,Pique Polo T-Shirt,12,599.0,7188.0,Chennai,,#1828
2026-06-08,Printed A-Line Kurti,12,799.0,9588.0,Chennai,,#1828
2026-06-08,Straight Fit Denim Jeans,13,1499.0,19487.0,Bengaluru,,#1827
2026-06-09,Oversized Cotton Tee,24,349.0,8376.0,Delhi,,#1833
2026-06-09,Pique Polo T-Shirt,16,599.0,9584.0,Delhi,,#1833
2026-06-09,Printed A-Line Kurti,17,799.0,13583.0,Delhi,,#1833
2026-06-09,Rayon Crop Top,17,399.0,6783.0,Delhi,,#1833
2026-06-09,Straight Fit Denim Jeans,8,1499.0,11992.0,Delhi,,#1833
2026-06-09,Oversized Cotton Tee,11,349.0,3839.0,Mumbai,,#1834
2026-06-09,Pique Polo T-Shirt,13,599.0,7787.0,Mumbai,,#1834
2026-06-09,Printed A-Line Kurti,17,799.0,13583.0,Mumbai,,#1834
2026-06-09,Rayon Crop Top,12,399.0,4788.0,Mumbai,,#1834
2026-06-09,Linen Blend Casual Shirt,23,999.0,22977.0,Delhi,,#1833
2026-06-09,Linen Blend Casual Shirt,12,999.0,11988.0,Mumbai,,#1834
2026-06-09,Straight Fit Denim Jeans,11,1499.0,16489.0,Mumbai,,#1834
2026-06-09,Straight Fit Denim Jeans,1,1499.0,1499.0,Chennai,,#1832
2026-06-09,Printed A-Line Kurti,6,799.0,4794.0,Chennai,,#1832
2026-06-09,Rayon Crop Top,12,399.0,4788.0,Chennai,,#1832
2026-06-09,Linen Blend Casual Shirt,8,999.0,7992.0,Bengaluru,,#1831
2026-06-09,Oversized Cotton Tee,8,349.0,2792.0,Bengaluru,,#1831
2026-06-09,Pique Polo T-Shirt,10,599.0,5990.0,Bengaluru,,#1831
2026-06-09,Printed A-Line Kurti,12,799.0,9588.0,Bengaluru,,#1831
2026-06-09,Straight Fit Denim Jeans,6,1499.0,8994.0,Bengaluru,,#1831
2026-06-09,Linen Blend Casual Shirt,6,999.0,5994.0,Chennai,,#1832
2026-06-09,Oversized Cotton Tee,8,349.0,2792.0,Chennai,,#1832
2026-06-09,Pique Polo T-Shirt,5,599.0,2995.0,Chennai,,#1832
2026-06-09,Rayon Crop Top,12,399.0,4788.0,Bengaluru,,#1831
2026-06-10,Straight Fit Denim Jeans,10,1499.0,14990.0,Mumbai,,#1838
2026-06-10,Oversized Cotton Tee,15,349.0,5235.0,Delhi,,#1837
2026-06-10,Pique Polo T-Shirt,11,599.0,6589.0,Delhi,,#1837
2026-06-10,Printed A-Line Kurti,16,799.0,12784.0,Delhi,,#1837
2026-06-10,Rayon Crop Top,7,399.0,2793.0,Delhi,,#1837
2026-06-10,Oversized Cotton Tee,11,349.0,3839.0,Mumbai,,#1838
2026-06-10,Linen Blend Casual Shirt,6,999.0,5994.0,Mumbai,,#1838
2026-06-10,Pique Polo T-Shirt,12,599.0,7188.0,Mumbai,,#1838
2026-06-10,Printed A-Line Kurti,7,799.0,5593.0,Mumbai,,#1838
2026-06-10,Linen Blend Casual Shirt,6,999.0,5994.0,Delhi,,#1837
2026-06-10,Straight Fit Denim Jeans,3,1499.0,4497.0,Delhi,,#1837
2026-06-10,Rayon Crop Top,7,399.0,2793.0,Mumbai,,#1838
2026-06-10,Straight Fit Denim Jeans,5,1499.0,7495.0,Chennai,,#1836
2026-06-10,Printed A-Line Kurti,4,799.0,3196.0,Chennai,,#1836
2026-06-10,Linen Blend Casual Shirt,3,999.0,2997.0,Bengaluru,,#1835
2026-06-10,Oversized Cotton Tee,5,349.0,1745.0,Bengaluru,,#1835
2026-06-10,Pique Polo T-Shirt,7,599.0,4193.0,Bengaluru,,#1835
2026-06-10,Printed A-Line Kurti,7,799.0,5593.0,Bengaluru,,#1835
2026-06-10,Rayon Crop Top,8,399.0,3192.0,Chennai,,#1836
2026-06-10,Straight Fit Denim Jeans,6,1499.0,8994.0,Bengaluru,,#1835
2026-06-10,Linen Blend Casual Shirt,6,999.0,5994.0,Chennai,,#1836
2026-06-10,Oversized Cotton Tee,10,349.0,3490.0,Chennai,,#1836
2026-06-10,Pique Polo T-Shirt,6,599.0,3594.0,Chennai,,#1836
2026-06-10,Rayon Crop Top,4,399.0,1596.0,Bengaluru,,#1835
2026-06-11,Pique Polo T-Shirt,9,599.0,5391.0,Delhi,,#1841
2026-06-11,Straight Fit Denim Jeans,8,1499.0,11992.0,Mumbai,,#1842
2026-06-11,Rayon Crop Top,8,399.0,3192.0,Mumbai,,#1842
2026-06-11,Printed A-Line Kurti,8,799.0,6392.0,Mumbai,,#1842
2026-06-11,Pique Polo T-Shirt,6,599.0,3594.0,Mumbai,,#1842
2026-06-11,Oversized Cotton Tee,13,349.0,4537.0,Mumbai,,#1842
2026-06-11,Linen Blend Casual Shirt,4,999.0,3996.0,Mumbai,,#1842
2026-06-11,Straight Fit Denim Jeans,5,1499.0,7495.0,Delhi,,#1841
2026-06-11,Rayon Crop Top,10,399.0,3990.0,Delhi,,#1841
2026-06-11,Printed A-Line Kurti,10,799.0,7990.0,Delhi,,#1841
2026-06-11,Oversized Cotton Tee,16,349.0,5584.0,Delhi,,#1841
2026-06-11,Linen Blend Casual Shirt,10,999.0,9990.0,Delhi,,#1841
2026-06-11,Linen Blend Casual Shirt,5,999.0,4995.0,Bengaluru,,#1839
2026-06-11,Straight Fit Denim Jeans,4,1499.0,5996.0,Chennai,,#1840
2026-06-11,Oversized Cotton Tee,13,349.0,4537.0,Bengaluru,,#1839
2026-06-11,Pique Polo T-Shirt,3,599.0,1797.0,Bengaluru,,#1839
2026-06-11,Rayon Crop Top,8,399.0,3192.0,Bengaluru,,#1839
2026-06-11,Straight Fit Denim Jeans,6,1499.0,8994.0,Bengaluru,,#1839
2026-06-11,Printed A-Line Kurti,15,799.0,11985.0,Bengaluru,,#1839
2026-06-11,Oversized Cotton Tee,16,349.0,5584.0,Chennai,,#1840
2026-06-11,Pique Polo T-Shirt,4,599.0,2396.0,Chennai,,#1840
2026-06-11,Printed A-Line Kurti,9,799.0,7191.0,Chennai,,#1840
2026-06-11,Rayon Crop Top,9,399.0,3591.0,Chennai,,#1840
2026-06-11,Linen Blend Casual Shirt,6,999.0,5994.0,Chennai,,#1840
2026-06-12,Straight Fit Denim Jeans,5,1499.0,7495.0,Delhi,,#1845
2026-06-12,Pique Polo T-Shirt,9,599.0,5391.0,Delhi,,#1845
2026-06-12,Printed A-Line Kurti,14,799.0,11186.0,Delhi,,#1845
2026-06-12,Rayon Crop Top,12,399.0,4788.0,Delhi,,#1845
2026-06-12,Linen Blend Casual Shirt,6,999.0,5994.0,Mumbai,,#1846
2026-06-12,Oversized Cotton Tee,15,349.0,5235.0,Delhi,,#1845
2026-06-12,Pique Polo T-Shirt,9,599.0,5391.0,Mumbai,,#1846
2026-06-12,Printed A-Line Kurti,13,799.0,10387.0,Mumbai,,#1846
2026-06-12,Rayon Crop Top,13,399.0,5187.0,Mumbai,,#1846
2026-06-12,Straight Fit Denim Jeans,4,1499.0,5996.0,Mumbai,,#1846
2026-06-12,Oversized Cotton Tee,10,349.0,3490.0,Mumbai,,#1846
2026-06-12,Linen Blend Casual Shirt,9,999.0,8991.0,Delhi,,#1845
2026-06-12,Linen Blend Casual Shirt,3,999.0,2997.0,Bengaluru,,#1843
2026-06-12,Rayon Crop Top,6,399.0,2394.0,Chennai,,#1844
2026-06-12,Printed A-Line Kurti,6,799.0,4794.0,Chennai,,#1844
2026-06-12,Pique Polo T-Shirt,4,599.0,2396.0,Chennai,,#1844
2026-06-12,Oversized Cotton Tee,9,349.0,3141.0,Chennai,,#1844
2026-06-12,Linen Blend Casual Shirt,8,999.0,7992.0,Chennai,,#1844
2026-06-12,Straight Fit Denim Jeans,10,1499.0,14990.0,Bengaluru,,#1843
2026-06-12,Rayon Crop Top,10,399.0,3990.0,Bengaluru,,#1843
2026-06-12,Printed A-Line Kurti,6,799.0,4794.0,Bengaluru,,#1843
2026-06-12,Pique Polo T-Shirt,6,599.0,3594.0,Bengaluru,,#1843
2026-06-12,Oversized Cotton Tee,4,349.0,1396.0,Bengaluru,,#1843
2026-06-12,Straight Fit Denim Jeans,9,1499.0,13491.0,Chennai,,#1844
2026-06-13,Pique Polo T-Shirt,6,599.0,3594.0,Delhi,,#1849
2026-06-13,Printed A-Line Kurti,7,799.0,5593.0,Delhi,,#1849
2026-06-13,Rayon Crop Top,3,399.0,1197.0,Delhi,,#1849
2026-06-13,Straight Fit Denim Jeans,8,1499.0,11992.0,Delhi,,#1849
2026-06-13,Linen Blend Casual Shirt,9,999.0,8991.0,Mumbai,,#1850
2026-06-13,Straight Fit Denim Jeans,7,1499.0,10493.0,Mumbai,,#1850
2026-06-13,Pique Polo T-Shirt,7,599.0,4193.0,Mumbai,,#1850
2026-06-13,Printed A-Line Kurti,7,799.0,5593.0,Mumbai,,#1850
2026-06-13,Rayon Crop Top,9,399.0,3591.0,Mumbai,,#1850
2026-06-13,Oversized Cotton Tee,12,349.0,4188.0,Delhi,,#1849
2026-06-13,Oversized Cotton Tee,12,349.0,4188.0,Mumbai,,#1850
2026-06-13,Linen Blend Casual Shirt,15,999.0,14985.0,Delhi,,#1849
2026-06-13,Straight Fit Denim Jeans,3,1499.0,4497.0,Chennai,,#1848
2026-06-13,Rayon Crop Top,6,399.0,2394.0,Chennai,,#1848
2026-06-13,Oversized Cotton Tee,8,349.0,2792.0,Bengaluru,,#1847
2026-06-13,Pique Polo T-Shirt,4,599.0,2396.0,Bengaluru,,#1847
2026-06-13,Printed A-Line Kurti,8,799.0,6392.0,Bengaluru,,#1847
2026-06-13,Rayon Crop Top,6,399.0,2394.0,Bengaluru,,#1847
2026-06-13,Linen Blend Casual Shirt,1,999.0,999.0,Bengaluru,,#1847
2026-06-13,Linen Blend Casual Shirt,4,999.0,3996.0,Chennai,,#1848
2026-06-13,Oversized Cotton Tee,9,349.0,3141.0,Chennai,,#1848
2026-06-13,Pique Polo T-Shirt,6,599.0,3594.0,Chennai,,#1848
2026-06-13,Printed A-Line Kurti,6,799.0,4794.0,Chennai,,#1848
2026-06-13,Straight Fit Denim Jeans,6,1499.0,8994.0,Bengaluru,,#1847
2026-06-14,Oversized Cotton Tee,8,349.0,2792.0,Delhi,,#1853
2026-06-14,Rayon Crop Top,4,399.0,1596.0,Mumbai,,#1854
2026-06-14,Printed A-Line Kurti,12,799.0,9588.0,Mumbai,,#1854
2026-06-14,Pique Polo T-Shirt,3,599.0,1797.0,Mumbai,,#1854
2026-06-14,Oversized Cotton Tee,7,349.0,2443.0,Mumbai,,#1854
2026-06-14,Linen Blend Casual Shirt,8,999.0,7992.0,Mumbai,,#1854
2026-06-14,Straight Fit Denim Jeans,12,1499.0,17988.0,Delhi,,#1853
2026-06-14,Rayon Crop Top,19,399.0,7581.0,Delhi,,#1853
2026-06-14,Printed A-Line Kurti,11,799.0,8789.0,Delhi,,#1853
2026-06-14,Pique Polo T-Shirt,3,599.0,1797.0,Delhi,,#1853
2026-06-14,Linen Blend Casual Shirt,5,999.0,4995.0,Delhi,,#1853
2026-06-14,Straight Fit Denim Jeans,10,1499.0,14990.0,Mumbai,,#1854
2026-06-14,Rayon Crop Top,8,399.0,3192.0,Chennai,,#1852
2026-06-14,Linen Blend Casual Shirt,2,999.0,1998.0,Bengaluru,,#1851
2026-06-14,Oversized Cotton Tee,6,349.0,2094.0,Bengaluru,,#1851
2026-06-14,Pique Polo T-Shirt,8,599.0,4792.0,Bengaluru,,#1851
2026-06-14,Printed A-Line Kurti,6,799.0,4794.0,Bengaluru,,#1851
2026-06-14,Rayon Crop Top,7,399.0,2793.0,Bengaluru,,#1851
2026-06-14,Straight Fit Denim Jeans,3,1499.0,4497.0,Chennai,,#1852
2026-06-14,Linen Blend Casual Shirt,6,999.0,5994.0,Chennai,,#1852
2026-06-14,Oversized Cotton Tee,1,349.0,349.0,Chennai,,#1852
2026-06-14,Pique Polo T-Shirt,5,599.0,2995.0,Chennai,,#1852
2026-06-14,Printed A-Line Kurti,7,799.0,5593.0,Chennai,,#1852
2026-06-14,Straight Fit Denim Jeans,7,1499.0,10493.0,Bengaluru,,#1851
2026-06-15,Oversized Cotton Tee,14,349.0,4886.0,Delhi,,#1857
2026-06-15,Pique Polo T-Shirt,6,599.0,3594.0,Delhi,,#1857
2026-06-15,Printed A-Line Kurti,10,799.0,7990.0,Delhi,,#1857
2026-06-15,Rayon Crop Top,12,399.0,4788.0,Delhi,,#1857
2026-06-15,Straight Fit Denim Jeans,10,1499.0,14990.0,Delhi,,#1857
2026-06-15,Oversized Cotton Tee,7,349.0,2443.0,Mumbai,,#1858
2026-06-15,Pique Polo T-Shirt,11,599.0,6589.0,Mumbai,,#1858
2026-06-15,Printed A-Line Kurti,10,799.0,7990.0,Mumbai,,#1858
2026-06-15,Rayon Crop Top,11,399.0,4389.0,Mumbai,,#1858
2026-06-15,Linen Blend Casual Shirt,15,999.0,14985.0,Delhi,,#1857
2026-06-15,Linen Blend Casual Shirt,6,999.0,5994.0,Mumbai,,#1858
2026-06-15,Straight Fit Denim Jeans,7,1499.0,10493.0,Mumbai,,#1858
2026-06-15,Straight Fit Denim Jeans,4,1499.0,5996.0,Chennai,,#1856
2026-06-15,Printed A-Line Kurti,11,799.0,8789.0,Chennai,,#1856
2026-06-15,Pique Polo T-Shirt,10,599.0,5990.0,Chennai,,#1856
2026-06-15,Oversized Cotton Tee,9,349.0,3141.0,Chennai,,#1856
2026-06-15,Linen Blend Casual Shirt,3,999.0,2997.0,Chennai,,#1856
2026-06-15,Straight Fit Denim Jeans,15,1499.0,22485.0,Bengaluru,,#1855
2026-06-15,Rayon Crop Top,3,399.0,1197.0,Bengaluru,,#1855
2026-06-15,Printed A-Line Kurti,12,799.0,9588.0,Bengaluru,,#1855
2026-06-15,Pique Polo T-Shirt,11,599.0,6589.0,Bengaluru,,#1855
2026-06-15,Oversized Cotton Tee,12,349.0,4188.0,Bengaluru,,#1855
2026-06-15,Linen Blend Casual Shirt,5,999.0,4995.0,Bengaluru,,#1855
2026-06-15,Rayon Crop Top,9,399.0,3591.0,Chennai,,#1856
2026-06-16,Printed A-Line Kurti,10,799.0,7990.0,Delhi,,#1861
2026-06-16,Rayon Crop Top,10,399.0,3990.0,Delhi,,#1861
2026-06-16,Straight Fit Denim Jeans,8,1499.0,11992.0,Delhi,,#1861
2026-06-16,Linen Blend Casual Shirt,7,999.0,6993.0,Mumbai,,#1862
2026-06-16,Pique Polo T-Shirt,17,599.0,10183.0,Delhi,,#1861
2026-06-16,Pique Polo T-Shirt,11,599.0,6589.0,Mumbai,,#1862
2026-06-16,Printed A-Line Kurti,17,799.0,13583.0,Mumbai,,#1862
2026-06-16,Rayon Crop Top,9,399.0,3591.0,Mumbai,,#1862
2026-06-16,Straight Fit Denim Jeans,10,1499.0,14990.0,Mumbai,,#1862
2026-06-16,Oversized Cotton Tee,11,349.0,3839.0,Mumbai,,#1862
2026-06-16,Oversized Cotton Tee,17,349.0,5933.0,Delhi,,#1861
2026-06-16,Linen Blend Casual Shirt,9,999.0,8991.0,Delhi,,#1861
2026-06-16,Linen Blend Casual Shirt,7,999.0,6993.0,Bengaluru,,#1859
2026-06-16,Rayon Crop Top,9,399.0,3591.0,Chennai,,#1860
2026-06-16,Printed A-Line Kurti,9,799.0,7191.0,Chennai,,#1860
2026-06-16,Pique Polo T-Shirt,8,599.0,4792.0,Chennai,,#1860
2026-06-16,Oversized Cotton Tee,12,349.0,4188.0,Chennai,,#1860
2026-06-16,Linen Blend Casual Shirt,8,999.0,7992.0,Chennai,,#1860
2026-06-16,Straight Fit Denim Jeans,11,1499.0,16489.0,Bengaluru,,#1859
2026-06-16,Rayon Crop Top,3,399.0,1197.0,Bengaluru,,#1859
2026-06-16,Printed A-Line Kurti,10,799.0,7990.0,Bengaluru,,#1859
2026-06-16,Pique Polo T-Shirt,6,599.0,3594.0,Bengaluru,,#1859
2026-06-16,Oversized Cotton Tee,8,349.0,2792.0,Bengaluru,,#1859
2026-06-16,Straight Fit Denim Jeans,3,1499.0,4497.0,Chennai,,#1860
2026-06-17,Pique Polo T-Shirt,5,599.0,2995.0,Delhi,,#1865
2026-06-17,Printed A-Line Kurti,3,799.0,2397.0,Delhi,,#1865
2026-06-17,Rayon Crop Top,9,399.0,3591.0,Delhi,,#1865
2026-06-17,Straight Fit Denim Jeans,4,1499.0,5996.0,Delhi,,#1865
2026-06-17,Straight Fit Denim Jeans,4,1499.0,5996.0,Mumbai,,#1866
2026-06-17,Oversized Cotton Tee,10,349.0,3490.0,Mumbai,,#1866
2026-06-17,Printed A-Line Kurti,7,799.0,5593.0,Mumbai,,#1866
2026-06-17,Rayon Crop Top,6,399.0,2394.0,Mumbai,,#1866
2026-06-17,Oversized Cotton Tee,15,349.0,5235.0,Delhi,,#1865
2026-06-17,Linen Blend Casual Shirt,3,999.0,2997.0,Mumbai,,#1866
2026-06-17,Linen Blend Casual Shirt,12,999.0,11988.0,Delhi,,#1865
2026-06-17,Pique Polo T-Shirt,8,599.0,4792.0,Mumbai,,#1866
2026-06-17,Rayon Crop Top,6,399.0,2394.0,Chennai,,#1864
2026-06-17,Straight Fit Denim Jeans,6,1499.0,8994.0,Chennai,,#1864
2026-06-17,Oversized Cotton Tee,5,349.0,1745.0,Bengaluru,,#1863
2026-06-17,Pique Polo T-Shirt,5,599.0,2995.0,Bengaluru,,#1863
2026-06-17,Printed A-Line Kurti,7,799.0,5593.0,Bengaluru,,#1863
2026-06-17,Rayon Crop Top,7,399.0,2793.0,Bengaluru,,#1863
2026-06-17,Linen Blend Casual Shirt,6,999.0,5994.0,Bengaluru,,#1863
2026-06-17,Linen Blend Casual Shirt,7,999.0,6993.0,Chennai,,#1864
2026-06-17,Oversized Cotton Tee,11,349.0,3839.0,Chennai,,#1864
2026-06-17,Pique Polo T-Shirt,3,599.0,1797.0,Chennai,,#1864
2026-06-17,Printed A-Line Kurti,8,799.0,6392.0,Chennai,,#1864
2026-06-17,Straight Fit Denim Jeans,10,1499.0,14990.0,Bengaluru,,#1863
2026-06-18,Pique Polo T-Shirt,7,599.0,4193.0,Delhi,,#1869
2026-06-18,Printed A-Line Kurti,9,799.0,7191.0,Delhi,,#1869
2026-06-18,Rayon Crop Top,10,399.0,3990.0,Delhi,,#1869
2026-06-18,Straight Fit Denim Jeans,5,1499.0,7495.0,Delhi,,#1869
2026-06-18,Oversized Cotton Tee,18,349.0,6282.0,Mumbai,,#1870
2026-06-18,Pique Polo T-Shirt,9,599.0,5391.0,Mumbai,,#1870
2026-06-18,Printed A-Line Kurti,10,799.0,7990.0,Mumbai,,#1870
2026-06-18,Rayon Crop Top,12,399.0,4788.0,Mumbai,,#1870
2026-06-18,Oversized Cotton Tee,8,349.0,2792.0,Delhi,,#1869
2026-06-18,Straight Fit Denim Jeans,7,1499.0,10493.0,Mumbai,,#1870
2026-06-18,Linen Blend Casual Shirt,5,999.0,4995.0,Mumbai,,#1870
2026-06-18,Linen Blend Casual Shirt,5,999.0,4995.0,Delhi,,#1869
2026-06-18,Pique Polo T-Shirt,4,599.0,2396.0,Chennai,,#1868
2026-06-18,Rayon Crop Top,5,399.0,1995.0,Chennai,,#1868
2026-06-18,Printed A-Line Kurti,10,799.0,7990.0,Chennai,,#1868
2026-06-18,Oversized Cotton Tee,14,349.0,4886.0,Chennai,,#1868
2026-06-18,Linen Blend Casual Shirt,1,999.0,999.0,Chennai,,#1868
2026-06-18,Straight Fit Denim Jeans,3,1499.0,4497.0,Bengaluru,,#1867
2026-06-18,Rayon Crop Top,11,399.0,4389.0,Bengaluru,,#1867
2026-06-18,Printed A-Line Kurti,8,799.0,6392.0,Bengaluru,,#1867
2026-06-18,Pique Polo T-Shirt,6,599.0,3594.0,Bengaluru,,#1867
2026-06-18,Oversized Cotton Tee,5,349.0,1745.0,Bengaluru,,#1867
2026-06-18,Linen Blend Casual Shirt,4,999.0,3996.0,Bengaluru,,#1867
2026-06-18,Straight Fit Denim Jeans,1,1499.0,1499.0,Chennai,,#1868
2026-06-19,Straight Fit Denim Jeans,7,1499.0,10493.0,Delhi,,#1873
2026-06-19,Pique Polo T-Shirt,9,599.0,5391.0,Delhi,,#1873
2026-06-19,Printed A-Line Kurti,8,799.0,6392.0,Delhi,,#1873
2026-06-19,Rayon Crop Top,10,399.0,3990.0,Delhi,,#1873
2026-06-19,Linen Blend Casual Shirt,6,999.0,5994.0,Mumbai,,#1874
2026-06-19,Oversized Cotton Tee,11,349.0,3839.0,Delhi,,#1873
2026-06-19,Pique Polo T-Shirt,6,599.0,3594.0,Mumbai,,#1874
2026-06-19,Printed A-Line Kurti,8,799.0,6392.0,Mumbai,,#1874
2026-06-19,Rayon Crop Top,10,399.0,3990.0,Mumbai,,#1874
2026-06-19,Straight Fit Denim Jeans,6,1499.0,8994.0,Mumbai,,#1874
2026-06-19,Oversized Cotton Tee,6,349.0,2094.0,Mumbai,,#1874
2026-06-19,Linen Blend Casual Shirt,8,999.0,7992.0,Delhi,,#1873
2026-06-19,Straight Fit Denim Jeans,3,1499.0,4497.0,Chennai,,#1872
2026-06-19,Rayon Crop Top,6,399.0,2394.0,Chennai,,#1872
2026-06-19,Oversized Cotton Tee,8,349.0,2792.0,Bengaluru,,#1871
2026-06-19,Pique Polo T-Shirt,3,599.0,1797.0,Bengaluru,,#1871
2026-06-19,Printed A-Line Kurti,3,799.0,2397.0,Bengaluru,,#1871
2026-06-19,Rayon Crop Top,4,399.0,1596.0,Bengaluru,,#1871
2026-06-19,Linen Blend Casual Shirt,8,999.0,7992.0,Bengaluru,,#1871
2026-06-19,Linen Blend Casual Shirt,7,999.0,6993.0,Chennai,,#1872
2026-06-19,Oversized Cotton Tee,5,349.0,1745.0,Chennai,,#1872
2026-06-19,Pique Polo T-Shirt,4,599.0,2396.0,Chennai,,#1872
2026-06-19,Printed A-Line Kurti,6,799.0,4794.0,Chennai,,#1872
2026-06-19,Straight Fit Denim Jeans,10,1499.0,14990.0,Bengaluru,,#1871
2026-06-20,Pique Polo T-Shirt,11,599.0,6589.0,Delhi,,#1877
2026-06-20,Straight Fit Denim Jeans,11,1499.0,16489.0,Mumbai,,#1878
2026-06-20,Rayon Crop Top,5,399.0,1995.0,Mumbai,,#1878
2026-06-20,Printed A-Line Kurti,10,799.0,7990.0,Mumbai,,#1878
2026-06-20,Pique Polo T-Shirt,7,599.0,4193.0,Mumbai,,#1878
2026-06-20,Oversized Cotton Tee,8,349.0,2792.0,Mumbai,,#1878
2026-06-20,Linen Blend Casual Shirt,6,999.0,5994.0,Mumbai,,#1878
2026-06-20,Straight Fit Denim Jeans,8,1499.0,11992.0,Delhi,,#1877
2026-06-20,Rayon Crop Top,9,399.0,3591.0,Delhi,,#1877
2026-06-20,Printed A-Line Kurti,13,799.0,10387.0,Delhi,,#1877
2026-06-20,Oversized Cotton Tee,8,349.0,2792.0,Delhi,,#1877
2026-06-20,Linen Blend Casual Shirt,11,999.0,10989.0,Delhi,,#1877
2026-06-20,Linen Blend Casual Shirt,4,999.0,3996.0,Bengaluru,,#1875
2026-06-20,Straight Fit Denim Jeans,7,1499.0,10493.0,Chennai,,#1876
2026-06-20,Oversized Cotton Tee,3,349.0,1047.0,Bengaluru,,#1875
2026-06-20,Pique Polo T-Shirt,8,599.0,4792.0,Bengaluru,,#1875
2026-06-20,Rayon Crop Top,2,399.0,798.0,Bengaluru,,#1875
2026-06-20,Straight Fit Denim Jeans,5,1499.0,7495.0,Bengaluru,,#1875
2026-06-20,Printed A-Line Kurti,5,799.0,3995.0,Bengaluru,,#1875
2026-06-20,Oversized Cotton Tee,10,349.0,3490.0,Chennai,,#1876
2026-06-20,Pique Polo T-Shirt,4,599.0,2396.0,Chennai,,#1876
2026-06-20,Printed A-Line Kurti,3,799.0,2397.0,Chennai,,#1876
2026-06-20,Rayon Crop Top,8,399.0,3192.0,Chennai,,#1876
2026-06-20,Linen Blend Casual Shirt,4,999.0,3996.0,Chennai,,#1876
2026-06-21,Straight Fit Denim Jeans,6,1499.0,8994.0,Delhi,,#1881
2026-06-21,Pique Polo T-Shirt,6,599.0,3594.0,Delhi,,#1881
2026-06-21,Printed A-Line Kurti,12,799.0,9588.0,Delhi,,#1881
2026-06-21,Rayon Crop Top,10,399.0,3990.0,Delhi,,#1881
2026-06-21,Linen Blend Casual Shirt,8,999.0,7992.0,Mumbai,,#1882
2026-06-21,Oversized Cotton Tee,12,349.0,4188.0,Delhi,,#1881
2026-06-21,Pique Polo T-Shirt,4,599.0,2396.0,Mumbai,,#1882
2026-06-21,Printed A-Line Kurti,9,799.0,7191.0,Mumbai,,#1882
2026-06-21,Rayon Crop Top,9,399.0,3591.0,Mumbai,,#1882
2026-06-21,Straight Fit Denim Jeans,4,1499.0,5996.0,Mumbai,,#1882
2026-06-21,Oversized Cotton Tee,11,349.0,3839.0,Mumbai,,#1882
2026-06-21,Linen Blend Casual Shirt,12,999.0,11988.0,Delhi,,#1881
2026-06-21,Linen Blend Casual Shirt,5,999.0,4995.0,Bengaluru,,#1879
2026-06-21,Rayon Crop Top,9,399.0,3591.0,Chennai,,#1880
2026-06-21,Printed A-Line Kurti,9,799.0,7191.0,Chennai,,#1880
2026-06-21,Pique Polo T-Shirt,6,599.0,3594.0,Chennai,,#1880
2026-06-21,Oversized Cotton Tee,9,349.0,3141.0,Chennai,,#1880
2026-06-21,Linen Blend Casual Shirt,6,999.0,5994.0,Chennai,,#1880
2026-06-21,Straight Fit Denim Jeans,7,1499.0,10493.0,Bengaluru,,#1879
2026-06-21,Rayon Crop Top,11,399.0,4389.0,Bengaluru,,#1879
2026-06-21,Printed A-Line Kurti,7,799.0,5593.0,Bengaluru,,#1879
2026-06-21,Pique Polo T-Shirt,5,599.0,2995.0,Bengaluru,,#1879
2026-06-21,Oversized Cotton Tee,6,349.0,2094.0,Bengaluru,,#1879
2026-06-21,Straight Fit Denim Jeans,5,1499.0,7495.0,Chennai,,#1880
2026-06-22,Pique Polo T-Shirt,16,599.0,9584.0,Delhi,,#1885
2026-06-22,Printed A-Line Kurti,16,799.0,12784.0,Delhi,,#1885
2026-06-22,Rayon Crop Top,14,399.0,5586.0,Delhi,,#1885
2026-06-22,Straight Fit Denim Jeans,16,1499.0,23984.0,Delhi,,#1885
2026-06-22,Linen Blend Casual Shirt,13,999.0,12987.0,Mumbai,,#1886
2026-06-22,Straight Fit Denim Jeans,11,1499.0,16489.0,Mumbai,,#1886
2026-06-22,Pique Polo T-Shirt,11,599.0,6589.0,Mumbai,,#1886
2026-06-22,Printed A-Line Kurti,17,799.0,13583.0,Mumbai,,#1886
2026-06-22,Rayon Crop Top,16,399.0,6384.0,Mumbai,,#1886
2026-06-22,Oversized Cotton Tee,14,349.0,4886.0,Delhi,,#1885
2026-06-22,Oversized Cotton Tee,13,349.0,4537.0,Mumbai,,#1886
2026-06-22,Linen Blend Casual Shirt,18,999.0,17982.0,Delhi,,#1885
2026-06-22,Straight Fit Denim Jeans,1,1499.0,1499.0,Chennai,,#1884
2026-06-22,Rayon Crop Top,16,399.0,6384.0,Chennai,,#1884
2026-06-22,Oversized Cotton Tee,13,349.0,4537.0,Bengaluru,,#1883
2026-06-22,Pique Polo T-Shirt,7,599.0,4193.0,Bengaluru,,#1883
2026-06-22,Printed A-Line Kurti,9,799.0,7191.0,Bengaluru,,#1883
2026-06-22,Rayon Crop Top,10,399.0,3990.0,Bengaluru,,#1883
2026-06-22,Linen Blend Casual Shirt,3,999.0,2997.0,Bengaluru,,#1883
2026-06-22,Linen Blend Casual Shirt,7,999.0,6993.0,Chennai,,#1884
2026-06-22,Oversized Cotton Tee,11,349.0,3839.0,Chennai,,#1884
2026-06-22,Pique Polo T-Shirt,7,599.0,4193.0,Chennai,,#1884
2026-06-22,Printed A-Line Kurti,9,799.0,7191.0,Chennai,,#1884
2026-06-22,Straight Fit Denim Jeans,5,1499.0,7495.0,Bengaluru,,#1883
2026-06-23,Oversized Cotton Tee,12,349.0,4188.0,Delhi,,#1889
2026-06-23,Rayon Crop Top,8,399.0,3192.0,Mumbai,,#1890
2026-06-23,Printed A-Line Kurti,12,799.0,9588.0,Mumbai,,#1890
2026-06-23,Pique Polo T-Shirt,11,599.0,6589.0,Mumbai,,#1890
2026-06-23,Oversized Cotton Tee,10,349.0,3490.0,Mumbai,,#1890
2026-06-23,Linen Blend Casual Shirt,4,999.0,3996.0,Mumbai,,#1890
2026-06-23,Straight Fit Denim Jeans,11,1499.0,16489.0,Delhi,,#1889
2026-06-23,Rayon Crop Top,9,399.0,3591.0,Delhi,,#1889
2026-06-23,Printed A-Line Kurti,10,799.0,7990.0,Delhi,,#1889
2026-06-23,Pique Polo T-Shirt,2,599.0,1198.0,Delhi,,#1889
2026-06-23,Linen Blend Casual Shirt,9,999.0,8991.0,Delhi,,#1889
2026-06-23,Straight Fit Denim Jeans,12,1499.0,17988.0,Mumbai,,#1890
2026-06-23,Rayon Crop Top,8,399.0,3192.0,Chennai,,#1888
2026-06-23,Linen Blend Casual Shirt,2,999.0,1998.0,Bengaluru,,#1887
2026-06-23,Oversized Cotton Tee,5,349.0,1745.0,Bengaluru,,#1887
2026-06-23,Pique Polo T-Shirt,8,599.0,4792.0,Bengaluru,,#1887
2026-06-23,Printed A-Line Kurti,6,799.0,4794.0,Bengaluru,,#1887
2026-06-23,Rayon Crop Top,9,399.0,3591.0,Bengaluru,,#1887
2026-06-23,Straight Fit Denim Jeans,8,1499.0,11992.0,Chennai,,#1888
2026-06-23,Linen Blend Casual Shirt,7,999.0,6993.0,Chennai,,#1888
2026-06-23,Oversized Cotton Tee,8,349.0,2792.0,Chennai,,#1888
2026-06-23,Pique Polo T-Shirt,4,599.0,2396.0,Chennai,,#1888
2026-06-23,Printed A-Line Kurti,6,799.0,4794.0,Chennai,,#1888
2026-06-23,Straight Fit Denim Jeans,4,1499.0,5996.0,Bengaluru,,#1887
2026-06-24,Oversized Cotton Tee,7,349.0,2443.0,Delhi,,#1893
2026-06-24,Pique Polo T-Shirt,7,599.0,4193.0,Delhi,,#1893
2026-06-24,Printed A-Line Kurti,12,799.0,9588.0,Delhi,,#1893
2026-06-24,Rayon Crop Top,6,399.0,2394.0,Delhi,,#1893
2026-06-24,Straight Fit Denim Jeans,5,1499.0,7495.0,Delhi,,#1893
2026-06-24,Oversized Cotton Tee,7,349.0,2443.0,Mumbai,,#1894
2026-06-24,Pique Polo T-Shirt,4,599.0,2396.0,Mumbai,,#1894
2026-06-24,Printed A-Line Kurti,16,799.0,12784.0,Mumbai,,#1894
2026-06-24,Rayon Crop Top,3,399.0,1197.0,Mumbai,,#1894
2026-06-24,Linen Blend Casual Shirt,6,999.0,5994.0,Delhi,,#1893
2026-06-24,Linen Blend Casual Shirt,5,999.0,4995.0,Mumbai,,#1894
2026-06-24,Straight Fit Denim Jeans,4,1499.0,5996.0,Mumbai,,#1894
2026-06-24,Straight Fit Denim Jeans,4,1499.0,5996.0,Chennai,,#1892
2026-06-24,Printed A-Line Kurti,4,799.0,3196.0,Chennai,,#1892
2026-06-24,Pique Polo T-Shirt,6,599.0,3594.0,Chennai,,#1892
2026-06-24,Oversized Cotton Tee,6,349.0,2094.0,Chennai,,#1892
2026-06-24,Linen Blend Casual Shirt,7,999.0,6993.0,Chennai,,#1892
2026-06-24,Straight Fit Denim Jeans,5,1499.0,7495.0,Bengaluru,,#1891
2026-06-24,Rayon Crop Top,6,399.0,2394.0,Bengaluru,,#1891
2026-06-24,Printed A-Line Kurti,7,799.0,5593.0,Bengaluru,,#1891
2026-06-24,Pique Polo T-Shirt,4,599.0,2396.0,Bengaluru,,#1891
2026-06-24,Oversized Cotton Tee,2,349.0,698.0,Bengaluru,,#1891
2026-06-24,Linen Blend Casual Shirt,3,999.0,2997.0,Bengaluru,,#1891
2026-06-24,Rayon Crop Top,9,399.0,3591.0,Chennai,,#1892
2026-06-25,Pique Polo T-Shirt,6,599.0,3594.0,Delhi,,#1897
2026-06-25,Printed A-Line Kurti,15,799.0,11985.0,Delhi,,#1897
2026-06-25,Rayon Crop Top,13,399.0,5187.0,Delhi,,#1897
2026-06-25,Straight Fit Denim Jeans,7,1499.0,10493.0,Delhi,,#1897
2026-06-25,Oversized Cotton Tee,12,349.0,4188.0,Delhi,,#1897
2026-06-25,Oversized Cotton Tee,7,349.0,2443.0,Mumbai,,#1898
2026-06-25,Pique Polo T-Shirt,3,599.0,1797.0,Mumbai,,#1898
2026-06-25,Printed A-Line Kurti,12,799.0,9588.0,Mumbai,,#1898
2026-06-25,Rayon Crop Top,8,399.0,3192.0,Mumbai,,#1898
2026-06-25,Linen Blend Casual Shirt,8,999.0,7992.0,Mumbai,,#1898
2026-06-25,Linen Blend Casual Shirt,9,999.0,8991.0,Delhi,,#1897
2026-06-25,Straight Fit Denim Jeans,9,1499.0,13491.0,Mumbai,,#1898
2026-06-25,Rayon Crop Top,6,399.0,2394.0,Chennai,,#1896
2026-06-25,Linen Blend Casual Shirt,2,999.0,1998.0,Bengaluru,,#1895
2026-06-25,Oversized Cotton Tee,5,349.0,1745.0,Bengaluru,,#1895
2026-06-25,Pique Polo T-Shirt,5,599.0,2995.0,Bengaluru,,#1895
2026-06-25,Printed A-Line Kurti,6,799.0,4794.0,Bengaluru,,#1895
2026-06-25,Rayon Crop Top,4,399.0,1596.0,Bengaluru,,#1895
2026-06-25,Straight Fit Denim Jeans,3,1499.0,4497.0,Chennai,,#1896
2026-06-25,Linen Blend Casual Shirt,2,999.0,1998.0,Chennai,,#1896
2026-06-25,Oversized Cotton Tee,7,349.0,2443.0,Chennai,,#1896
2026-06-25,Pique Polo T-Shirt,3,599.0,1797.0,Chennai,,#1896
2026-06-25,Printed A-Line Kurti,6,799.0,4794.0,Chennai,,#1896
2026-06-25,Straight Fit Denim Jeans,3,1499.0,4497.0,Bengaluru,,#1895
2026-06-26,Oversized Cotton Tee,11,349.0,3839.0,Delhi,,#1901
2026-06-26,Rayon Crop Top,13,399.0,5187.0,Mumbai,,#1902
2026-06-26,Printed A-Line Kurti,7,799.0,5593.0,Mumbai,,#1902
2026-06-26,Pique Polo T-Shirt,7,599.0,4193.0,Mumbai,,#1902
2026-06-26,Oversized Cotton Tee,8,349.0,2792.0,Mumbai,,#1902
2026-06-26,Linen Blend Casual Shirt,5,999.0,4995.0,Mumbai,,#1902
2026-06-26,Straight Fit Denim Jeans,3,1499.0,4497.0,Delhi,,#1901
2026-06-26,Rayon Crop Top,9,399.0,3591.0,Delhi,,#1901
2026-06-26,Printed A-Line Kurti,11,799.0,8789.0,Delhi,,#1901
2026-06-26,Pique Polo T-Shirt,6,599.0,3594.0,Delhi,,#1901
2026-06-26,Linen Blend Casual Shirt,8,999.0,7992.0,Delhi,,#1901
2026-06-26,Straight Fit Denim Jeans,5,1499.0,7495.0,Mumbai,,#1902
2026-06-26,Rayon Crop Top,9,399.0,3591.0,Chennai,,#1900
2026-06-26,Linen Blend Casual Shirt,5,999.0,4995.0,Bengaluru,,#1899
2026-06-26,Oversized Cotton Tee,6,349.0,2094.0,Bengaluru,,#1899
2026-06-26,Pique Polo T-Shirt,4,599.0,2396.0,Bengaluru,,#1899
2026-06-26,Printed A-Line Kurti,7,799.0,5593.0,Bengaluru,,#1899
2026-06-26,Rayon Crop Top,5,399.0,1995.0,Bengaluru,,#1899
2026-06-26,Straight Fit Denim Jeans,3,1499.0,4497.0,Chennai,,#1900
2026-06-26,Linen Blend Casual Shirt,5,999.0,4995.0,Chennai,,#1900
2026-06-26,Oversized Cotton Tee,5,349.0,1745.0,Chennai,,#1900
2026-06-26,Pique Polo T-Shirt,6,599.0,3594.0,Chennai,,#1900
2026-06-26,Printed A-Line Kurti,5,799.0,3995.0,Chennai,,#1900
2026-06-26,Straight Fit Denim Jeans,8,1499.0,11992.0,Bengaluru,,#1899
2026-06-27,Oversized Cotton Tee,13,349.0,4537.0,Delhi,,#1905
2026-06-27,Rayon Crop Top,7,399.0,2793.0,Mumbai,,#1906
2026-06-27,Printed A-Line Kurti,11,799.0,8789.0,Mumbai,,#1906
2026-06-27,Pique Polo T-Shirt,4,599.0,2396.0,Mumbai,,#1906
2026-06-27,Oversized Cotton Tee,9,349.0,3141.0,Mumbai,,#1906
2026-06-27,Linen Blend Casual Shirt,7,999.0,6993.0,Mumbai,,#1906
2026-06-27,Straight Fit Denim Jeans,4,1499.0,5996.0,Delhi,,#1905
2026-06-27,Rayon Crop Top,8,399.0,3192.0,Delhi,,#1905
2026-06-27,Printed A-Line Kurti,15,799.0,11985.0,Delhi,,#1905
2026-06-27,Pique Polo T-Shirt,4,599.0,2396.0,Delhi,,#1905
2026-06-27,Straight Fit Denim Jeans,5,1499.0,7495.0,Mumbai,,#1906
2026-06-27,Linen Blend Casual Shirt,6,999.0,5994.0,Delhi,,#1905
2026-06-27,Rayon Crop Top,4,399.0,1596.0,Chennai,,#1904
2026-06-27,Printed A-Line Kurti,8,799.0,6392.0,Chennai,,#1904
2026-06-27,Pique Polo T-Shirt,3,599.0,1797.0,Chennai,,#1904
2026-06-27,Oversized Cotton Tee,9,349.0,3141.0,Chennai,,#1904
2026-06-27,Linen Blend Casual Shirt,10,999.0,9990.0,Chennai,,#1904
2026-06-27,Straight Fit Denim Jeans,8,1499.0,11992.0,Bengaluru,,#1903
2026-06-27,Printed A-Line Kurti,5,799.0,3995.0,Bengaluru,,#1903
2026-06-27,Pique Polo T-Shirt,3,599.0,1797.0,Bengaluru,,#1903
2026-06-27,Oversized Cotton Tee,4,349.0,1396.0,Bengaluru,,#1903
2026-06-27,Linen Blend Casual Shirt,4,999.0,3996.0,Bengaluru,,#1903
2026-06-27,Straight Fit Denim Jeans,6,1499.0,8994.0,Chennai,,#1904
2026-06-28,Pique Polo T-Shirt,9,599.0,5391.0,Delhi,,#1909
2026-06-28,Printed A-Line Kurti,7,799.0,5593.0,Delhi,,#1909
2026-06-28,Rayon Crop Top,16,399.0,6384.0,Delhi,,#1909
2026-06-28,Straight Fit Denim Jeans,6,1499.0,8994.0,Delhi,,#1909
2026-06-28,Linen Blend Casual Shirt,6,999.0,5994.0,Mumbai,,#1910
2026-06-28,Straight Fit Denim Jeans,5,1499.0,7495.0,Mumbai,,#1910
2026-06-28,Pique Polo T-Shirt,5,599.0,2995.0,Mumbai,,#1910
2026-06-28,Printed A-Line Kurti,11,799.0,8789.0,Mumbai,,#1910
2026-06-28,Rayon Crop Top,6,399.0,2394.0,Mumbai,,#1910
2026-06-28,Oversized Cotton Tee,19,349.0,6631.0,Delhi,,#1909
2026-06-28,Oversized Cotton Tee,10,349.0,3490.0,Mumbai,,#1910
2026-06-28,Linen Blend Casual Shirt,5,999.0,4995.0,Delhi,,#1909
2026-06-28,Straight Fit Denim Jeans,2,1499.0,2998.0,Chennai,,#1908
2026-06-28,Rayon Crop Top,8,399.0,3192.0,Chennai,,#1908
2026-06-28,Oversized Cotton Tee,7,349.0,2443.0,Bengaluru,,#1907
2026-06-28,Pique Polo T-Shirt,5,599.0,2995.0,Bengaluru,,#1907
2026-06-28,Printed A-Line Kurti,6,799.0,4794.0,Bengaluru,,#1907
2026-06-28,Rayon Crop Top,4,399.0,1596.0,Bengaluru,,#1907
2026-06-28,Linen Blend Casual Shirt,5,999.0,4995.0,Bengaluru,,#1907
2026-06-28,Linen Blend Casual Shirt,7,999.0,6993.0,Chennai,,#1908
2026-06-28,Oversized Cotton Tee,9,349.0,3141.0,Chennai,,#1908
2026-06-28,Pique Polo T-Shirt,3,599.0,1797.0,Chennai,,#1908
2026-06-28,Printed A-Line Kurti,10,799.0,7990.0,Chennai,,#1908
2026-06-28,Straight Fit Denim Jeans,3,1499.0,4497.0,Bengaluru,,#1907
2026-06-29,Oversized Cotton Tee,14,349.0,4886.0,Delhi,,#1913
2026-06-29,Rayon Crop Top,17,399.0,6783.0,Mumbai,,#1914
2026-06-29,Printed A-Line Kurti,13,799.0,10387.0,Mumbai,,#1914
2026-06-29,Pique Polo T-Shirt,8,599.0,4792.0,Mumbai,,#1914
2026-06-29,Oversized Cotton Tee,10,349.0,3490.0,Mumbai,,#1914
2026-06-29,Linen Blend Casual Shirt,5,999.0,4995.0,Mumbai,,#1914
2026-06-29,Straight Fit Denim Jeans,5,1499.0,7495.0,Delhi,,#1913
2026-06-29,Rayon Crop Top,18,399.0,7182.0,Delhi,,#1913
2026-06-29,Printed A-Line Kurti,13,799.0,10387.0,Delhi,,#1913
2026-06-29,Pique Polo T-Shirt,13,599.0,7787.0,Delhi,,#1913
2026-06-29,Linen Blend Casual Shirt,16,999.0,15984.0,Delhi,,#1913
2026-06-29,Straight Fit Denim Jeans,13,1499.0,19487.0,Mumbai,,#1914
2026-06-29,Rayon Crop Top,6,399.0,2394.0,Chennai,,#1912
2026-06-29,Linen Blend Casual Shirt,7,999.0,6993.0,Bengaluru,,#1911
2026-06-29,Oversized Cotton Tee,9,349.0,3141.0,Bengaluru,,#1911
2026-06-29,Pique Polo T-Shirt,6,599.0,3594.0,Bengaluru,,#1911
2026-06-29,Printed A-Line Kurti,12,799.0,9588.0,Bengaluru,,#1911
2026-06-29,Rayon Crop Top,8,399.0,3192.0,Bengaluru,,#1911
2026-06-29,Straight Fit Denim Jeans,2,1499.0,2998.0,Chennai,,#1912
2026-06-29,Linen Blend Casual Shirt,10,999.0,9990.0,Chennai,,#1912
2026-06-29,Oversized Cotton Tee,14,349.0,4886.0,Chennai,,#1912
2026-06-29,Pique Polo T-Shirt,9,599.0,5391.0,Chennai,,#1912
2026-06-29,Printed A-Line Kurti,10,799.0,7990.0,Chennai,,#1912
2026-06-29,Straight Fit Denim Jeans,8,1499.0,11992.0,Bengaluru,,#1911
2026-06-30,Oversized Cotton Tee,12,349.0,4188.0,Delhi,,#1917
2026-06-30,Pique Polo T-Shirt,9,599.0,5391.0,Delhi,,#1917
2026-06-30,Printed A-Line Kurti,12,799.0,9588.0,Delhi,,#1917
2026-06-30,Rayon Crop Top,19,399.0,7581.0,Delhi,,#1917
2026-06-30,Straight Fit Denim Jeans,14,1499.0,20986.0,Delhi,,#1917
2026-06-30,Oversized Cotton Tee,15,349.0,5235.0,Mumbai,,#1918
2026-06-30,Pique Polo T-Shirt,3,599.0,1797.0,Mumbai,,#1918
2026-06-30,Printed A-Line Kurti,8,799.0,6392.0,Mumbai,,#1918
2026-06-30,Rayon Crop Top,6,399.0,2394.0,Mumbai,,#1918
2026-06-30,Linen Blend Casual Shirt,13,999.0,12987.0,Delhi,,#1917
2026-06-30,Linen Blend Casual Shirt,12,999.0,11988.0,Mumbai,,#1918
2026-06-30,Straight Fit Denim Jeans,7,1499.0,10493.0,Mumbai,,#1918
2026-06-30,Straight Fit Denim Jeans,3,1499.0,4497.0,Chennai,,#1916
2026-06-30,Printed A-Line Kurti,13,799.0,10387.0,Chennai,,#1916
2026-06-30,Pique Polo T-Shirt,10,599.0,5990.0,Chennai,,#1916
2026-06-30,Oversized Cotton Tee,15,349.0,5235.0,Chennai,,#1916
2026-06-30,Linen Blend Casual Shirt,8,999.0,7992.0,Chennai,,#1916
2026-06-30,Straight Fit Denim Jeans,10,1499.0,14990.0,Bengaluru,,#1915
2026-06-30,Rayon Crop Top,14,399.0,5586.0,Bengaluru,,#1915
2026-06-30,Printed A-Line Kurti,15,799.0,11985.0,Bengaluru,,#1915
2026-06-30,Pique Polo T-Shirt,6,599.0,3594.0,Bengaluru,,#1915
2026-06-30,Oversized Cotton Tee,6,349.0,2094.0,Bengaluru,,#1915
2026-06-30,Linen Blend Casual Shirt,5,999.0,4995.0,Bengaluru,,#1915
2026-06-30,Rayon Crop Top,12,399.0,4788.0,Chennai,,#1916
2026-07-01,Pique Polo T-Shirt,4,599.0,2396.0,Delhi,,#1921
2026-07-01,Printed A-Line Kurti,10,799.0,7990.0,Delhi,,#1921
2026-07-01,Rayon Crop Top,15,399.0,5985.0,Delhi,,#1921
2026-07-01,Straight Fit Denim Jeans,7,1499.0,10493.0,Delhi,,#1921
2026-07-01,Oversized Cotton Tee,11,349.0,3839.0,Delhi,,#1921
2026-07-01,Oversized Cotton Tee,10,349.0,3490.0,Mumbai,,#1922
2026-07-01,Pique Polo T-Shirt,8,599.0,4792.0,Mumbai,,#1922
2026-07-01,Printed A-Line Kurti,16,799.0,12784.0,Mumbai,,#1922
2026-07-01,Rayon Crop Top,5,399.0,1995.0,Mumbai,,#1922
2026-07-01,Linen Blend Casual Shirt,9,999.0,8991.0,Mumbai,,#1922
2026-07-01,Linen Blend Casual Shirt,6,999.0,5994.0,Delhi,,#1921
2026-07-01,Straight Fit Denim Jeans,9,1499.0,13491.0,Mumbai,,#1922
2026-07-01,Rayon Crop Top,6,399.0,2394.0,Chennai,,#1920
2026-07-01,Linen Blend Casual Shirt,8,999.0,7992.0,Bengaluru,,#1919
2026-07-01,Oversized Cotton Tee,11,349.0,3839.0,Bengaluru,,#1919
2026-07-01,Pique Polo T-Shirt,5,599.0,2995.0,Bengaluru,,#1919
2026-07-01,Printed A-Line Kurti,9,799.0,7191.0,Bengaluru,,#1919
2026-07-01,Rayon Crop Top,6,399.0,2394.0,Bengaluru,,#1919
2026-07-01,Straight Fit Denim Jeans,6,1499.0,8994.0,Chennai,,#1920
2026-07-01,Linen Blend Casual Shirt,7,999.0,6993.0,Chennai,,#1920
2026-07-01,Oversized Cotton Tee,6,349.0,2094.0,Chennai,,#1920
2026-07-01,Pique Polo T-Shirt,6,599.0,3594.0,Chennai,,#1920
2026-07-01,Printed A-Line Kurti,5,799.0,3995.0,Chennai,,#1920
2026-07-01,Straight Fit Denim Jeans,7,1499.0,10493.0,Bengaluru,,#1919
2026-07-02,Oversized Cotton Tee,9,349.0,3141.0,Delhi,,#1925
2026-07-02,Rayon Crop Top,9,399.0,3591.0,Mumbai,,#1926
2026-07-02,Printed A-Line Kurti,7,799.0,5593.0,Mumbai,,#1926
2026-07-02,Pique Polo T-Shirt,5,599.0,2995.0,Mumbai,,#1926
2026-07-02,Oversized Cotton Tee,5,349.0,1745.0,Mumbai,,#1926
2026-07-02,Linen Blend Casual Shirt,3,999.0,2997.0,Mumbai,,#1926
2026-07-02,Straight Fit Denim Jeans,8,1499.0,11992.0,Delhi,,#1925
2026-07-02,Rayon Crop Top,8,399.0,3192.0,Delhi,,#1925
2026-07-02,Printed A-Line Kurti,11,799.0,8789.0,Delhi,,#1925
2026-07-02,Pique Polo T-Shirt,8,599.0,4792.0,Delhi,,#1925
2026-07-02,Linen Blend Casual Shirt,7,999.0,6993.0,Delhi,,#1925
2026-07-02,Straight Fit Denim Jeans,9,1499.0,13491.0,Mumbai,,#1926
2026-07-02,Rayon Crop Top,4,399.0,1596.0,Chennai,,#1924
2026-07-02,Linen Blend Casual Shirt,1,999.0,999.0,Bengaluru,,#1923
2026-07-02,Oversized Cotton Tee,3,349.0,1047.0,Bengaluru,,#1923
2026-07-02,Pique Polo T-Shirt,2,599.0,1198.0,Bengaluru,,#1923
2026-07-02,Printed A-Line Kurti,6,799.0,4794.0,Bengaluru,,#1923
2026-07-02,Rayon Crop Top,7,399.0,2793.0,Bengaluru,,#1923
2026-07-02,Straight Fit Denim Jeans,3,1499.0,4497.0,Chennai,,#1924
2026-07-02,Linen Blend Casual Shirt,1,999.0,999.0,Chennai,,#1924
2026-07-02,Oversized Cotton Tee,5,349.0,1745.0,Chennai,,#1924
2026-07-02,Pique Polo T-Shirt,5,599.0,2995.0,Chennai,,#1924
2026-07-02,Printed A-Line Kurti,3,799.0,2397.0,Chennai,,#1924
2026-07-02,Straight Fit Denim Jeans,6,1499.0,8994.0,Bengaluru,,#1923
2026-07-03,Oversized Cotton Tee,5,349.0,1745.0,Delhi,,#1929
2026-07-03,Pique Polo T-Shirt,12,599.0,7188.0,Delhi,,#1929
2026-07-03,Printed A-Line Kurti,9,799.0,7191.0,Delhi,,#1929
2026-07-03,Rayon Crop Top,14,399.0,5586.0,Delhi,,#1929
2026-07-03,Straight Fit Denim Jeans,9,1499.0,13491.0,Delhi,,#1929
2026-07-03,Oversized Cotton Tee,6,349.0,2094.0,Mumbai,,#1930
2026-07-03,Pique Polo T-Shirt,8,599.0,4792.0,Mumbai,,#1930
2026-07-03,Printed A-Line Kurti,15,799.0,11985.0,Mumbai,,#1930
2026-07-03,Rayon Crop Top,5,399.0,1995.0,Mumbai,,#1930
2026-07-03,Linen Blend Casual Shirt,11,999.0,10989.0,Delhi,,#1929
2026-07-03,Linen Blend Casual Shirt,4,999.0,3996.0,Mumbai,,#1930
2026-07-03,Straight Fit Denim Jeans,6,1499.0,8994.0,Mumbai,,#1930
2026-07-03,Straight Fit Denim Jeans,2,1499.0,2998.0,Chennai,,#1928
2026-07-03,Printed A-Line Kurti,8,799.0,6392.0,Chennai,,#1928
2026-07-03,Pique Polo T-Shirt,3,599.0,1797.0,Chennai,,#1928
2026-07-03,Oversized Cotton Tee,7,349.0,2443.0,Chennai,,#1928
2026-07-03,Linen Blend Casual Shirt,4,999.0,3996.0,Chennai,,#1928
2026-07-03,Straight Fit Denim Jeans,6,1499.0,8994.0,Bengaluru,,#1927
2026-07-03,Rayon Crop Top,10,399.0,3990.0,Bengaluru,,#1927
2026-07-03,Printed A-Line Kurti,9,799.0,7191.0,Bengaluru,,#1927
2026-07-03,Pique Polo T-Shirt,4,599.0,2396.0,Bengaluru,,#1927
2026-07-03,Oversized Cotton Tee,6,349.0,2094.0,Bengaluru,,#1927
2026-07-03,Linen Blend Casual Shirt,4,999.0,3996.0,Bengaluru,,#1927
2026-07-03,Rayon Crop Top,6,399.0,2394.0,Chennai,,#1928
2026-07-04,Pique Polo T-Shirt,10,599.0,5990.0,Delhi,,#1933
2026-07-04,Printed A-Line Kurti,11,799.0,8789.0,Delhi,,#1933
2026-07-04,Rayon Crop Top,7,399.0,2793.0,Delhi,,#1933
2026-07-04,Straight Fit Denim Jeans,3,1499.0,4497.0,Delhi,,#1933
2026-07-04,Oversized Cotton Tee,14,349.0,4886.0,Delhi,,#1933
2026-07-04,Oversized Cotton Tee,5,349.0,1745.0,Mumbai,,#1934
2026-07-04,Pique Polo T-Shirt,11,599.0,6589.0,Mumbai,,#1934
2026-07-04,Printed A-Line Kurti,11,799.0,8789.0,Mumbai,,#1934
2026-07-04,Rayon Crop Top,7,399.0,2793.0,Mumbai,,#1934
2026-07-04,Linen Blend Casual Shirt,3,999.0,2997.0,Mumbai,,#1934
2026-07-04,Linen Blend Casual Shirt,10,999.0,9990.0,Delhi,,#1933
2026-07-04,Straight Fit Denim Jeans,12,1499.0,17988.0,Mumbai,,#1934
2026-07-04,Rayon Crop Top,13,399.0,5187.0,Chennai,,#1932
2026-07-04,Linen Blend Casual Shirt,2,999.0,1998.0,Bengaluru,,#1931
2026-07-04,Oversized Cotton Tee,4,349.0,1396.0,Bengaluru,,#1931
2026-07-04,Pique Polo T-Shirt,5,599.0,2995.0,Bengaluru,,#1931
2026-07-04,Printed A-Line Kurti,9,799.0,7191.0,Bengaluru,,#1931
2026-07-04,Rayon Crop Top,7,399.0,2793.0,Bengaluru,,#1931
2026-07-04,Straight Fit Denim Jeans,6,1499.0,8994.0,Chennai,,#1932
2026-07-04,Linen Blend Casual Shirt,7,999.0,6993.0,Chennai,,#1932
2026-07-04,Oversized Cotton Tee,7,349.0,2443.0,Chennai,,#1932
2026-07-04,Pique Polo T-Shirt,4,599.0,2396.0,Chennai,,#1932
2026-07-04,Printed A-Line Kurti,8,799.0,6392.0,Chennai,,#1932
2026-07-04,Straight Fit Denim Jeans,4,1499.0,5996.0,Bengaluru,,#1931
2026-07-05,Straight Fit Denim Jeans,8,1499.0,11992.0,Mumbai,,#1938
2026-07-05,Rayon Crop Top,8,399.0,3192.0,Mumbai,,#1938
2026-07-05,Printed A-Line Kurti,23,799.0,18377.0,Mumbai,,#1938
2026-07-05,Pique Polo T-Shirt,5,599.0,2995.0,Mumbai,,#1938
2026-07-05,Oversized Cotton Tee,8,349.0,2792.0,Mumbai,,#1938
2026-07-05,Linen Blend Casual Shirt,5,999.0,4995.0,Mumbai,,#1938
2026-07-05,Straight Fit Denim Jeans,8,1499.0,11992.0,Delhi,,#1937
2026-07-05,Rayon Crop Top,12,399.0,4788.0,Delhi,,#1937
2026-07-05,Pique Polo T-Shirt,6,599.0,3594.0,Delhi,,#1937
2026-07-05,Oversized Cotton Tee,13,349.0,4537.0,Delhi,,#1937
2026-07-05,Linen Blend Casual Shirt,6,999.0,5994.0,Delhi,,#1937
2026-07-05,Printed A-Line Kurti,16,799.0,12784.0,Delhi,,#1937
2026-07-05,Rayon Crop Top,11,399.0,4389.0,Chennai,,#1936
2026-07-05,Linen Blend Casual Shirt,7,999.0,6993.0,Bengaluru,,#1935
2026-07-05,Oversized Cotton Tee,6,349.0,2094.0,Bengaluru,,#1935
2026-07-05,Pique Polo T-Shirt,8,599.0,4792.0,Bengaluru,,#1935
2026-07-05,Printed A-Line Kurti,13,799.0,10387.0,Bengaluru,,#1935
2026-07-05,Rayon Crop Top,4,399.0,1596.0,Bengaluru,,#1935
2026-07-05,Straight Fit Denim Jeans,2,1499.0,2998.0,Chennai,,#1936
2026-07-05,Linen Blend Casual Shirt,10,999.0,9990.0,Chennai,,#1936
2026-07-05,Oversized Cotton Tee,6,349.0,2094.0,Chennai,,#1936
2026-07-05,Pique Polo T-Shirt,7,599.0,4193.0,Chennai,,#1936
2026-07-05,Printed A-Line Kurti,9,799.0,7191.0,Chennai,,#1936
2026-07-05,Straight Fit Denim Jeans,9,1499.0,13491.0,Bengaluru,,#1935
2026-07-06,Oversized Cotton Tee,11,349.0,3839.0,Delhi,,#1941
2026-07-06,Pique Polo T-Shirt,14,599.0,8386.0,Delhi,,#1941
2026-07-06,Printed A-Line Kurti,12,799.0,9588.0,Delhi,,#1941
2026-07-06,Rayon Crop Top,19,399.0,7581.0,Delhi,,#1941
2026-07-06,Straight Fit Denim Jeans,8,1499.0,11992.0,Delhi,,#1941
2026-07-06,Oversized Cotton Tee,10,349.0,3490.0,Mumbai,,#1942
2026-07-06,Pique Polo T-Shirt,12,599.0,7188.0,Mumbai,,#1942
2026-07-06,Printed A-Line Kurti,14,799.0,11186.0,Mumbai,,#1942
2026-07-06,Rayon Crop Top,11,399.0,4389.0,Mumbai,,#1942
2026-07-06,Linen Blend Casual Shirt,10,999.0,9990.0,Delhi,,#1941
2026-07-06,Linen Blend Casual Shirt,12,999.0,11988.0,Mumbai,,#1942
2026-07-06,Straight Fit Denim Jeans,11,1499.0,16489.0,Mumbai,,#1942
2026-07-06,Straight Fit Denim Jeans,6,1499.0,8994.0,Chennai,,#1940
2026-07-06,Printed A-Line Kurti,15,799.0,11985.0,Chennai,,#1940
2026-07-06,Linen Blend Casual Shirt,3,999.0,2997.0,Bengaluru,,#1939
2026-07-06,Oversized Cotton Tee,11,349.0,3839.0,Bengaluru,,#1939
2026-07-06,Pique Polo T-Shirt,3,599.0,1797.0,Bengaluru,,#1939
2026-07-06,Printed A-Line Kurti,17,799.0,13583.0,Bengaluru,,#1939
2026-07-06,Rayon Crop Top,6,399.0,2394.0,Chennai,,#1940
2026-07-06,Straight Fit Denim Jeans,12,1499.0,17988.0,Bengaluru,,#1939
2026-07-06,Linen Blend Casual Shirt,13,999.0,12987.0,Chennai,,#1940
2026-07-06,Oversized Cotton Tee,13,349.0,4537.0,Chennai,,#1940
2026-07-06,Pique Polo T-Shirt,7,599.0,4193.0,Chennai,,#1940
2026-07-06,Rayon Crop Top,12,399.0,4788.0,Bengaluru,,#1939
2026-07-07,Oversized Cotton Tee,25,349.0,8725.0,Delhi,,#1945
2026-07-07,Pique Polo T-Shirt,12,599.0,7188.0,Delhi,,#1945
2026-07-07,Printed A-Line Kurti,23,799.0,18377.0,Delhi,,#1945
2026-07-07,Rayon Crop Top,13,399.0,5187.0,Delhi,,#1945
2026-07-07,Straight Fit Denim Jeans,2,1499.0,2998.0,Delhi,,#1945
2026-07-07,Oversized Cotton Tee,14,349.0,4886.0,Mumbai,,#1946
2026-07-07,Pique Polo T-Shirt,9,599.0,5391.0,Mumbai,,#1946
2026-07-07,Printed A-Line Kurti,8,799.0,6392.0,Mumbai,,#1946
2026-07-07,Linen Blend Casual Shirt,23,999.0,22977.0,Delhi,,#1945
2026-07-07,Straight Fit Denim Jeans,14,1499.0,20986.0,Mumbai,,#1946
2026-07-07,Linen Blend Casual Shirt,12,999.0,11988.0,Mumbai,,#1946
2026-07-07,Rayon Crop Top,18,399.0,7182.0,Mumbai,,#1946
2026-07-07,Straight Fit Denim Jeans,5,1499.0,7495.0,Chennai,,#1944
2026-07-07,Printed A-Line Kurti,13,799.0,10387.0,Chennai,,#1944
2026-07-07,Pique Polo T-Shirt,9,599.0,5391.0,Chennai,,#1944
2026-07-07,Oversized Cotton Tee,16,349.0,5584.0,Chennai,,#1944
2026-07-07,Linen Blend Casual Shirt,13,999.0,12987.0,Chennai,,#1944
2026-07-07,Straight Fit Denim Jeans,10,1499.0,14990.0,Bengaluru,,#1943
2026-07-07,Rayon Crop Top,12,399.0,4788.0,Bengaluru,,#1943
2026-07-07,Printed A-Line Kurti,12,799.0,9588.0,Bengaluru,,#1943
2026-07-07,Pique Polo T-Shirt,8,599.0,4792.0,Bengaluru,,#1943
2026-07-07,Oversized Cotton Tee,11,349.0,3839.0,Bengaluru,,#1943
2026-07-07,Linen Blend Casual Shirt,9,999.0,8991.0,Bengaluru,,#1943
2026-07-07,Rayon Crop Top,11,399.0,4389.0,Chennai,,#1944
2026-07-08,Pique Polo T-Shirt,11,599.0,6589.0,Delhi,,#1949
2026-07-08,Printed A-Line Kurti,13,799.0,10387.0,Delhi,,#1949
2026-07-08,Rayon Crop Top,13,399.0,5187.0,Delhi,,#1949
2026-07-08,Straight Fit Denim Jeans,6,1499.0,8994.0,Mumbai,,#1950
2026-07-08,Oversized Cotton Tee,11,349.0,3839.0,Delhi,,#1949
2026-07-08,Oversized Cotton Tee,8,349.0,2792.0,Mumbai,,#1950
2026-07-08,Pique Polo T-Shirt,5,599.0,2995.0,Mumbai,,#1950
2026-07-08,Printed A-Line Kurti,9,799.0,7191.0,Mumbai,,#1950
2026-07-08,Rayon Crop Top,9,399.0,3591.0,Mumbai,,#1950
2026-07-08,Linen Blend Casual Shirt,5,999.0,4995.0,Mumbai,,#1950
2026-07-08,Linen Blend Casual Shirt,7,999.0,6993.0,Delhi,,#1949
2026-07-08,Straight Fit Denim Jeans,9,1499.0,13491.0,Delhi,,#1949
2026-07-08,Rayon Crop Top,6,399.0,2394.0,Chennai,,#1948
2026-07-08,Linen Blend Casual Shirt,5,999.0,4995.0,Bengaluru,,#1947
2026-07-08,Oversized Cotton Tee,19,349.0,6631.0,Bengaluru,,#1947
2026-07-08,Pique Polo T-Shirt,9,599.0,5391.0,Bengaluru,,#1947
2026-07-08,Printed A-Line Kurti,9,799.0,7191.0,Bengaluru,,#1947
2026-07-08,Rayon Crop Top,4,399.0,1596.0,Bengaluru,,#1947
2026-07-08,Straight Fit Denim Jeans,8,1499.0,11992.0,Chennai,,#1948
2026-07-08,Linen Blend Casual Shirt,7,999.0,6993.0,Chennai,,#1948
2026-07-08,Oversized Cotton Tee,9,349.0,3141.0,Chennai,,#1948
2026-07-08,Pique Polo T-Shirt,5,599.0,2995.0,Chennai,,#1948
2026-07-08,Printed A-Line Kurti,10,799.0,7990.0,Chennai,,#1948
2026-07-08,Straight Fit Denim Jeans,6,1499.0,8994.0,Bengaluru,,#1947
2026-07-09,Oversized Cotton Tee,16,349.0,5584.0,Delhi,,#1953
2026-07-09,Rayon Crop Top,10,399.0,3990.0,Mumbai,,#1954
2026-07-09,Printed A-Line Kurti,11,799.0,8789.0,Mumbai,,#1954
2026-07-09,Pique Polo T-Shirt,11,599.0,6589.0,Mumbai,,#1954
2026-07-09,Oversized Cotton Tee,14,349.0,4886.0,Mumbai,,#1954
2026-07-09,Linen Blend Casual Shirt,8,999.0,7992.0,Mumbai,,#1954
2026-07-09,Straight Fit Denim Jeans,4,1499.0,5996.0,Delhi,,#1953
2026-07-09,Rayon Crop Top,9,399.0,3591.0,Delhi,,#1953
2026-07-09,Printed A-Line Kurti,12,799.0,9588.0,Delhi,,#1953
2026-07-09,Pique Polo T-Shirt,10,599.0,5990.0,Delhi,,#1953
2026-07-09,Linen Blend Casual Shirt,11,999.0,10989.0,Delhi,,#1953
2026-07-09,Straight Fit Denim Jeans,6,1499.0,8994.0,Mumbai,,#1954
2026-07-09,Rayon Crop Top,9,399.0,3591.0,Chennai,,#1952
2026-07-09,Linen Blend Casual Shirt,3,999.0,2997.0,Bengaluru,,#1951
2026-07-09,Oversized Cotton Tee,10,349.0,3490.0,Bengaluru,,#1951
2026-07-09,Pique Polo T-Shirt,7,599.0,4193.0,Bengaluru,,#1951
2026-07-09,Printed A-Line Kurti,10,799.0,7990.0,Bengaluru,,#1951
2026-07-09,Rayon Crop Top,7,399.0,2793.0,Bengaluru,,#1951
2026-07-09,Straight Fit Denim Jeans,5,1499.0,7495.0,Chennai,,#1952
2026-07-09,Linen Blend Casual Shirt,6,999.0,5994.0,Chennai,,#1952
2026-07-09,Oversized Cotton Tee,6,349.0,2094.0,Chennai,,#1952
2026-07-09,Pique Polo T-Shirt,4,599.0,2396.0,Chennai,,#1952
2026-07-09,Printed A-Line Kurti,15,799.0,11985.0,Chennai,,#1952
2026-07-09,Straight Fit Denim Jeans,8,1499.0,11992.0,Bengaluru,,#1951
2026-07-10,Oversized Cotton Tee,5,349.0,1745.0,Delhi,,#1957
2026-07-10,Pique Polo T-Shirt,3,599.0,1797.0,Delhi,,#1957
2026-07-10,Printed A-Line Kurti,15,799.0,11985.0,Delhi,,#1957
2026-07-10,Rayon Crop Top,13,399.0,5187.0,Delhi,,#1957
2026-07-10,Straight Fit Denim Jeans,6,1499.0,8994.0,Delhi,,#1957
2026-07-10,Oversized Cotton Tee,4,349.0,1396.0,Mumbai,,#1958
2026-07-10,Pique Polo T-Shirt,5,599.0,2995.0,Mumbai,,#1958
2026-07-10,Printed A-Line Kurti,7,799.0,5593.0,Mumbai,,#1958
2026-07-10,Rayon Crop Top,4,399.0,1596.0,Mumbai,,#1958
2026-07-10,Linen Blend Casual Shirt,8,999.0,7992.0,Delhi,,#1957
2026-07-10,Linen Blend Casual Shirt,3,999.0,2997.0,Mumbai,,#1958
2026-07-10,Straight Fit Denim Jeans,6,1499.0,8994.0,Mumbai,,#1958
2026-07-10,Straight Fit Denim Jeans,2,1499.0,2998.0,Chennai,,#1956
2026-07-10,Printed A-Line Kurti,6,799.0,4794.0,Chennai,,#1956
2026-07-10,Pique Polo T-Shirt,7,599.0,4193.0,Chennai,,#1956
2026-07-10,Oversized Cotton Tee,4,349.0,1396.0,Chennai,,#1956
2026-07-10,Linen Blend Casual Shirt,9,999.0,8991.0,Chennai,,#1956
2026-07-10,Straight Fit Denim Jeans,9,1499.0,13491.0,Bengaluru,,#1955
2026-07-10,Rayon Crop Top,2,399.0,798.0,Bengaluru,,#1955
2026-07-10,Printed A-Line Kurti,10,799.0,7990.0,Bengaluru,,#1955
2026-07-10,Pique Polo T-Shirt,6,599.0,3594.0,Bengaluru,,#1955
2026-07-10,Oversized Cotton Tee,8,349.0,2792.0,Bengaluru,,#1955
2026-07-10,Linen Blend Casual Shirt,5,999.0,4995.0,Bengaluru,,#1955
2026-07-10,Rayon Crop Top,7,399.0,2793.0,Chennai,,#1956
2026-07-11,Pique Polo T-Shirt,4,599.0,2396.0,Delhi,,#1961
2026-07-11,Printed A-Line Kurti,12,799.0,9588.0,Delhi,,#1961
2026-07-11,Rayon Crop Top,11,399.0,4389.0,Delhi,,#1961
2026-07-11,Straight Fit Denim Jeans,8,1499.0,11992.0,Delhi,,#1961
2026-07-11,Linen Blend Casual Shirt,7,999.0,6993.0,Mumbai,,#1962
2026-07-11,Straight Fit Denim Jeans,1,1499.0,1499.0,Mumbai,,#1962
2026-07-11,Pique Polo T-Shirt,12,599.0,7188.0,Mumbai,,#1962
2026-07-11,Printed A-Line Kurti,6,799.0,4794.0,Mumbai,,#1962
2026-07-11,Rayon Crop Top,5,399.0,1995.0,Mumbai,,#1962
2026-07-11,Oversized Cotton Tee,7,349.0,2443.0,Delhi,,#1961
2026-07-11,Oversized Cotton Tee,14,349.0,4886.0,Mumbai,,#1962
2026-07-11,Linen Blend Casual Shirt,4,999.0,3996.0,Delhi,,#1961
2026-07-11,Straight Fit Denim Jeans,5,1499.0,7495.0,Chennai,,#1960
2026-07-11,Rayon Crop Top,6,399.0,2394.0,Chennai,,#1960
2026-07-11,Oversized Cotton Tee,6,349.0,2094.0,Bengaluru,,#1959
2026-07-11,Pique Polo T-Shirt,3,599.0,1797.0,Bengaluru,,#1959
2026-07-11,Printed A-Line Kurti,7,799.0,5593.0,Bengaluru,,#1959
2026-07-11,Rayon Crop Top,3,399.0,1197.0,Bengaluru,,#1959
2026-07-11,Linen Blend Casual Shirt,2,999.0,1998.0,Bengaluru,,#1959
2026-07-11,Linen Blend Casual Shirt,10,999.0,9990.0,Chennai,,#1960
2026-07-11,Oversized Cotton Tee,11,349.0,3839.0,Chennai,,#1960
2026-07-11,Pique Polo T-Shirt,3,599.0,1797.0,Chennai,,#1960
2026-07-11,Printed A-Line Kurti,10,799.0,7990.0,Chennai,,#1960
2026-07-11,Straight Fit Denim Jeans,6,1499.0,8994.0,Bengaluru,,#1959
2026-07-12,Pique Polo T-Shirt,2,599.0,1198.0,Delhi,,#1965
2026-07-12,Straight Fit Denim Jeans,8,1499.0,11992.0,Mumbai,,#1966
2026-07-12,Rayon Crop Top,10,399.0,3990.0,Mumbai,,#1966
2026-07-12,Printed A-Line Kurti,7,799.0,5593.0,Mumbai,,#1966
2026-07-12,Pique Polo T-Shirt,8,599.0,4792.0,Mumbai,,#1966
2026-07-12,Oversized Cotton Tee,11,349.0,3839.0,Mumbai,,#1966
2026-07-12,Linen Blend Casual Shirt,8,999.0,7992.0,Mumbai,,#1966
2026-07-12,Straight Fit Denim Jeans,10,1499.0,14990.0,Delhi,,#1965
2026-07-12,Rayon Crop Top,7,399.0,2793.0,Delhi,,#1965
2026-07-12,Printed A-Line Kurti,5,799.0,3995.0,Delhi,,#1965
2026-07-12,Oversized Cotton Tee,8,349.0,2792.0,Delhi,,#1965
2026-07-12,Linen Blend Casual Shirt,4,999.0,3996.0,Delhi,,#1965
2026-07-12,Linen Blend Casual Shirt,3,999.0,2997.0,Bengaluru,,#1963
2026-07-12,Straight Fit Denim Jeans,1,1499.0,1499.0,Chennai,,#1964
2026-07-12,Oversized Cotton Tee,3,349.0,1047.0,Bengaluru,,#1963
2026-07-12,Pique Polo T-Shirt,2,599.0,1198.0,Bengaluru,,#1963
2026-07-12,Rayon Crop Top,5,399.0,1995.0,Bengaluru,,#1963
2026-07-12,Straight Fit Denim Jeans,7,1499.0,10493.0,Bengaluru,,#1963
2026-07-12,Printed A-Line Kurti,6,799.0,4794.0,Bengaluru,,#1963
2026-07-12,Oversized Cotton Tee,8,349.0,2792.0,Chennai,,#1964
2026-07-12,Pique Polo T-Shirt,7,599.0,4193.0,Chennai,,#1964
2026-07-12,Printed A-Line Kurti,8,799.0,6392.0,Chennai,,#1964
2026-07-12,Rayon Crop Top,8,399.0,3192.0,Chennai,,#1964
2026-07-12,Linen Blend Casual Shirt,6,999.0,5994.0,Chennai,,#1964
2026-07-13,Straight Fit Denim Jeans,7,1499.0,10493.0,Delhi,,#1969
2026-07-13,Pique Polo T-Shirt,9,599.0,5391.0,Delhi,,#1969
2026-07-13,Printed A-Line Kurti,17,799.0,13583.0,Delhi,,#1969
2026-07-13,Rayon Crop Top,12,399.0,4788.0,Delhi,,#1969
2026-07-13,Linen Blend Casual Shirt,9,999.0,8991.0,Mumbai,,#1970
2026-07-13,Oversized Cotton Tee,16,349.0,5584.0,Delhi,,#1969
2026-07-13,Pique Polo T-Shirt,11,599.0,6589.0,Mumbai,,#1970
2026-07-13,Printed A-Line Kurti,12,799.0,9588.0,Mumbai,,#1970
2026-07-13,Rayon Crop Top,7,399.0,2793.0,Mumbai,,#1970
2026-07-13,Straight Fit Denim Jeans,11,1499.0,16489.0,Mumbai,,#1970
2026-07-13,Oversized Cotton Tee,6,349.0,2094.0,Mumbai,,#1970
2026-07-13,Linen Blend Casual Shirt,6,999.0,5994.0,Delhi,,#1969
2026-07-13,Linen Blend Casual Shirt,5,999.0,4995.0,Bengaluru,,#1967
2026-07-13,Rayon Crop Top,13,399.0,5187.0,Chennai,,#1968
2026-07-13,Printed A-Line Kurti,17,799.0,13583.0,Chennai,,#1968
2026-07-13,Pique Polo T-Shirt,11,599.0,6589.0,Chennai,,#1968
2026-07-13,Oversized Cotton Tee,13,349.0,4537.0,Chennai,,#1968
2026-07-13,Linen Blend Casual Shirt,10,999.0,9990.0,Chennai,,#1968
2026-07-13,Straight Fit Denim Jeans,9,1499.0,13491.0,Bengaluru,,#1967
2026-07-13,Rayon Crop Top,8,399.0,3192.0,Bengaluru,,#1967
2026-07-13,Printed A-Line Kurti,7,799.0,5593.0,Bengaluru,,#1967
2026-07-13,Pique Polo T-Shirt,6,599.0,3594.0,Bengaluru,,#1967
2026-07-13,Oversized Cotton Tee,5,349.0,1745.0,Bengaluru,,#1967
2026-07-13,Straight Fit Denim Jeans,8,1499.0,11992.0,Chennai,,#1968
2026-07-14,Pique Polo T-Shirt,7,599.0,4193.0,Delhi,,#1973
2026-07-14,Printed A-Line Kurti,19,799.0,15181.0,Delhi,,#1973
2026-07-14,Rayon Crop Top,16,399.0,6384.0,Delhi,,#1973
2026-07-14,Straight Fit Denim Jeans,16,1499.0,23984.0,Delhi,,#1973
2026-07-14,Linen Blend Casual Shirt,9,999.0,8991.0,Mumbai,,#1974
2026-07-14,Straight Fit Denim Jeans,8,1499.0,11992.0,Mumbai,,#1974
2026-07-14,Pique Polo T-Shirt,6,599.0,3594.0,Mumbai,,#1974
2026-07-14,Printed A-Line Kurti,19,799.0,15181.0,Mumbai,,#1974
2026-07-14,Rayon Crop Top,9,399.0,3591.0,Mumbai,,#1974
2026-07-14,Oversized Cotton Tee,11,349.0,3839.0,Delhi,,#1973
2026-07-14,Oversized Cotton Tee,13,349.0,4537.0,Mumbai,,#1974
2026-07-14,Linen Blend Casual Shirt,7,999.0,6993.0,Delhi,,#1973
2026-07-14,Straight Fit Denim Jeans,7,1499.0,10493.0,Chennai,,#1972
2026-07-14,Rayon Crop Top,11,399.0,4389.0,Chennai,,#1972
2026-07-14,Oversized Cotton Tee,14,349.0,4886.0,Bengaluru,,#1971
2026-07-14,Pique Polo T-Shirt,6,599.0,3594.0,Bengaluru,,#1971
2026-07-14,Printed A-Line Kurti,13,799.0,10387.0,Bengaluru,,#1971
2026-07-14,Rayon Crop Top,9,399.0,3591.0,Bengaluru,,#1971
2026-07-14,Linen Blend Casual Shirt,9,999.0,8991.0,Bengaluru,,#1971
2026-07-14,Linen Blend Casual Shirt,5,999.0,4995.0,Chennai,,#1972
2026-07-14,Oversized Cotton Tee,12,349.0,4188.0,Chennai,,#1972
2026-07-14,Pique Polo T-Shirt,6,599.0,3594.0,Chennai,,#1972
2026-07-14,Printed A-Line Kurti,10,799.0,7990.0,Chennai,,#1972
2026-07-14,Straight Fit Denim Jeans,9,1499.0,13491.0,Bengaluru,,#1971
2026-07-15,Pique Polo T-Shirt,4,599.0,2396.0,Delhi,,#1977
2026-07-15,Straight Fit Denim Jeans,9,1499.0,13491.0,Mumbai,,#1978
2026-07-15,Rayon Crop Top,9,399.0,3591.0,Mumbai,,#1978
2026-07-15,Printed A-Line Kurti,7,799.0,5593.0,Mumbai,,#1978
2026-07-15,Pique Polo T-Shirt,9,599.0,5391.0,Mumbai,,#1978
2026-07-15,Oversized Cotton Tee,5,349.0,1745.0,Mumbai,,#1978
2026-07-15,Linen Blend Casual Shirt,1,999.0,999.0,Mumbai,,#1978
2026-07-15,Straight Fit Denim Jeans,2,1499.0,2998.0,Delhi,,#1977
2026-07-15,Rayon Crop Top,8,399.0,3192.0,Delhi,,#1977
2026-07-15,Printed A-Line Kurti,12,799.0,9588.0,Delhi,,#1977
2026-07-15,Oversized Cotton Tee,12,349.0,4188.0,Delhi,,#1977
2026-07-15,Linen Blend Casual Shirt,5,999.0,4995.0,Delhi,,#1977
2026-07-15,Linen Blend Casual Shirt,1,999.0,999.0,Bengaluru,,#1975
2026-07-15,Straight Fit Denim Jeans,10,1499.0,14990.0,Chennai,,#1976
2026-07-15,Oversized Cotton Tee,6,349.0,2094.0,Bengaluru,,#1975
2026-07-15,Pique Polo T-Shirt,5,599.0,2995.0,Bengaluru,,#1975
2026-07-15,Rayon Crop Top,7,399.0,2793.0,Bengaluru,,#1975
2026-07-15,Straight Fit Denim Jeans,2,1499.0,2998.0,Bengaluru,,#1975
2026-07-15,Printed A-Line Kurti,9,799.0,7191.0,Bengaluru,,#1975
2026-07-15,Oversized Cotton Tee,6,349.0,2094.0,Chennai,,#1976
2026-07-15,Pique Polo T-Shirt,8,599.0,4792.0,Chennai,,#1976
2026-07-15,Printed A-Line Kurti,10,799.0,7990.0,Chennai,,#1976
2026-07-15,Rayon Crop Top,8,399.0,3192.0,Chennai,,#1976
2026-07-15,Linen Blend Casual Shirt,9,999.0,8991.0,Chennai,,#1976
2026-07-16,Straight Fit Denim Jeans,7,1499.0,10493.0,Delhi,,#1981
2026-07-16,Pique Polo T-Shirt,9,599.0,5391.0,Delhi,,#1981
2026-07-16,Printed A-Line Kurti,8,799.0,6392.0,Delhi,,#1981
2026-07-16,Rayon Crop Top,11,399.0,4389.0,Delhi,,#1981
2026-07-16,Linen Blend Casual Shirt,6,999.0,5994.0,Mumbai,,#1982
2026-07-16,Oversized Cotton Tee,15,349.0,5235.0,Delhi,,#1981
2026-07-16,Pique Polo T-Shirt,6,599.0,3594.0,Mumbai,,#1982
2026-07-16,Printed A-Line Kurti,8,799.0,6392.0,Mumbai,,#1982
2026-07-16,Rayon Crop Top,9,399.0,3591.0,Mumbai,,#1982
2026-07-16,Straight Fit Denim Jeans,8,1499.0,11992.0,Mumbai,,#1982
2026-07-16,Oversized Cotton Tee,13,349.0,4537.0,Mumbai,,#1982
2026-07-16,Linen Blend Casual Shirt,9,999.0,8991.0,Delhi,,#1981
2026-07-16,Linen Blend Casual Shirt,8,999.0,7992.0,Bengaluru,,#1979
2026-07-16,Rayon Crop Top,13,399.0,5187.0,Chennai,,#1980
2026-07-16,Printed A-Line Kurti,6,799.0,4794.0,Chennai,,#1980
2026-07-16,Pique Polo T-Shirt,5,599.0,2995.0,Chennai,,#1980
2026-07-16,Oversized Cotton Tee,9,349.0,3141.0,Chennai,,#1980
2026-07-16,Linen Blend Casual Shirt,3,999.0,2997.0,Chennai,,#1980
2026-07-16,Straight Fit Denim Jeans,2,1499.0,2998.0,Bengaluru,,#1979
2026-07-16,Rayon Crop Top,6,399.0,2394.0,Bengaluru,,#1979
2026-07-16,Printed A-Line Kurti,6,799.0,4794.0,Bengaluru,,#1979
2026-07-16,Pique Polo T-Shirt,4,599.0,2396.0,Bengaluru,,#1979
2026-07-16,Oversized Cotton Tee,8,349.0,2792.0,Bengaluru,,#1979
2026-07-16,Straight Fit Denim Jeans,6,1499.0,8994.0,Chennai,,#1980
2026-07-17,Pique Polo T-Shirt,10,599.0,5990.0,Delhi,,#1985
2026-07-17,Printed A-Line Kurti,15,799.0,11985.0,Delhi,,#1985
2026-07-17,Rayon Crop Top,11,399.0,4389.0,Delhi,,#1985
2026-07-17,Straight Fit Denim Jeans,4,1499.0,5996.0,Delhi,,#1985
2026-07-17,Linen Blend Casual Shirt,6,999.0,5994.0,Mumbai,,#1986
2026-07-17,Straight Fit Denim Jeans,6,1499.0,8994.0,Mumbai,,#1986
2026-07-17,Pique Polo T-Shirt,3,599.0,1797.0,Mumbai,,#1986
2026-07-17,Printed A-Line Kurti,7,799.0,5593.0,Mumbai,,#1986
2026-07-17,Rayon Crop Top,7,399.0,2793.0,Mumbai,,#1986
2026-07-17,Oversized Cotton Tee,11,349.0,3839.0,Delhi,,#1985
2026-07-17,Oversized Cotton Tee,14,349.0,4886.0,Mumbai,,#1986
2026-07-17,Linen Blend Casual Shirt,8,999.0,7992.0,Delhi,,#1985
2026-07-17,Straight Fit Denim Jeans,3,1499.0,4497.0,Chennai,,#1984
2026-07-17,Rayon Crop Top,9,399.0,3591.0,Chennai,,#1984
2026-07-17,Oversized Cotton Tee,3,349.0,1047.0,Bengaluru,,#1983
2026-07-17,Pique Polo T-Shirt,2,599.0,1198.0,Bengaluru,,#1983
2026-07-17,Printed A-Line Kurti,10,799.0,7990.0,Bengaluru,,#1983
2026-07-17,Rayon Crop Top,8,399.0,3192.0,Bengaluru,,#1983
2026-07-17,Linen Blend Casual Shirt,6,999.0,5994.0,Bengaluru,,#1983
2026-07-17,Linen Blend Casual Shirt,4,999.0,3996.0,Chennai,,#1984
2026-07-17,Oversized Cotton Tee,7,349.0,2443.0,Chennai,,#1984
2026-07-17,Pique Polo T-Shirt,3,599.0,1797.0,Chennai,,#1984
2026-07-17,Printed A-Line Kurti,10,799.0,7990.0,Chennai,,#1984
2026-07-17,Straight Fit Denim Jeans,9,1499.0,13491.0,Bengaluru,,#1983
2026-07-18,Oversized Cotton Tee,14,349.0,4886.0,Delhi,,#1989
2026-07-18,Rayon Crop Top,8,399.0,3192.0,Mumbai,,#1990
2026-07-18,Printed A-Line Kurti,6,799.0,4794.0,Mumbai,,#1990
2026-07-18,Pique Polo T-Shirt,5,599.0,2995.0,Mumbai,,#1990
2026-07-18,Oversized Cotton Tee,14,349.0,4886.0,Mumbai,,#1990
2026-07-18,Linen Blend Casual Shirt,3,999.0,2997.0,Mumbai,,#1990
2026-07-18,Straight Fit Denim Jeans,11,1499.0,16489.0,Delhi,,#1989
2026-07-18,Rayon Crop Top,10,399.0,3990.0,Delhi,,#1989
2026-07-18,Printed A-Line Kurti,8,799.0,6392.0,Delhi,,#1989
2026-07-18,Pique Polo T-Shirt,14,599.0,8386.0,Delhi,,#1989
2026-07-18,Linen Blend Casual Shirt,10,999.0,9990.0,Delhi,,#1989
2026-07-18,Straight Fit Denim Jeans,5,1499.0,7495.0,Mumbai,,#1990
2026-07-18,Rayon Crop Top,8,399.0,3192.0,Chennai,,#1988
2026-07-18,Linen Blend Casual Shirt,3,999.0,2997.0,Bengaluru,,#1987
2026-07-18,Oversized Cotton Tee,9,349.0,3141.0,Bengaluru,,#1987
2026-07-18,Pique Polo T-Shirt,6,599.0,3594.0,Bengaluru,,#1987
2026-07-18,Printed A-Line Kurti,10,799.0,7990.0,Bengaluru,,#1987
2026-07-18,Rayon Crop Top,7,399.0,2793.0,Bengaluru,,#1987
2026-07-18,Straight Fit Denim Jeans,3,1499.0,4497.0,Chennai,,#1988
2026-07-18,Linen Blend Casual Shirt,1,999.0,999.0,Chennai,,#1988
2026-07-18,Oversized Cotton Tee,9,349.0,3141.0,Chennai,,#1988
2026-07-18,Pique Polo T-Shirt,7,599.0,4193.0,Chennai,,#1988
2026-07-18,Printed A-Line Kurti,10,799.0,7990.0,Chennai,,#1988
2026-07-18,Straight Fit Denim Jeans,7,1499.0,10493.0,Bengaluru,,#1987
2026-07-19,Oversized Cotton Tee,13,349.0,4537.0,Delhi,,#1993
2026-07-19,Pique Polo T-Shirt,2,599.0,1198.0,Delhi,,#1993
2026-07-19,Printed A-Line Kurti,9,799.0,7191.0,Delhi,,#1993
2026-07-19,Rayon Crop Top,8,399.0,3192.0,Delhi,,#1993
2026-07-19,Straight Fit Denim Jeans,6,1499.0,8994.0,Delhi,,#1993
2026-07-19,Oversized Cotton Tee,13,349.0,4537.0,Mumbai,,#1994
2026-07-19,Pique Polo T-Shirt,7,599.0,4193.0,Mumbai,,#1994
2026-07-19,Printed A-Line Kurti,3,799.0,2397.0,Mumbai,,#1994
2026-07-19,Rayon Crop Top,7,399.0,2793.0,Mumbai,,#1994
2026-07-19,Linen Blend Casual Shirt,7,999.0,6993.0,Delhi,,#1993
2026-07-19,Linen Blend Casual Shirt,4,999.0,3996.0,Mumbai,,#1994
2026-07-19,Straight Fit Denim Jeans,6,1499.0,8994.0,Mumbai,,#1994
2026-07-19,Straight Fit Denim Jeans,1,1499.0,1499.0,Chennai,,#1992
2026-07-19,Printed A-Line Kurti,14,799.0,11186.0,Chennai,,#1992
2026-07-19,Pique Polo T-Shirt,5,599.0,2995.0,Chennai,,#1992
2026-07-19,Oversized Cotton Tee,9,349.0,3141.0,Chennai,,#1992
2026-07-19,Linen Blend Casual Shirt,8,999.0,7992.0,Chennai,,#1992
2026-07-19,Straight Fit Denim Jeans,7,1499.0,10493.0,Bengaluru,,#1991
2026-07-19,Rayon Crop Top,4,399.0,1596.0,Bengaluru,,#1991
2026-07-19,Printed A-Line Kurti,5,799.0,3995.0,Bengaluru,,#1991
2026-07-19,Pique Polo T-Shirt,5,599.0,2995.0,Bengaluru,,#1991
2026-07-19,Oversized Cotton Tee,4,349.0,1396.0,Bengaluru,,#1991
2026-07-19,Linen Blend Casual Shirt,1,999.0,999.0,Bengaluru,,#1991
2026-07-19,Rayon Crop Top,9,399.0,3591.0,Chennai,,#1992
2026-07-20,Pique Polo T-Shirt,10,599.0,5990.0,Delhi,,#1997
2026-07-20,Printed A-Line Kurti,11,799.0,8789.0,Delhi,,#1997
2026-07-20,Rayon Crop Top,12,399.0,4788.0,Delhi,,#1997
2026-07-20,Straight Fit Denim Jeans,12,1499.0,17988.0,Delhi,,#1997
2026-07-20,Oversized Cotton Tee,11,349.0,3839.0,Delhi,,#1997
2026-07-20,Oversized Cotton Tee,13,349.0,4537.0,Mumbai,,#1998
2026-07-20,Pique Polo T-Shirt,13,599.0,7787.0,Mumbai,,#1998
2026-07-20,Printed A-Line Kurti,10,799.0,7990.0,Mumbai,,#1998
2026-07-20,Rayon Crop Top,10,399.0,3990.0,Mumbai,,#1998
2026-07-20,Linen Blend Casual Shirt,5,999.0,4995.0,Mumbai,,#1998
2026-07-20,Linen Blend Casual Shirt,10,999.0,9990.0,Delhi,,#1997
2026-07-20,Straight Fit Denim Jeans,10,1499.0,14990.0,Mumbai,,#1998
2026-07-20,Rayon Crop Top,10,399.0,3990.0,Chennai,,#1996
2026-07-20,Linen Blend Casual Shirt,8,999.0,7992.0,Bengaluru,,#1995
2026-07-20,Oversized Cotton Tee,8,349.0,2792.0,Bengaluru,,#1995
2026-07-20,Pique Polo T-Shirt,11,599.0,6589.0,Bengaluru,,#1995
2026-07-20,Printed A-Line Kurti,13,799.0,10387.0,Bengaluru,,#1995
2026-07-20,Rayon Crop Top,7,399.0,2793.0,Bengaluru,,#1995
2026-07-20,Straight Fit Denim Jeans,5,1499.0,7495.0,Chennai,,#1996
2026-07-20,Linen Blend Casual Shirt,8,999.0,7992.0,Chennai,,#1996
2026-07-20,Oversized Cotton Tee,9,349.0,3141.0,Chennai,,#1996
2026-07-20,Pique Polo T-Shirt,7,599.0,4193.0,Chennai,,#1996
2026-07-20,Printed A-Line Kurti,4,799.0,3196.0,Chennai,,#1996
2026-07-20,Straight Fit Denim Jeans,7,1499.0,10493.0,Bengaluru,,#1995
2026-07-21,Oversized Cotton Tee,9,349.0,3141.0,Delhi,,#2001
2026-07-21,Rayon Crop Top,8,399.0,3192.0,Mumbai,,#2002
2026-07-21,Printed A-Line Kurti,11,799.0,8789.0,Mumbai,,#2002
2026-07-21,Pique Polo T-Shirt,9,599.0,5391.0,Mumbai,,#2002
2026-07-21,Oversized Cotton Tee,12,349.0,4188.0,Mumbai,,#2002
2026-07-21,Linen Blend Casual Shirt,5,999.0,4995.0,Mumbai,,#2002
2026-07-21,Straight Fit Denim Jeans,9,1499.0,13491.0,Delhi,,#2001
2026-07-21,Rayon Crop Top,10,399.0,3990.0,Delhi,,#2001
2026-07-21,Printed A-Line Kurti,18,799.0,14382.0,Delhi,,#2001
2026-07-21,Pique Polo T-Shirt,11,599.0,6589.0,Delhi,,#2001
2026-07-21,Linen Blend Casual Shirt,8,999.0,7992.0,Delhi,,#2001
2026-07-21,Straight Fit Denim Jeans,6,1499.0,8994.0,Mumbai,,#2002
2026-07-21,Rayon Crop Top,10,399.0,3990.0,Chennai,,#2000
2026-07-21,Linen Blend Casual Shirt,2,999.0,1998.0,Bengaluru,,#1999
2026-07-21,Oversized Cotton Tee,2,349.0,698.0,Bengaluru,,#1999
2026-07-21,Pique Polo T-Shirt,6,599.0,3594.0,Bengaluru,,#1999
2026-07-21,Printed A-Line Kurti,6,799.0,4794.0,Bengaluru,,#1999
2026-07-21,Rayon Crop Top,4,399.0,1596.0,Bengaluru,,#1999
2026-07-21,Straight Fit Denim Jeans,2,1499.0,2998.0,Chennai,,#2000
2026-07-21,Linen Blend Casual Shirt,7,999.0,6993.0,Chennai,,#2000
2026-07-21,Oversized Cotton Tee,9,349.0,3141.0,Chennai,,#2000
2026-07-21,Pique Polo T-Shirt,4,599.0,2396.0,Chennai,,#2000
2026-07-21,Printed A-Line Kurti,4,799.0,3196.0,Chennai,,#2000
2026-07-21,Straight Fit Denim Jeans,5,1499.0,7495.0,Bengaluru,,#1999
2026-07-22,Oversized Cotton Tee,12,349.0,4188.0,Delhi,,#2005
2026-07-22,Pique Polo T-Shirt,5,599.0,2995.0,Delhi,,#2005
2026-07-22,Printed A-Line Kurti,11,799.0,8789.0,Delhi,,#2005
2026-07-22,Rayon Crop Top,17,399.0,6783.0,Delhi,,#2005
2026-07-22,Straight Fit Denim Jeans,4,1499.0,5996.0,Delhi,,#2005
2026-07-22,Oversized Cotton Tee,12,349.0,4188.0,Mumbai,,#2006
2026-07-22,Pique Polo T-Shirt,4,599.0,2396.0,Mumbai,,#2006
2026-07-22,Printed A-Line Kurti,12,799.0,9588.0,Mumbai,,#2006
2026-07-22,Rayon Crop Top,7,399.0,2793.0,Mumbai,,#2006
2026-07-22,Linen Blend Casual Shirt,12,999.0,11988.0,Delhi,,#2005
2026-07-22,Linen Blend Casual Shirt,6,999.0,5994.0,Mumbai,,#2006
2026-07-22,Straight Fit Denim Jeans,8,1499.0,11992.0,Mumbai,,#2006
2026-07-22,Straight Fit Denim Jeans,2,1499.0,2998.0,Chennai,,#2004
2026-07-22,Printed A-Line Kurti,6,799.0,4794.0,Chennai,,#2004
2026-07-22,Pique Polo T-Shirt,3,599.0,1797.0,Chennai,,#2004
2026-07-22,Oversized Cotton Tee,6,349.0,2094.0,Chennai,,#2004
2026-07-22,Linen Blend Casual Shirt,5,999.0,4995.0,Chennai,,#2004
2026-07-22,Straight Fit Denim Jeans,9,1499.0,13491.0,Bengaluru,,#2003
2026-07-22,Rayon Crop Top,1,399.0,399.0,Bengaluru,,#2003
2026-07-22,Printed A-Line Kurti,8,799.0,6392.0,Bengaluru,,#2003
2026-07-22,Pique Polo T-Shirt,3,599.0,1797.0,Bengaluru,,#2003
2026-07-22,Oversized Cotton Tee,8,349.0,2792.0,Bengaluru,,#2003
2026-07-22,Linen Blend Casual Shirt,4,999.0,3996.0,Bengaluru,,#2003
2026-07-22,Rayon Crop Top,6,399.0,2394.0,Chennai,,#2004
2026-07-23,Pique Polo T-Shirt,9,599.0,5391.0,Delhi,,#2009
2026-07-23,Printed A-Line Kurti,7,799.0,5593.0,Delhi,,#2009
2026-07-23,Rayon Crop Top,7,399.0,2793.0,Delhi,,#2009
2026-07-23,Straight Fit Denim Jeans,7,1499.0,10493.0,Delhi,,#2009
2026-07-23,Linen Blend Casual Shirt,6,999.0,5994.0,Mumbai,,#2010
2026-07-23,Straight Fit Denim Jeans,6,1499.0,8994.0,Mumbai,,#2010
2026-07-23,Pique Polo T-Shirt,7,599.0,4193.0,Mumbai,,#2010
2026-07-23,Printed A-Line Kurti,11,799.0,8789.0,Mumbai,,#2010
2026-07-23,Rayon Crop Top,7,399.0,2793.0,Mumbai,,#2010
2026-07-23,Oversized Cotton Tee,6,349.0,2094.0,Delhi,,#2009
2026-07-23,Oversized Cotton Tee,5,349.0,1745.0,Mumbai,,#2010
2026-07-23,Linen Blend Casual Shirt,8,999.0,7992.0,Delhi,,#2009
2026-07-23,Straight Fit Denim Jeans,5,1499.0,7495.0,Chennai,,#2008
2026-07-23,Rayon Crop Top,6,399.0,2394.0,Chennai,,#2008
2026-07-23,Oversized Cotton Tee,4,349.0,1396.0,Bengaluru,,#2007
2026-07-23,Pique Polo T-Shirt,7,599.0,4193.0,Bengaluru,,#2007
2026-07-23,Printed A-Line Kurti,5,799.0,3995.0,Bengaluru,,#2007
2026-07-23,Rayon Crop Top,3,399.0,1197.0,Bengaluru,,#2007
2026-07-23,Linen Blend Casual Shirt,8,999.0,7992.0,Bengaluru,,#2007
2026-07-23,Linen Blend Casual Shirt,4,999.0,3996.0,Chennai,,#2008
2026-07-23,Oversized Cotton Tee,4,349.0,1396.0,Chennai,,#2008
2026-07-23,Pique Polo T-Shirt,5,599.0,2995.0,Chennai,,#2008
2026-07-23,Printed A-Line Kurti,5,799.0,3995.0,Chennai,,#2008
2026-07-23,Straight Fit Denim Jeans,3,1499.0,4497.0,Bengaluru,,#2007
2026-07-24,Oversized Cotton Tee,10,349.0,3490.0,Delhi,,#2013
2026-07-24,Rayon Crop Top,9,399.0,3591.0,Mumbai,,#2014
2026-07-24,Printed A-Line Kurti,11,799.0,8789.0,Mumbai,,#2014
2026-07-24,Pique Polo T-Shirt,6,599.0,3594.0,Mumbai,,#2014
2026-07-24,Oversized Cotton Tee,6,349.0,2094.0,Mumbai,,#2014
2026-07-24,Linen Blend Casual Shirt,9,999.0,8991.0,Mumbai,,#2014
2026-07-24,Straight Fit Denim Jeans,8,1499.0,11992.0,Delhi,,#2013
2026-07-24,Rayon Crop Top,9,399.0,3591.0,Delhi,,#2013
2026-07-24,Printed A-Line Kurti,7,799.0,5593.0,Delhi,,#2013
2026-07-24,Pique Polo T-Shirt,12,599.0,7188.0,Delhi,,#2013
2026-07-24,Linen Blend Casual Shirt,11,999.0,10989.0,Delhi,,#2013
2026-07-24,Straight Fit Denim Jeans,10,1499.0,14990.0,Mumbai,,#2014
2026-07-24,Rayon Crop Top,10,399.0,3990.0,Chennai,,#2012
2026-07-24,Linen Blend Casual Shirt,3,999.0,2997.0,Bengaluru,,#2011
2026-07-24,Oversized Cotton Tee,3,349.0,1047.0,Bengaluru,,#2011
2026-07-24,Pique Polo T-Shirt,5,599.0,2995.0,Bengaluru,,#2011
2026-07-24,Printed A-Line Kurti,6,799.0,4794.0,Bengaluru,,#2011
2026-07-24,Rayon Crop Top,9,399.0,3591.0,Bengaluru,,#2011
2026-07-24,Straight Fit Denim Jeans,2,1499.0,2998.0,Chennai,,#2012
2026-07-24,Linen Blend Casual Shirt,10,999.0,9990.0,Chennai,,#2012
2026-07-24,Oversized Cotton Tee,4,349.0,1396.0,Chennai,,#2012
2026-07-24,Pique Polo T-Shirt,2,599.0,1198.0,Chennai,,#2012
2026-07-24,Printed A-Line Kurti,12,799.0,9588.0,Chennai,,#2012
2026-07-24,Straight Fit Denim Jeans,10,1499.0,14990.0,Bengaluru,,#2011
2026-07-25,Oversized Cotton Tee,11,349.0,3839.0,Delhi,,#2017
2026-07-25,Pique Polo T-Shirt,7,599.0,4193.0,Delhi,,#2017
2026-07-25,Printed A-Line Kurti,8,799.0,6392.0,Delhi,,#2017
2026-07-25,Rayon Crop Top,14,399.0,5586.0,Delhi,,#2017
2026-07-25,Straight Fit Denim Jeans,7,1499.0,10493.0,Delhi,,#2017
2026-07-25,Oversized Cotton Tee,4,349.0,1396.0,Mumbai,,#2018
2026-07-25,Pique Polo T-Shirt,7,599.0,4193.0,Mumbai,,#2018
2026-07-25,Printed A-Line Kurti,14,799.0,11186.0,Mumbai,,#2018
2026-07-25,Rayon Crop Top,9,399.0,3591.0,Mumbai,,#2018
2026-07-25,Linen Blend Casual Shirt,7,999.0,6993.0,Delhi,,#2017
2026-07-25,Linen Blend Casual Shirt,8,999.0,7992.0,Mumbai,,#2018
2026-07-25,Straight Fit Denim Jeans,7,1499.0,10493.0,Mumbai,,#2018
2026-07-25,Straight Fit Denim Jeans,4,1499.0,5996.0,Chennai,,#2016
2026-07-25,Printed A-Line Kurti,6,799.0,4794.0,Chennai,,#2016
2026-07-25,Pique Polo T-Shirt,5,599.0,2995.0,Chennai,,#2016
2026-07-25,Oversized Cotton Tee,13,349.0,4537.0,Chennai,,#2016
2026-07-25,Linen Blend Casual Shirt,5,999.0,4995.0,Chennai,,#2016
2026-07-25,Straight Fit Denim Jeans,6,1499.0,8994.0,Bengaluru,,#2015
2026-07-25,Rayon Crop Top,9,399.0,3591.0,Bengaluru,,#2015
2026-07-25,Printed A-Line Kurti,10,799.0,7990.0,Bengaluru,,#2015
2026-07-25,Pique Polo T-Shirt,5,599.0,2995.0,Bengaluru,,#2015
2026-07-25,Oversized Cotton Tee,4,349.0,1396.0,Bengaluru,,#2015
2026-07-25,Linen Blend Casual Shirt,4,999.0,3996.0,Bengaluru,,#2015
2026-07-25,Rayon Crop Top,9,399.0,3591.0,Chennai,,#2016
2026-07-26,Pique Polo T-Shirt,5,599.0,2995.0,Delhi,,#2021
2026-07-26,Printed A-Line Kurti,19,799.0,15181.0,Delhi,,#2021
2026-07-26,Rayon Crop Top,13,399.0,5187.0,Delhi,,#2021
2026-07-26,Straight Fit Denim Jeans,6,1499.0,8994.0,Delhi,,#2021
2026-07-26,Oversized Cotton Tee,11,349.0,3839.0,Delhi,,#2021
2026-07-26,Oversized Cotton Tee,10,349.0,3490.0,Mumbai,,#2022
2026-07-26,Pique Polo T-Shirt,7,599.0,4193.0,Mumbai,,#2022
2026-07-26,Printed A-Line Kurti,8,799.0,6392.0,Mumbai,,#2022
2026-07-26,Rayon Crop Top,7,399.0,2793.0,Mumbai,,#2022
2026-07-26,Linen Blend Casual Shirt,3,999.0,2997.0,Mumbai,,#2022
2026-07-26,Linen Blend Casual Shirt,6,999.0,5994.0,Delhi,,#2021
2026-07-26,Straight Fit Denim Jeans,13,1499.0,19487.0,Mumbai,,#2022
2026-07-26,Rayon Crop Top,8,399.0,3192.0,Chennai,,#2020
2026-07-26,Linen Blend Casual Shirt,3,999.0,2997.0,Bengaluru,,#2019
2026-07-26,Oversized Cotton Tee,6,349.0,2094.0,Bengaluru,,#2019
2026-07-26,Pique Polo T-Shirt,4,599.0,2396.0,Bengaluru,,#2019
2026-07-26,Printed A-Line Kurti,8,799.0,6392.0,Bengaluru,,#2019
2026-07-26,Rayon Crop Top,3,399.0,1197.0,Bengaluru,,#2019
2026-07-26,Straight Fit Denim Jeans,4,1499.0,5996.0,Chennai,,#2020
2026-07-26,Linen Blend Casual Shirt,4,999.0,3996.0,Chennai,,#2020
2026-07-26,Oversized Cotton Tee,5,349.0,1745.0,Chennai,,#2020
2026-07-26,Pique Polo T-Shirt,3,599.0,1797.0,Chennai,,#2020
2026-07-26,Printed A-Line Kurti,1,799.0,799.0,Chennai,,#2020
2026-07-26,Straight Fit Denim Jeans,8,1499.0,11992.0,Bengaluru,,#2019
2026-07-27,Oversized Cotton Tee,18,349.0,6282.0,Delhi,,#2025
2026-07-27,Rayon Crop Top,16,399.0,6384.0,Mumbai,,#2026
2026-07-27,Printed A-Line Kurti,12,799.0,9588.0,Mumbai,,#2026
2026-07-27,Pique Polo T-Shirt,4,599.0,2396.0,Mumbai,,#2026
2026-07-27,Oversized Cotton Tee,18,349.0,6282.0,Mumbai,,#2026
2026-07-27,Linen Blend Casual Shirt,9,999.0,8991.0,Mumbai,,#2026
2026-07-27,Straight Fit Denim Jeans,7,1499.0,10493.0,Delhi,,#2025
2026-07-27,Rayon Crop Top,13,399.0,5187.0,Delhi,,#2025
2026-07-27,Printed A-Line Kurti,13,799.0,10387.0,Delhi,,#2025
2026-07-27,Pique Polo T-Shirt,8,599.0,4792.0,Delhi,,#2025
2026-07-27,Linen Blend Casual Shirt,14,999.0,13986.0,Delhi,,#2025
2026-07-27,Straight Fit Denim Jeans,8,1499.0,11992.0,Mumbai,,#2026
2026-07-27,Rayon Crop Top,10,399.0,3990.0,Chennai,,#2024
2026-07-27,Linen Blend Casual Shirt,1,999.0,999.0,Bengaluru,,#2023
2026-07-27,Oversized Cotton Tee,15,349.0,5235.0,Bengaluru,,#2023
2026-07-27,Pique Polo T-Shirt,7,599.0,4193.0,Bengaluru,,#2023
2026-07-27,Printed A-Line Kurti,8,799.0,6392.0,Bengaluru,,#2023
2026-07-27,Rayon Crop Top,11,399.0,4389.0,Bengaluru,,#2023
2026-07-27,Straight Fit Denim Jeans,5,1499.0,7495.0,Chennai,,#2024
2026-07-27,Linen Blend Casual Shirt,7,999.0,6993.0,Chennai,,#2024
2026-07-27,Oversized Cotton Tee,11,349.0,3839.0,Chennai,,#2024
2026-07-27,Pique Polo T-Shirt,5,599.0,2995.0,Chennai,,#2024
2026-07-27,Printed A-Line Kurti,8,799.0,6392.0,Chennai,,#2024
2026-07-27,Straight Fit Denim Jeans,7,1499.0,10493.0,Bengaluru,,#2023
2026-07-28,Oversized Cotton Tee,8,349.0,2792.0,Delhi,,#2029
2026-07-28,Pique Polo T-Shirt,8,599.0,4792.0,Delhi,,#2029
2026-07-28,Printed A-Line Kurti,7,799.0,5593.0,Delhi,,#2029
2026-07-28,Rayon Crop Top,17,399.0,6783.0,Delhi,,#2029
2026-07-28,Straight Fit Denim Jeans,9,1499.0,13491.0,Delhi,,#2029
2026-07-28,Oversized Cotton Tee,12,349.0,4188.0,Mumbai,,#2030
2026-07-28,Pique Polo T-Shirt,13,599.0,7787.0,Mumbai,,#2030
2026-07-28,Printed A-Line Kurti,14,799.0,11186.0,Mumbai,,#2030
2026-07-28,Rayon Crop Top,12,399.0,4788.0,Mumbai,,#2030
2026-07-28,Linen Blend Casual Shirt,8,999.0,7992.0,Delhi,,#2029
2026-07-28,Linen Blend Casual Shirt,7,999.0,6993.0,Mumbai,,#2030
2026-07-28,Straight Fit Denim Jeans,10,1499.0,14990.0,Mumbai,,#2030
2026-07-28,Straight Fit Denim Jeans,11,1499.0,16489.0,Chennai,,#2028
2026-07-28,Printed A-Line Kurti,7,799.0,5593.0,Chennai,,#2028
2026-07-28,Pique Polo T-Shirt,7,599.0,4193.0,Chennai,,#2028
2026-07-28,Oversized Cotton Tee,10,349.0,3490.0,Chennai,,#2028
2026-07-28,Linen Blend Casual Shirt,5,999.0,4995.0,Chennai,,#2028
2026-07-28,Straight Fit Denim Jeans,8,1499.0,11992.0,Bengaluru,,#2027
2026-07-28,Rayon Crop Top,7,399.0,2793.0,Bengaluru,,#2027
2026-07-28,Printed A-Line Kurti,6,799.0,4794.0,Bengaluru,,#2027
2026-07-28,Pique Polo T-Shirt,7,599.0,4193.0,Bengaluru,,#2027
2026-07-28,Oversized Cotton Tee,10,349.0,3490.0,Bengaluru,,#2027
2026-07-28,Linen Blend Casual Shirt,5,999.0,4995.0,Bengaluru,,#2027
2026-07-28,Rayon Crop Top,10,399.0,3990.0,Chennai,,#2028
2026-07-29,Pique Polo T-Shirt,3,599.0,1797.0,Delhi,,#2033
2026-07-29,Printed A-Line Kurti,10,799.0,7990.0,Delhi,,#2033
2026-07-29,Rayon Crop Top,5,399.0,1995.0,Delhi,,#2033
2026-07-29,Straight Fit Denim Jeans,5,1499.0,7495.0,Delhi,,#2033
2026-07-29,Oversized Cotton Tee,6,349.0,2094.0,Delhi,,#2033
2026-07-29,Oversized Cotton Tee,10,349.0,3490.0,Mumbai,,#2034
2026-07-29,Pique Polo T-Shirt,7,599.0,4193.0,Mumbai,,#2034
2026-07-29,Printed A-Line Kurti,10,799.0,7990.0,Mumbai,,#2034
2026-07-29,Rayon Crop Top,5,399.0,1995.0,Mumbai,,#2034
2026-07-29,Linen Blend Casual Shirt,2,999.0,1998.0,Mumbai,,#2034
2026-07-29,Linen Blend Casual Shirt,8,999.0,7992.0,Delhi,,#2033
2026-07-29,Straight Fit Denim Jeans,5,1499.0,7495.0,Mumbai,,#2034
2026-07-29,Rayon Crop Top,5,399.0,1995.0,Chennai,,#2032
2026-07-29,Linen Blend Casual Shirt,1,999.0,999.0,Bengaluru,,#2031
2026-07-29,Oversized Cotton Tee,8,349.0,2792.0,Bengaluru,,#2031
2026-07-29,Pique Polo T-Shirt,7,599.0,4193.0,Bengaluru,,#2031
2026-07-29,Printed A-Line Kurti,11,799.0,8789.0,Bengaluru,,#2031
2026-07-29,Rayon Crop Top,8,399.0,3192.0,Bengaluru,,#2031
2026-07-29,Straight Fit Denim Jeans,6,1499.0,8994.0,Chennai,,#2032
2026-07-29,Linen Blend Casual Shirt,5,999.0,4995.0,Chennai,,#2032
2026-07-29,Oversized Cotton Tee,6,349.0,2094.0,Chennai,,#2032
2026-07-29,Pique Polo T-Shirt,6,599.0,3594.0,Chennai,,#2032
2026-07-29,Printed A-Line Kurti,6,799.0,4794.0,Chennai,,#2032
2026-07-29,Straight Fit Denim Jeans,3,1499.0,4497.0,Bengaluru,,#2031
2026-07-30,Straight Fit Denim Jeans,4,1499.0,5996.0,Mumbai,,#2038
2026-07-30,Rayon Crop Top,13,399.0,5187.0,Mumbai,,#2038
2026-07-30,Printed A-Line Kurti,11,799.0,8789.0,Mumbai,,#2038
2026-07-30,Pique Polo T-Shirt,10,599.0,5990.0,Mumbai,,#2038
2026-07-30,Oversized Cotton Tee,5,349.0,1745.0,Mumbai,,#2038
2026-07-30,Linen Blend Casual Shirt,7,999.0,6993.0,Mumbai,,#2038
2026-07-30,Straight Fit Denim Jeans,5,1499.0,7495.0,Delhi,,#2037
2026-07-30,Rayon Crop Top,11,399.0,4389.0,Delhi,,#2037
2026-07-30,Pique Polo T-Shirt,10,599.0,5990.0,Delhi,,#2037
2026-07-30,Oversized Cotton Tee,5,349.0,1745.0,Delhi,,#2037
2026-07-30,Linen Blend Casual Shirt,9,999.0,8991.0,Delhi,,#2037
2026-07-30,Printed A-Line Kurti,7,799.0,5593.0,Delhi,,#2037
2026-07-30,Rayon Crop Top,7,399.0,2793.0,Chennai,,#2036
2026-07-30,Linen Blend Casual Shirt,5,999.0,4995.0,Bengaluru,,#2035
2026-07-30,Oversized Cotton Tee,3,349.0,1047.0,Bengaluru,,#2035
2026-07-30,Pique Polo T-Shirt,2,599.0,1198.0,Bengaluru,,#2035
2026-07-30,Printed A-Line Kurti,5,799.0,3995.0,Bengaluru,,#2035
2026-07-30,Rayon Crop Top,5,399.0,1995.0,Bengaluru,,#2035
2026-07-30,Straight Fit Denim Jeans,4,1499.0,5996.0,Chennai,,#2036
2026-07-30,Linen Blend Casual Shirt,5,999.0,4995.0,Chennai,,#2036
2026-07-30,Oversized Cotton Tee,4,349.0,1396.0,Chennai,,#2036
2026-07-30,Pique Polo T-Shirt,3,599.0,1797.0,Chennai,,#2036
2026-07-30,Printed A-Line Kurti,8,799.0,6392.0,Chennai,,#2036
2026-07-30,Straight Fit Denim Jeans,10,1499.0,14990.0,Bengaluru,,#2035
2026-07-31,Oversized Cotton Tee,9,349.0,3141.0,Delhi,,#2041
2026-07-31,Pique Polo T-Shirt,2,599.0,1198.0,Delhi,,#2041
2026-07-31,Printed A-Line Kurti,11,799.0,8789.0,Delhi,,#2041
2026-07-31,Rayon Crop Top,7,399.0,2793.0,Delhi,,#2041
2026-07-31,Straight Fit Denim Jeans,3,1499.0,4497.0,Delhi,,#2041
2026-07-31,Oversized Cotton Tee,9,349.0,3141.0,Mumbai,,#2042
2026-07-31,Pique Polo T-Shirt,7,599.0,4193.0,Mumbai,,#2042
2026-07-31,Printed A-Line Kurti,10,799.0,7990.0,Mumbai,,#2042
2026-07-31,Rayon Crop Top,8,399.0,3192.0,Mumbai,,#2042
2026-07-31,Linen Blend Casual Shirt,8,999.0,7992.0,Delhi,,#2041
2026-07-31,Linen Blend Casual Shirt,7,999.0,6993.0,Mumbai,,#2042
2026-07-31,Straight Fit Denim Jeans,3,1499.0,4497.0,Mumbai,,#2042
2026-07-31,Straight Fit Denim Jeans,5,1499.0,7495.0,Chennai,,#2040
2026-07-31,Printed A-Line Kurti,8,799.0,6392.0,Chennai,,#2040
2026-07-31,Linen Blend Casual Shirt,1,999.0,999.0,Bengaluru,,#2039
2026-07-31,Oversized Cotton Tee,6,349.0,2094.0,Bengaluru,,#2039
2026-07-31,Pique Polo T-Shirt,4,599.0,2396.0,Bengaluru,,#2039
2026-07-31,Printed A-Line Kurti,12,799.0,9588.0,Bengaluru,,#2039
2026-07-31,Rayon Crop Top,9,399.0,3591.0,Chennai,,#2040
2026-07-31,Straight Fit Denim Jeans,6,1499.0,8994.0,Bengaluru,,#2039
2026-07-31,Linen Blend Casual Shirt,5,999.0,4995.0,Chennai,,#2040
2026-07-31,Oversized Cotton Tee,7,349.0,2443.0,Chennai,,#2040
2026-07-31,Pique Polo T-Shirt,4,599.0,2396.0,Chennai,,#2040
2026-07-31,Rayon Crop Top,2,399.0,798.0,Bengaluru,,#2039
2026-08-01,Oversized Cotton Tee,14,349.0,4886.0,Delhi,,#2045
2026-08-01,Pique Polo T-Shirt,9,599.0,5391.0,Delhi,,#2045
2026-08-01,Printed A-Line Kurti,6,799.0,4794.0,Delhi,,#2045
2026-08-01,Rayon Crop Top,3,399.0,1197.0,Delhi,,#2045
2026-08-01,Straight Fit Denim Jeans,5,1499.0,7495.0,Delhi,,#2045
2026-08-01,Oversized Cotton Tee,4,349.0,1396.0,Mumbai,,#2046
2026-08-01,Pique Polo T-Shirt,12,599.0,7188.0,Mumbai,,#2046
2026-08-01,Printed A-Line Kurti,4,799.0,3196.0,Mumbai,,#2046
2026-08-01,Linen Blend Casual Shirt,8,999.0,7992.0,Delhi,,#2045
2026-08-01,Straight Fit Denim Jeans,9,1499.0,13491.0,Mumbai,,#2046
2026-08-01,Linen Blend Casual Shirt,5,999.0,4995.0,Mumbai,,#2046
2026-08-01,Rayon Crop Top,8,399.0,3192.0,Mumbai,,#2046
2026-08-01,Straight Fit Denim Jeans,6,1499.0,8994.0,Chennai,,#2044
2026-08-01,Printed A-Line Kurti,8,799.0,6392.0,Chennai,,#2044
2026-08-01,Pique Polo T-Shirt,4,599.0,2396.0,Chennai,,#2044
2026-08-01,Oversized Cotton Tee,8,349.0,2792.0,Chennai,,#2044
2026-08-01,Linen Blend Casual Shirt,3,999.0,2997.0,Chennai,,#2044
2026-08-01,Straight Fit Denim Jeans,6,1499.0,8994.0,Bengaluru,,#2043
2026-08-01,Rayon Crop Top,5,399.0,1995.0,Bengaluru,,#2043
2026-08-01,Printed A-Line Kurti,7,799.0,5593.0,Bengaluru,,#2043
2026-08-01,Pique Polo T-Shirt,7,599.0,4193.0,Bengaluru,,#2043
2026-08-01,Oversized Cotton Tee,10,349.0,3490.0,Bengaluru,,#2043
2026-08-01,Linen Blend Casual Shirt,9,999.0,8991.0,Bengaluru,,#2043
2026-08-01,Rayon Crop Top,8,399.0,3192.0,Chennai,,#2044
2026-08-02,Pique Polo T-Shirt,8,599.0,4792.0,Delhi,,#2049
2026-08-02,Printed A-Line Kurti,11,799.0,8789.0,Delhi,,#2049
2026-08-02,Straight Fit Denim Jeans,6,1499.0,8994.0,Mumbai,,#2050
2026-08-02,Straight Fit Denim Jeans,7,1499.0,10493.0,Delhi,,#2049
2026-08-02,Oversized Cotton Tee,15,349.0,5235.0,Delhi,,#2049
2026-08-02,Oversized Cotton Tee,5,349.0,1745.0,Mumbai,,#2050
2026-08-02,Pique Polo T-Shirt,4,599.0,2396.0,Mumbai,,#2050
2026-08-02,Printed A-Line Kurti,14,799.0,11186.0,Mumbai,,#2050
2026-08-02,Rayon Crop Top,7,399.0,2793.0,Mumbai,,#2050
2026-08-02,Linen Blend Casual Shirt,6,999.0,5994.0,Mumbai,,#2050
2026-08-02,Linen Blend Casual Shirt,13,999.0,12987.0,Delhi,,#2049
2026-08-02,Rayon Crop Top,11,399.0,4389.0,Delhi,,#2049
2026-08-02,Rayon Crop Top,5,399.0,1995.0,Chennai,,#2048
2026-08-02,Linen Blend Casual Shirt,3,999.0,2997.0,Bengaluru,,#2047
2026-08-02,Oversized Cotton Tee,11,349.0,3839.0,Bengaluru,,#2047
2026-08-02,Pique Polo T-Shirt,6,599.0,3594.0,Bengaluru,,#2047
2026-08-02,Printed A-Line Kurti,6,799.0,4794.0,Bengaluru,,#2047
2026-08-02,Rayon Crop Top,6,399.0,2394.0,Bengaluru,,#2047
2026-08-02,Straight Fit Denim Jeans,4,1499.0,5996.0,Chennai,,#2048
2026-08-02,Linen Blend Casual Shirt,2,999.0,1998.0,Chennai,,#2048
2026-08-02,Oversized Cotton Tee,7,349.0,2443.0,Chennai,,#2048
2026-08-02,Pique Polo T-Shirt,6,599.0,3594.0,Chennai,,#2048
2026-08-02,Printed A-Line Kurti,9,799.0,7191.0,Chennai,,#2048
2026-08-02,Straight Fit Denim Jeans,4,1499.0,5996.0,Bengaluru,,#2047
2026-08-03,Oversized Cotton Tee,16,349.0,5584.0,Delhi,,#2053
2026-08-03,Rayon Crop Top,16,399.0,6384.0,Mumbai,,#2054
2026-08-03,Printed A-Line Kurti,19,799.0,15181.0,Mumbai,,#2054
2026-08-03,Pique Polo T-Shirt,14,599.0,8386.0,Mumbai,,#2054
2026-08-03,Oversized Cotton Tee,13,349.0,4537.0,Mumbai,,#2054
2026-08-03,Linen Blend Casual Shirt,10,999.0,9990.0,Mumbai,,#2054
2026-08-03,Straight Fit Denim Jeans,10,1499.0,14990.0,Delhi,,#2053
2026-08-03,Rayon Crop Top,5,399.0,1995.0,Delhi,,#2053
2026-08-03,Printed A-Line Kurti,18,799.0,14382.0,Delhi,,#2053
2026-08-03,Pique Polo T-Shirt,9,599.0,5391.0,Delhi,,#2053
2026-08-03,Linen Blend Casual Shirt,17,999.0,16983.0,Delhi,,#2053
2026-08-03,Straight Fit Denim Jeans,8,1499.0,11992.0,Mumbai,,#2054
2026-08-03,Rayon Crop Top,8,399.0,3192.0,Chennai,,#2052
2026-08-03,Linen Blend Casual Shirt,11,999.0,10989.0,Bengaluru,,#2051
2026-08-03,Oversized Cotton Tee,12,349.0,4188.0,Bengaluru,,#2051
2026-08-03,Pique Polo T-Shirt,7,599.0,4193.0,Bengaluru,,#2051
2026-08-03,Printed A-Line Kurti,15,799.0,11985.0,Bengaluru,,#2051
2026-08-03,Rayon Crop Top,17,399.0,6783.0,Bengaluru,,#2051
2026-08-03,Straight Fit Denim Jeans,3,1499.0,4497.0,Chennai,,#2052
2026-08-03,Linen Blend Casual Shirt,12,999.0,11988.0,Chennai,,#2052
2026-08-03,Oversized Cotton Tee,10,349.0,3490.0,Chennai,,#2052
2026-08-03,Pique Polo T-Shirt,17,599.0,10183.0,Chennai,,#2052
2026-08-03,Printed A-Line Kurti,10,799.0,7990.0,Chennai,,#2052
2026-08-03,Straight Fit Denim Jeans,9,1499.0,13491.0,Bengaluru,,#2051
2026-08-04,Oversized Cotton Tee,21,349.0,7329.0,Delhi,,#2057
2026-08-04,Pique Polo T-Shirt,12,599.0,7188.0,Delhi,,#2057
2026-08-04,Printed A-Line Kurti,18,799.0,14382.0,Delhi,,#2057
2026-08-04,Rayon Crop Top,17,399.0,6783.0,Delhi,,#2057
2026-08-04,Straight Fit Denim Jeans,11,1499.0,16489.0,Delhi,,#2057
2026-08-04,Oversized Cotton Tee,9,349.0,3141.0,Mumbai,,#2058
2026-08-04,Pique Polo T-Shirt,8,599.0,4792.0,Mumbai,,#2058
2026-08-04,Printed A-Line Kurti,16,799.0,12784.0,Mumbai,,#2058
2026-08-04,Rayon Crop Top,12,399.0,4788.0,Mumbai,,#2058
2026-08-04,Linen Blend Casual Shirt,13,999.0,12987.0,Delhi,,#2057
2026-08-04,Linen Blend Casual Shirt,12,999.0,11988.0,Mumbai,,#2058
2026-08-04,Straight Fit Denim Jeans,10,1499.0,14990.0,Mumbai,,#2058
2026-08-04,Straight Fit Denim Jeans,3,1499.0,4497.0,Chennai,,#2056
2026-08-04,Printed A-Line Kurti,3,799.0,2397.0,Chennai,,#2056
2026-08-04,Pique Polo T-Shirt,10,599.0,5990.0,Chennai,,#2056
2026-08-04,Oversized Cotton Tee,11,349.0,3839.0,Chennai,,#2056
2026-08-04,Linen Blend Casual Shirt,10,999.0,9990.0,Chennai,,#2056
2026-08-04,Straight Fit Denim Jeans,6,1499.0,8994.0,Bengaluru,,#2055
2026-08-04,Rayon Crop Top,14,399.0,5586.0,Bengaluru,,#2055
2026-08-04,Printed A-Line Kurti,10,799.0,7990.0,Bengaluru,,#2055
2026-08-04,Pique Polo T-Shirt,5,599.0,2995.0,Bengaluru,,#2055
2026-08-04,Oversized Cotton Tee,14,349.0,4886.0,Bengaluru,,#2055
2026-08-04,Linen Blend Casual Shirt,8,999.0,7992.0,Bengaluru,,#2055
2026-08-04,Rayon Crop Top,10,399.0,3990.0,Chennai,,#2056
2026-08-05,Pique Polo T-Shirt,9,599.0,5391.0,Delhi,,#2061
2026-08-05,Printed A-Line Kurti,10,799.0,7990.0,Delhi,,#2061
2026-08-05,Rayon Crop Top,16,399.0,6384.0,Delhi,,#2061
2026-08-05,Straight Fit Denim Jeans,3,1499.0,4497.0,Delhi,,#2061
2026-08-05,Linen Blend Casual Shirt,7,999.0,6993.0,Mumbai,,#2062
2026-08-05,Straight Fit Denim Jeans,6,1499.0,8994.0,Mumbai,,#2062
2026-08-05,Pique Polo T-Shirt,9,599.0,5391.0,Mumbai,,#2062
2026-08-05,Printed A-Line Kurti,11,799.0,8789.0,Mumbai,,#2062
2026-08-05,Rayon Crop Top,9,399.0,3591.0,Mumbai,,#2062
2026-08-05,Oversized Cotton Tee,9,349.0,3141.0,Delhi,,#2061
2026-08-05,Oversized Cotton Tee,8,349.0,2792.0,Mumbai,,#2062
2026-08-05,Linen Blend Casual Shirt,11,999.0,10989.0,Delhi,,#2061
2026-08-05,Rayon Crop Top,10,399.0,3990.0,Chennai,,#2060
2026-08-05,Linen Blend Casual Shirt,3,999.0,2997.0,Bengaluru,,#2059
2026-08-05,Printed A-Line Kurti,13,799.0,10387.0,Chennai,,#2060
2026-08-05,Pique Polo T-Shirt,9,599.0,5391.0,Chennai,,#2060
2026-08-05,Oversized Cotton Tee,7,349.0,2443.0,Chennai,,#2060
2026-08-05,Linen Blend Casual Shirt,8,999.0,7992.0,Chennai,,#2060
2026-08-05,Straight Fit Denim Jeans,11,1499.0,16489.0,Bengaluru,,#2059
2026-08-05,Rayon Crop Top,7,399.0,2793.0,Bengaluru,,#2059
2026-08-05,Printed A-Line Kurti,5,799.0,3995.0,Bengaluru,,#2059
2026-08-05,Pique Polo T-Shirt,5,599.0,2995.0,Bengaluru,,#2059
2026-08-05,Oversized Cotton Tee,7,349.0,2443.0,Bengaluru,,#2059
2026-08-05,Straight Fit Denim Jeans,3,1499.0,4497.0,Chennai,,#2060
2026-08-06,Printed A-Line Kurti,9,799.0,7191.0,Delhi,,#2065
2026-08-06,Rayon Crop Top,14,399.0,5586.0,Delhi,,#2065
2026-08-06,Straight Fit Denim Jeans,4,1499.0,5996.0,Delhi,,#2065
2026-08-06,Linen Blend Casual Shirt,7,999.0,6993.0,Mumbai,,#2066
2026-08-06,Pique Polo T-Shirt,4,599.0,2396.0,Mumbai,,#2066
2026-08-06,Printed A-Line Kurti,7,799.0,5593.0,Mumbai,,#2066
2026-08-06,Rayon Crop Top,8,399.0,3192.0,Mumbai,,#2066
2026-08-06,Straight Fit Denim Jeans,8,1499.0,11992.0,Mumbai,,#2066
2026-08-06,Pique Polo T-Shirt,5,599.0,2995.0,Delhi,,#2065
2026-08-06,Oversized Cotton Tee,19,349.0,6631.0,Mumbai,,#2066
2026-08-06,Oversized Cotton Tee,12,349.0,4188.0,Delhi,,#2065
2026-08-06,Linen Blend Casual Shirt,6,999.0,5994.0,Delhi,,#2065
2026-08-06,Straight Fit Denim Jeans,5,1499.0,7495.0,Chennai,,#2064
2026-08-06,Oversized Cotton Tee,6,349.0,2094.0,Bengaluru,,#2063
2026-08-06,Printed A-Line Kurti,17,799.0,13583.0,Bengaluru,,#2063
2026-08-06,Rayon Crop Top,5,399.0,1995.0,Bengaluru,,#2063
2026-08-06,Straight Fit Denim Jeans,15,1499.0,22485.0,Bengaluru,,#2063
2026-08-06,Linen Blend Casual Shirt,8,999.0,7992.0,Bengaluru,,#2063
2026-08-06,Oversized Cotton Tee,11,349.0,3839.0,Chennai,,#2064
2026-08-06,Pique Polo T-Shirt,5,599.0,2995.0,Chennai,,#2064
2026-08-06,Printed A-Line Kurti,8,799.0,6392.0,Chennai,,#2064
2026-08-06,Rayon Crop Top,12,399.0,4788.0,Chennai,,#2064
2026-08-06,Linen Blend Casual Shirt,4,999.0,3996.0,Chennai,,#2064
2026-08-07,Pique Polo T-Shirt,9,599.0,5391.0,Delhi,,#2069
2026-08-07,Printed A-Line Kurti,11,799.0,8789.0,Delhi,,#2069
2026-08-07,Rayon Crop Top,11,399.0,4389.0,Delhi,,#2069
2026-08-07,Straight Fit Denim Jeans,9,1499.0,13491.0,Delhi,,#2069
2026-08-07,Linen Blend Casual Shirt,5,999.0,4995.0,Mumbai,,#2070
2026-08-07,Pique Polo T-Shirt,9,599.0,5391.0,Mumbai,,#2070
2026-08-07,Printed A-Line Kurti,6,799.0,4794.0,Mumbai,,#2070
2026-08-07,Rayon Crop Top,10,399.0,3990.0,Mumbai,,#2070
2026-08-07,Oversized Cotton Tee,12,349.0,4188.0,Delhi,,#2069
2026-08-07,Straight Fit Denim Jeans,9,1499.0,13491.0,Mumbai,,#2070
2026-08-07,Oversized Cotton Tee,12,349.0,4188.0,Mumbai,,#2070
2026-08-07,Linen Blend Casual Shirt,10,999.0,9990.0,Delhi,,#2069
2026-08-07,Linen Blend Casual Shirt,2,999.0,1998.0,Bengaluru,,#2067
2026-08-07,Rayon Crop Top,5,399.0,1995.0,Chennai,,#2068
2026-08-07,Printed A-Line Kurti,8,799.0,6392.0,Chennai,,#2068
2026-08-07,Pique Polo T-Shirt,3,599.0,1797.0,Chennai,,#2068
2026-08-07,Oversized Cotton Tee,9,349.0,3141.0,Chennai,,#2068
2026-08-07,Linen Blend Casual Shirt,6,999.0,5994.0,Chennai,,#2068
2026-08-07,Straight Fit Denim Jeans,8,1499.0,11992.0,Bengaluru,,#2067
2026-08-07,Rayon Crop Top,7,399.0,2793.0,Bengaluru,,#2067
2026-08-07,Printed A-Line Kurti,13,799.0,10387.0,Bengaluru,,#2067
2026-08-07,Pique Polo T-Shirt,5,599.0,2995.0,Bengaluru,,#2067
2026-08-07,Oversized Cotton Tee,11,349.0,3839.0,Bengaluru,,#2067
2026-08-07,Straight Fit Denim Jeans,8,1499.0,11992.0,Chennai,,#2068
2026-08-08,Rayon Crop Top,7,399.0,2793.0,Delhi,,#2073
2026-08-08,Pique Polo T-Shirt,5,599.0,2995.0,Delhi,,#2073
2026-08-08,Printed A-Line Kurti,12,799.0,9588.0,Delhi,,#2073
2026-08-08,Straight Fit Denim Jeans,7,1499.0,10493.0,Delhi,,#2073
2026-08-08,Oversized Cotton Tee,17,349.0,5933.0,Delhi,,#2073
2026-08-08,Oversized Cotton Tee,4,349.0,1396.0,Mumbai,,#2074
2026-08-08,Pique Polo T-Shirt,10,599.0,5990.0,Mumbai,,#2074
2026-08-08,Printed A-Line Kurti,11,799.0,8789.0,Mumbai,,#2074
2026-08-08,Rayon Crop Top,12,399.0,4788.0,Mumbai,,#2074
2026-08-08,Linen Blend Casual Shirt,6,999.0,5994.0,Mumbai,,#2074
2026-08-08,Linen Blend Casual Shirt,9,999.0,8991.0,Delhi,,#2073
2026-08-08,Straight Fit Denim Jeans,8,1499.0,11992.0,Mumbai,,#2074
2026-08-08,Rayon Crop Top,9,399.0,3591.0,Chennai,,#2072
2026-08-08,Linen Blend Casual Shirt,5,999.0,4995.0,Bengaluru,,#2071
2026-08-08,Oversized Cotton Tee,4,349.0,1396.0,Bengaluru,,#2071
2026-08-08,Pique Polo T-Shirt,4,599.0,2396.0,Bengaluru,,#2071
2026-08-08,Printed A-Line Kurti,11,799.0,8789.0,Bengaluru,,#2071
2026-08-08,Rayon Crop Top,6,399.0,2394.0,Bengaluru,,#2071
2026-08-08,Straight Fit Denim Jeans,5,1499.0,7495.0,Chennai,,#2072
2026-08-08,Linen Blend Casual Shirt,7,999.0,6993.0,Chennai,,#2072
2026-08-08,Oversized Cotton Tee,5,349.0,1745.0,Chennai,,#2072
2026-08-08,Pique Polo T-Shirt,6,599.0,3594.0,Chennai,,#2072
2026-08-08,Printed A-Line Kurti,3,799.0,2397.0,Chennai,,#2072
2026-08-08,Straight Fit Denim Jeans,4,1499.0,5996.0,Bengaluru,,#2071
2026-08-09,Oversized Cotton Tee,9,349.0,3141.0,Delhi,,#2077
2026-08-09,Rayon Crop Top,10,399.0,3990.0,Mumbai,,#2078
2026-08-09,Printed A-Line Kurti,10,799.0,7990.0,Mumbai,,#2078
2026-08-09,Pique Polo T-Shirt,9,599.0,5391.0,Mumbai,,#2078
2026-08-09,Oversized Cotton Tee,10,349.0,3490.0,Mumbai,,#2078
2026-08-09,Linen Blend Casual Shirt,3,999.0,2997.0,Mumbai,,#2078
2026-08-09,Straight Fit Denim Jeans,9,1499.0,13491.0,Delhi,,#2077
2026-08-09,Rayon Crop Top,9,399.0,3591.0,Delhi,,#2077
2026-08-09,Printed A-Line Kurti,10,799.0,7990.0,Delhi,,#2077
2026-08-09,Pique Polo T-Shirt,10,599.0,5990.0,Delhi,,#2077
2026-08-09,Linen Blend Casual Shirt,5,999.0,4995.0,Delhi,,#2077
2026-08-09,Straight Fit Denim Jeans,6,1499.0,8994.0,Mumbai,,#2078
2026-08-09,Rayon Crop Top,9,399.0,3591.0,Chennai,,#2076
2026-08-09,Linen Blend Casual Shirt,3,999.0,2997.0,Bengaluru,,#2075
2026-08-09,Oversized Cotton Tee,5,349.0,1745.0,Bengaluru,,#2075
2026-08-09,Pique Polo T-Shirt,5,599.0,2995.0,Bengaluru,,#2075
2026-08-09,Printed A-Line Kurti,9,799.0,7191.0,Bengaluru,,#2075
2026-08-09,Rayon Crop Top,3,399.0,1197.0,Bengaluru,,#2075
2026-08-09,Straight Fit Denim Jeans,7,1499.0,10493.0,Chennai,,#2076
2026-08-09,Linen Blend Casual Shirt,7,999.0,6993.0,Chennai,,#2076
2026-08-09,Oversized Cotton Tee,5,349.0,1745.0,Chennai,,#2076
2026-08-09,Pique Polo T-Shirt,4,599.0,2396.0,Chennai,,#2076
2026-08-09,Printed A-Line Kurti,8,799.0,6392.0,Chennai,,#2076
2026-08-09,Straight Fit Denim Jeans,3,1499.0,4497.0,Bengaluru,,#2075
2026-08-10,Oversized Cotton Tee,13,349.0,4537.0,Delhi,,#2081
2026-08-10,Pique Polo T-Shirt,9,599.0,5391.0,Delhi,,#2081
2026-08-10,Printed A-Line Kurti,11,799.0,8789.0,Delhi,,#2081
2026-08-10,Rayon Crop Top,14,399.0,5586.0,Delhi,,#2081
2026-08-10,Straight Fit Denim Jeans,11,1499.0,16489.0,Delhi,,#2081
2026-08-10,Oversized Cotton Tee,14,349.0,4886.0,Mumbai,,#2082
2026-08-10,Pique Polo T-Shirt,12,599.0,7188.0,Mumbai,,#2082
2026-08-10,Printed A-Line Kurti,12,799.0,9588.0,Mumbai,,#2082
2026-08-10,Rayon Crop Top,14,399.0,5586.0,Mumbai,,#2082
2026-08-10,Linen Blend Casual Shirt,9,999.0,8991.0,Delhi,,#2081
2026-08-10,Linen Blend Casual Shirt,10,999.0,9990.0,Mumbai,,#2082
2026-08-10,Straight Fit Denim Jeans,9,1499.0,13491.0,Mumbai,,#2082
2026-08-10,Straight Fit Denim Jeans,8,1499.0,11992.0,Chennai,,#2080
2026-08-10,Printed A-Line Kurti,11,799.0,8789.0,Chennai,,#2080
2026-08-10,Pique Polo T-Shirt,3,599.0,1797.0,Chennai,,#2080
2026-08-10,Oversized Cotton Tee,12,349.0,4188.0,Chennai,,#2080
2026-08-10,Linen Blend Casual Shirt,8,999.0,7992.0,Chennai,,#2080
2026-08-10,Straight Fit Denim Jeans,3,1499.0,4497.0,Bengaluru,,#2079
2026-08-10,Rayon Crop Top,7,399.0,2793.0,Bengaluru,,#2079
2026-08-10,Printed A-Line Kurti,18,799.0,14382.0,Bengaluru,,#2079
2026-08-10,Pique Polo T-Shirt,6,599.0,3594.0,Bengaluru,,#2079
2026-08-10,Oversized Cotton Tee,9,349.0,3141.0,Bengaluru,,#2079
2026-08-10,Linen Blend Casual Shirt,10,999.0,9990.0,Bengaluru,,#2079
2026-08-10,Rayon Crop Top,9,399.0,3591.0,Chennai,,#2080
2026-08-11,Pique Polo T-Shirt,7,599.0,4193.0,Delhi,,#2085
2026-08-11,Printed A-Line Kurti,17,799.0,13583.0,Delhi,,#2085
2026-08-11,Rayon Crop Top,14,399.0,5586.0,Delhi,,#2085
2026-08-11,Straight Fit Denim Jeans,11,1499.0,16489.0,Delhi,,#2085
2026-08-11,Oversized Cotton Tee,10,349.0,3490.0,Delhi,,#2085
2026-08-11,Oversized Cotton Tee,17,349.0,5933.0,Mumbai,,#2086
2026-08-11,Pique Polo T-Shirt,10,599.0,5990.0,Mumbai,,#2086
2026-08-11,Printed A-Line Kurti,16,799.0,12784.0,Mumbai,,#2086
2026-08-11,Rayon Crop Top,8,399.0,3192.0,Mumbai,,#2086
2026-08-11,Linen Blend Casual Shirt,8,999.0,7992.0,Mumbai,,#2086
2026-08-11,Linen Blend Casual Shirt,14,999.0,13986.0,Delhi,,#2085
2026-08-11,Straight Fit Denim Jeans,13,1499.0,19487.0,Mumbai,,#2086
2026-08-11,Printed A-Line Kurti,12,799.0,9588.0,Chennai,,#2084
2026-08-11,Linen Blend Casual Shirt,4,999.0,3996.0,Bengaluru,,#2083
2026-08-11,Oversized Cotton Tee,11,349.0,3839.0,Bengaluru,,#2083
2026-08-11,Pique Polo T-Shirt,12,599.0,7188.0,Bengaluru,,#2083
2026-08-11,Printed A-Line Kurti,10,799.0,7990.0,Bengaluru,,#2083
2026-08-11,Rayon Crop Top,6,399.0,2394.0,Chennai,,#2084
2026-08-11,Straight Fit Denim Jeans,6,1499.0,8994.0,Bengaluru,,#2083
2026-08-11,Linen Blend Casual Shirt,8,999.0,7992.0,Chennai,,#2084
2026-08-11,Oversized Cotton Tee,12,349.0,4188.0,Chennai,,#2084
2026-08-11,Pique Polo T-Shirt,6,599.0,3594.0,Chennai,,#2084
2026-08-11,Rayon Crop Top,6,399.0,2394.0,Bengaluru,,#2083
2026-08-12,Straight Fit Denim Jeans,9,1499.0,13491.0,Mumbai,,#2090
2026-08-12,Rayon Crop Top,10,399.0,3990.0,Mumbai,,#2090
2026-08-12,Printed A-Line Kurti,10,799.0,7990.0,Mumbai,,#2090
2026-08-12,Pique Polo T-Shirt,7,599.0,4193.0,Mumbai,,#2090
2026-08-12,Oversized Cotton Tee,4,349.0,1396.0,Mumbai,,#2090
2026-08-12,Linen Blend Casual Shirt,9,999.0,8991.0,Mumbai,,#2090
2026-08-12,Straight Fit Denim Jeans,6,1499.0,8994.0,Delhi,,#2089
2026-08-12,Rayon Crop Top,5,399.0,1995.0,Delhi,,#2089
2026-08-12,Pique Polo T-Shirt,4,599.0,2396.0,Delhi,,#2089
2026-08-12,Oversized Cotton Tee,14,349.0,4886.0,Delhi,,#2089
2026-08-12,Straight Fit Denim Jeans,2,1499.0,2998.0,Chennai,,#2088
2026-08-12,Printed A-Line Kurti,8,799.0,6392.0,Delhi,,#2089
2026-08-12,Linen Blend Casual Shirt,12,999.0,11988.0,Delhi,,#2089
2026-08-12,Rayon Crop Top,5,399.0,1995.0,Chennai,,#2088
2026-08-12,Linen Blend Casual Shirt,3,999.0,2997.0,Bengaluru,,#2087
2026-08-12,Oversized Cotton Tee,9,349.0,3141.0,Bengaluru,,#2087
2026-08-12,Printed A-Line Kurti,8,799.0,6392.0,Bengaluru,,#2087
2026-08-12,Rayon Crop Top,8,399.0,3192.0,Bengaluru,,#2087
2026-08-12,Pique Polo T-Shirt,9,599.0,5391.0,Bengaluru,,#2087
2026-08-12,Linen Blend Casual Shirt,6,999.0,5994.0,Chennai,,#2088
2026-08-12,Oversized Cotton Tee,7,349.0,2443.0,Chennai,,#2088
2026-08-12,Pique Polo T-Shirt,6,599.0,3594.0,Chennai,,#2088
2026-08-12,Printed A-Line Kurti,10,799.0,7990.0,Chennai,,#2088
2026-08-12,Straight Fit Denim Jeans,6,1499.0,8994.0,Bengaluru,,#2087
2026-08-13,Rayon Crop Top,9,399.0,3591.0,Delhi,,#2093
2026-08-13,Oversized Cotton Tee,13,349.0,4537.0,Delhi,,#2093
2026-08-13,Pique Polo T-Shirt,6,599.0,3594.0,Delhi,,#2093
2026-08-13,Printed A-Line Kurti,7,799.0,5593.0,Delhi,,#2093
2026-08-13,Straight Fit Denim Jeans,7,1499.0,10493.0,Delhi,,#2093
2026-08-13,Linen Blend Casual Shirt,9,999.0,8991.0,Delhi,,#2093
2026-08-13,Oversized Cotton Tee,14,349.0,4886.0,Mumbai,,#2094
2026-08-13,Pique Polo T-Shirt,6,599.0,3594.0,Mumbai,,#2094
2026-08-13,Printed A-Line Kurti,10,799.0,7990.0,Mumbai,,#2094
2026-08-13,Rayon Crop Top,9,399.0,3591.0,Mumbai,,#2094
2026-08-13,Linen Blend Casual Shirt,11,999.0,10989.0,Mumbai,,#2094
2026-08-13,Straight Fit Denim Jeans,4,1499.0,5996.0,Mumbai,,#2094
2026-08-13,Straight Fit Denim Jeans,6,1499.0,8994.0,Chennai,,#2092
2026-08-13,Printed A-Line Kurti,6,799.0,4794.0,Chennai,,#2092
2026-08-13,Linen Blend Casual Shirt,4,999.0,3996.0,Bengaluru,,#2091
2026-08-13,Oversized Cotton Tee,4,349.0,1396.0,Bengaluru,,#2091
2026-08-13,Pique Polo T-Shirt,7,599.0,4193.0,Bengaluru,,#2091
2026-08-13,Printed A-Line Kurti,4,799.0,3196.0,Bengaluru,,#2091
2026-08-13,Rayon Crop Top,12,399.0,4788.0,Chennai,,#2092
2026-08-13,Straight Fit Denim Jeans,5,1499.0,7495.0,Bengaluru,,#2091
2026-08-13,Linen Blend Casual Shirt,5,999.0,4995.0,Chennai,,#2092
2026-08-13,Oversized Cotton Tee,13,349.0,4537.0,Chennai,,#2092
2026-08-13,Pique Polo T-Shirt,11,599.0,6589.0,Chennai,,#2092
2026-08-13,Rayon Crop Top,7,399.0,2793.0,Bengaluru,,#2091
2026-08-14,Oversized Cotton Tee,9,349.0,3141.0,Delhi,,#2097
2026-08-14,Rayon Crop Top,7,399.0,2793.0,Mumbai,,#2098
2026-08-14,Printed A-Line Kurti,9,799.0,7191.0,Mumbai,,#2098
2026-08-14,Pique Polo T-Shirt,5,599.0,2995.0,Mumbai,,#2098
2026-08-14,Oversized Cotton Tee,7,349.0,2443.0,Mumbai,,#2098
2026-08-14,Linen Blend Casual Shirt,11,999.0,10989.0,Mumbai,,#2098
2026-08-14,Straight Fit Denim Jeans,6,1499.0,8994.0,Delhi,,#2097
2026-08-14,Rayon Crop Top,11,399.0,4389.0,Delhi,,#2097
2026-08-14,Printed A-Line Kurti,12,799.0,9588.0,Delhi,,#2097
2026-08-14,Pique Polo T-Shirt,6,599.0,3594.0,Delhi,,#2097
2026-08-14,Straight Fit Denim Jeans,7,1499.0,10493.0,Mumbai,,#2098
2026-08-14,Linen Blend Casual Shirt,6,999.0,5994.0,Delhi,,#2097
2026-08-14,Printed A-Line Kurti,9,799.0,7191.0,Chennai,,#2096
2026-08-14,Pique Polo T-Shirt,5,599.0,2995.0,Chennai,,#2096
2026-08-14,Oversized Cotton Tee,5,349.0,1745.0,Chennai,,#2096
2026-08-14,Linen Blend Casual Shirt,7,999.0,6993.0,Chennai,,#2096
2026-08-14,Straight Fit Denim Jeans,7,1499.0,10493.0,Bengaluru,,#2095
2026-08-14,Rayon Crop Top,4,399.0,1596.0,Bengaluru,,#2095
2026-08-14,Printed A-Line Kurti,9,799.0,7191.0,Bengaluru,,#2095
2026-08-14,Pique Polo T-Shirt,5,599.0,2995.0,Bengaluru,,#2095
2026-08-14,Oversized Cotton Tee,5,349.0,1745.0,Bengaluru,,#2095
2026-08-14,Linen Blend Casual Shirt,8,999.0,7992.0,Bengaluru,,#2095
2026-08-14,Rayon Crop Top,12,399.0,4788.0,Chennai,,#2096
2026-08-15,Pique Polo T-Shirt,12,599.0,7188.0,Delhi,,#2101
2026-08-15,Printed A-Line Kurti,12,799.0,9588.0,Delhi,,#2101
2026-08-15,Straight Fit Denim Jeans,8,1499.0,11992.0,Mumbai,,#2102
2026-08-15,Rayon Crop Top,6,399.0,2394.0,Delhi,,#2101
2026-08-15,Straight Fit Denim Jeans,1,1499.0,1499.0,Delhi,,#2101
2026-08-15,Rayon Crop Top,11,399.0,4389.0,Mumbai,,#2102
2026-08-15,Oversized Cotton Tee,5,349.0,1745.0,Mumbai,,#2102
2026-08-15,Pique Polo T-Shirt,3,599.0,1797.0,Mumbai,,#2102
2026-08-15,Printed A-Line Kurti,17,799.0,13583.0,Mumbai,,#2102
2026-08-15,Oversized Cotton Tee,6,349.0,2094.0,Delhi,,#2101
2026-08-15,Linen Blend Casual Shirt,9,999.0,8991.0,Mumbai,,#2102
2026-08-15,Linen Blend Casual Shirt,9,999.0,8991.0,Delhi,,#2101
2026-08-15,Oversized Cotton Tee,5,349.0,1745.0,Chennai,,#2100
2026-08-15,Rayon Crop Top,8,399.0,3192.0,Chennai,,#2100
2026-08-15,Linen Blend Casual Shirt,7,999.0,6993.0,Bengaluru,,#2099
2026-08-15,Oversized Cotton Tee,6,349.0,2094.0,Bengaluru,,#2099
2026-08-15,Pique Polo T-Shirt,9,599.0,5391.0,Bengaluru,,#2099
2026-08-15,Printed A-Line Kurti,6,799.0,4794.0,Bengaluru,,#2099
2026-08-15,Straight Fit Denim Jeans,3,1499.0,4497.0,Chennai,,#2100
2026-08-15,Straight Fit Denim Jeans,9,1499.0,13491.0,Bengaluru,,#2099
2026-08-15,Linen Blend Casual Shirt,3,999.0,2997.0,Chennai,,#2100
2026-08-15,Pique Polo T-Shirt,4,599.0,2396.0,Chennai,,#2100
2026-08-15,Printed A-Line Kurti,9,799.0,7191.0,Chennai,,#2100
2026-08-15,Rayon Crop Top,6,399.0,2394.0,Bengaluru,,#2099
2026-08-16,Pique Polo T-Shirt,7,599.0,4193.0,Delhi,,#2105
2026-08-16,Straight Fit Denim Jeans,4,1499.0,5996.0,Mumbai,,#2106
2026-08-16,Rayon Crop Top,7,399.0,2793.0,Mumbai,,#2106
2026-08-16,Printed A-Line Kurti,12,799.0,9588.0,Mumbai,,#2106
2026-08-16,Pique Polo T-Shirt,6,599.0,3594.0,Mumbai,,#2106
2026-08-16,Oversized Cotton Tee,10,349.0,3490.0,Mumbai,,#2106
2026-08-16,Linen Blend Casual Shirt,9,999.0,8991.0,Mumbai,,#2106
2026-08-16,Straight Fit Denim Jeans,8,1499.0,11992.0,Delhi,,#2105
2026-08-16,Rayon Crop Top,4,399.0,1596.0,Delhi,,#2105
2026-08-16,Printed A-Line Kurti,4,799.0,3196.0,Delhi,,#2105
2026-08-16,Oversized Cotton Tee,11,349.0,3839.0,Delhi,,#2105
2026-08-16,Linen Blend Casual Shirt,3,999.0,2997.0,Delhi,,#2105
2026-08-16,Linen Blend Casual Shirt,2,999.0,1998.0,Bengaluru,,#2103
2026-08-16,Straight Fit Denim Jeans,3,1499.0,4497.0,Chennai,,#2104
2026-08-16,Oversized Cotton Tee,6,349.0,2094.0,Bengaluru,,#2103
2026-08-16,Pique Polo T-Shirt,1,599.0,599.0,Bengaluru,,#2103
2026-08-16,Rayon Crop Top,1,399.0,399.0,Bengaluru,,#2103
2026-08-16,Straight Fit Denim Jeans,9,1499.0,13491.0,Bengaluru,,#2103
2026-08-16,Printed A-Line Kurti,9,799.0,7191.0,Bengaluru,,#2103
2026-08-16,Oversized Cotton Tee,10,349.0,3490.0,Chennai,,#2104
2026-08-16,Pique Polo T-Shirt,5,599.0,2995.0,Chennai,,#2104
2026-08-16,Printed A-Line Kurti,5,799.0,3995.0,Chennai,,#2104
2026-08-16,Rayon Crop Top,5,399.0,1995.0,Chennai,,#2104
2026-08-16,Linen Blend Casual Shirt,6,999.0,5994.0,Chennai,,#2104
2026-08-17,Straight Fit Denim Jeans,8,1499.0,11992.0,Delhi,,#2109
2026-08-17,Pique Polo T-Shirt,10,599.0,5990.0,Delhi,,#2109
2026-08-17,Printed A-Line Kurti,10,799.0,7990.0,Delhi,,#2109
2026-08-17,Rayon Crop Top,16,399.0,6384.0,Delhi,,#2109
2026-08-17,Linen Blend Casual Shirt,8,999.0,7992.0,Mumbai,,#2110
2026-08-17,Oversized Cotton Tee,18,349.0,6282.0,Delhi,,#2109
2026-08-17,Pique Polo T-Shirt,7,599.0,4193.0,Mumbai,,#2110
2026-08-17,Printed A-Line Kurti,10,799.0,7990.0,Mumbai,,#2110
2026-08-17,Rayon Crop Top,16,399.0,6384.0,Mumbai,,#2110
2026-08-17,Straight Fit Denim Jeans,6,1499.0,8994.0,Mumbai,,#2110
2026-08-17,Oversized Cotton Tee,12,349.0,4188.0,Mumbai,,#2110
2026-08-17,Linen Blend Casual Shirt,15,999.0,14985.0,Delhi,,#2109
2026-08-17,Linen Blend Casual Shirt,13,999.0,12987.0,Bengaluru,,#2107
2026-08-17,Rayon Crop Top,8,399.0,3192.0,Chennai,,#2108
2026-08-17,Printed A-Line Kurti,13,799.0,10387.0,Chennai,,#2108
2026-08-17,Pique Polo T-Shirt,5,599.0,2995.0,Chennai,,#2108
2026-08-17,Oversized Cotton Tee,4,349.0,1396.0,Chennai,,#2108
2026-08-17,Linen Blend Casual Shirt,6,999.0,5994.0,Chennai,,#2108
2026-08-17,Straight Fit Denim Jeans,7,1499.0,10493.0,Bengaluru,,#2107
2026-08-17,Rayon Crop Top,6,399.0,2394.0,Bengaluru,,#2107
2026-08-17,Printed A-Line Kurti,7,799.0,5593.0,Bengaluru,,#2107
2026-08-17,Pique Polo T-Shirt,9,599.0,5391.0,Bengaluru,,#2107
2026-08-17,Oversized Cotton Tee,2,349.0,698.0,Bengaluru,,#2107
2026-08-17,Straight Fit Denim Jeans,8,1499.0,11992.0,Chennai,,#2108
2026-08-18,Pique Polo T-Shirt,5,599.0,2995.0,Delhi,,#2113
2026-08-18,Printed A-Line Kurti,11,799.0,8789.0,Delhi,,#2113
2026-08-18,Rayon Crop Top,10,399.0,3990.0,Delhi,,#2113
2026-08-18,Straight Fit Denim Jeans,3,1499.0,4497.0,Delhi,,#2113
2026-08-18,Linen Blend Casual Shirt,12,999.0,11988.0,Mumbai,,#2114
2026-08-18,Straight Fit Denim Jeans,16,1499.0,23984.0,Mumbai,,#2114
2026-08-18,Pique Polo T-Shirt,10,599.0,5990.0,Mumbai,,#2114
2026-08-18,Printed A-Line Kurti,20,799.0,15980.0,Mumbai,,#2114
2026-08-18,Rayon Crop Top,14,399.0,5586.0,Mumbai,,#2114
2026-08-18,Oversized Cotton Tee,13,349.0,4537.0,Delhi,,#2113
2026-08-18,Oversized Cotton Tee,12,349.0,4188.0,Mumbai,,#2114
2026-08-18,Linen Blend Casual Shirt,9,999.0,8991.0,Delhi,,#2113
2026-08-18,Straight Fit Denim Jeans,5,1499.0,7495.0,Chennai,,#2112
2026-08-18,Rayon Crop Top,3,399.0,1197.0,Chennai,,#2112
2026-08-18,Oversized Cotton Tee,4,349.0,1396.0,Bengaluru,,#2111
2026-08-18,Pique Polo T-Shirt,4,599.0,2396.0,Bengaluru,,#2111
2026-08-18,Printed A-Line Kurti,17,799.0,13583.0,Bengaluru,,#2111
2026-08-18,Rayon Crop Top,12,399.0,4788.0,Bengaluru,,#2111
2026-08-18,Linen Blend Casual Shirt,4,999.0,3996.0,Bengaluru,,#2111
2026-08-18,Linen Blend Casual Shirt,8,999.0,7992.0,Chennai,,#2112
2026-08-18,Oversized Cotton Tee,10,349.0,3490.0,Chennai,,#2112
2026-08-18,Pique Polo T-Shirt,8,599.0,4792.0,Chennai,,#2112
2026-08-18,Printed A-Line Kurti,10,799.0,7990.0,Chennai,,#2112
2026-08-18,Straight Fit Denim Jeans,11,1499.0,16489.0,Bengaluru,,#2111
2026-08-19,Oversized Cotton Tee,9,349.0,3141.0,Delhi,,#2117
2026-08-19,Rayon Crop Top,4,399.0,1596.0,Mumbai,,#2118
2026-08-19,Printed A-Line Kurti,7,799.0,5593.0,Mumbai,,#2118
2026-08-19,Pique Polo T-Shirt,6,599.0,3594.0,Mumbai,,#2118
2026-08-19,Oversized Cotton Tee,11,349.0,3839.0,Mumbai,,#2118
2026-08-19,Linen Blend Casual Shirt,5,999.0,4995.0,Mumbai,,#2118
2026-08-19,Straight Fit Denim Jeans,8,1499.0,11992.0,Delhi,,#2117
2026-08-19,Rayon Crop Top,8,399.0,3192.0,Delhi,,#2117
2026-08-19,Printed A-Line Kurti,12,799.0,9588.0,Delhi,,#2117
2026-08-19,Pique Polo T-Shirt,2,599.0,1198.0,Delhi,,#2117
2026-08-19,Linen Blend Casual Shirt,4,999.0,3996.0,Delhi,,#2117
2026-08-19,Straight Fit Denim Jeans,3,1499.0,4497.0,Mumbai,,#2118
2026-08-19,Rayon Crop Top,6,399.0,2394.0,Chennai,,#2116
2026-08-19,Linen Blend Casual Shirt,5,999.0,4995.0,Bengaluru,,#2115
2026-08-19,Oversized Cotton Tee,8,349.0,2792.0,Bengaluru,,#2115
2026-08-19,Pique Polo T-Shirt,10,599.0,5990.0,Bengaluru,,#2115
2026-08-19,Printed A-Line Kurti,8,799.0,6392.0,Bengaluru,,#2115
2026-08-19,Rayon Crop Top,5,399.0,1995.0,Bengaluru,,#2115
2026-08-19,Straight Fit Denim Jeans,2,1499.0,2998.0,Chennai,,#2116
2026-08-19,Linen Blend Casual Shirt,3,999.0,2997.0,Chennai,,#2116
2026-08-19,Oversized Cotton Tee,6,349.0,2094.0,Chennai,,#2116
2026-08-19,Pique Polo T-Shirt,2,599.0,1198.0,Chennai,,#2116
2026-08-19,Printed A-Line Kurti,5,799.0,3995.0,Chennai,,#2116
2026-08-19,Straight Fit Denim Jeans,5,1499.0,7495.0,Bengaluru,,#2115
2026-08-20,Oversized Cotton Tee,15,349.0,5235.0,Delhi,,#2121
2026-08-20,Pique Polo T-Shirt,8,599.0,4792.0,Delhi,,#2121
2026-08-20,Printed A-Line Kurti,13,799.0,10387.0,Delhi,,#2121
2026-08-20,Rayon Crop Top,9,399.0,3591.0,Delhi,,#2121
2026-08-20,Straight Fit Denim Jeans,4,1499.0,5996.0,Delhi,,#2121
2026-08-20,Oversized Cotton Tee,13,349.0,4537.0,Mumbai,,#2122
2026-08-20,Pique Polo T-Shirt,8,599.0,4792.0,Mumbai,,#2122
2026-08-20,Printed A-Line Kurti,8,799.0,6392.0,Mumbai,,#2122
2026-08-20,Rayon Crop Top,10,399.0,3990.0,Mumbai,,#2122
2026-08-20,Linen Blend Casual Shirt,12,999.0,11988.0,Delhi,,#2121
2026-08-20,Linen Blend Casual Shirt,7,999.0,6993.0,Mumbai,,#2122
2026-08-20,Straight Fit Denim Jeans,12,1499.0,17988.0,Mumbai,,#2122
2026-08-20,Straight Fit Denim Jeans,1,1499.0,1499.0,Chennai,,#2120
2026-08-20,Printed A-Line Kurti,3,799.0,2397.0,Chennai,,#2120
2026-08-20,Pique Polo T-Shirt,7,599.0,4193.0,Chennai,,#2120
2026-08-20,Oversized Cotton Tee,7,349.0,2443.0,Chennai,,#2120
2026-08-20,Linen Blend Casual Shirt,4,999.0,3996.0,Chennai,,#2120
2026-08-20,Straight Fit Denim Jeans,6,1499.0,8994.0,Bengaluru,,#2119
2026-08-20,Rayon Crop Top,1,399.0,399.0,Bengaluru,,#2119
2026-08-20,Printed A-Line Kurti,7,799.0,5593.0,Bengaluru,,#2119
2026-08-20,Pique Polo T-Shirt,5,599.0,2995.0,Bengaluru,,#2119
2026-08-20,Oversized Cotton Tee,3,349.0,1047.0,Bengaluru,,#2119
2026-08-20,Linen Blend Casual Shirt,3,999.0,2997.0,Bengaluru,,#2119
2026-08-20,Rayon Crop Top,6,399.0,2394.0,Chennai,,#2120
2026-08-21,Pique Polo T-Shirt,13,599.0,7787.0,Delhi,,#2125
2026-08-21,Printed A-Line Kurti,12,799.0,9588.0,Delhi,,#2125
2026-08-21,Rayon Crop Top,8,399.0,3192.0,Delhi,,#2125
2026-08-21,Straight Fit Denim Jeans,8,1499.0,11992.0,Delhi,,#2125
2026-08-21,Oversized Cotton Tee,4,349.0,1396.0,Delhi,,#2125
2026-08-21,Oversized Cotton Tee,11,349.0,3839.0,Mumbai,,#2126
2026-08-21,Pique Polo T-Shirt,8,599.0,4792.0,Mumbai,,#2126
2026-08-21,Printed A-Line Kurti,6,799.0,4794.0,Mumbai,,#2126
2026-08-21,Rayon Crop Top,6,399.0,2394.0,Mumbai,,#2126
2026-08-21,Straight Fit Denim Jeans,5,1499.0,7495.0,Mumbai,,#2126
2026-08-21,Linen Blend Casual Shirt,10,999.0,9990.0,Delhi,,#2125
2026-08-21,Linen Blend Casual Shirt,13,999.0,12987.0,Mumbai,,#2126
2026-08-21,Rayon Crop Top,5,399.0,1995.0,Chennai,,#2124
2026-08-21,Linen Blend Casual Shirt,7,999.0,6993.0,Bengaluru,,#2123
2026-08-21,Oversized Cotton Tee,7,349.0,2443.0,Bengaluru,,#2123
2026-08-21,Pique Polo T-Shirt,7,599.0,4193.0,Bengaluru,,#2123
2026-08-21,Printed A-Line Kurti,9,799.0,7191.0,Bengaluru,,#2123
2026-08-21,Rayon Crop Top,6,399.0,2394.0,Bengaluru,,#2123
2026-08-21,Straight Fit Denim Jeans,4,1499.0,5996.0,Chennai,,#2124
2026-08-21,Linen Blend Casual Shirt,2,999.0,1998.0,Chennai,,#2124
2026-08-21,Oversized Cotton Tee,5,349.0,1745.0,Chennai,,#2124
2026-08-21,Pique Polo T-Shirt,5,599.0,2995.0,Chennai,,#2124
2026-08-21,Printed A-Line Kurti,6,799.0,4794.0,Chennai,,#2124
2026-08-21,Straight Fit Denim Jeans,7,1499.0,10493.0,Bengaluru,,#2123
2026-08-22,Oversized Cotton Tee,11,349.0,3839.0,Delhi,,#2129
2026-08-22,Rayon Crop Top,7,399.0,2793.0,Mumbai,,#2130
2026-08-22,Printed A-Line Kurti,15,799.0,11985.0,Mumbai,,#2130
2026-08-22,Pique Polo T-Shirt,7,599.0,4193.0,Mumbai,,#2130
2026-08-22,Oversized Cotton Tee,6,349.0,2094.0,Mumbai,,#2130
2026-08-22,Linen Blend Casual Shirt,9,999.0,8991.0,Mumbai,,#2130
2026-08-22,Straight Fit Denim Jeans,5,1499.0,7495.0,Delhi,,#2129
2026-08-22,Rayon Crop Top,6,399.0,2394.0,Delhi,,#2129
2026-08-22,Printed A-Line Kurti,8,799.0,6392.0,Delhi,,#2129
2026-08-22,Pique Polo T-Shirt,16,599.0,9584.0,Delhi,,#2129
2026-08-22,Linen Blend Casual Shirt,6,999.0,5994.0,Delhi,,#2129
2026-08-22,Straight Fit Denim Jeans,5,1499.0,7495.0,Mumbai,,#2130
2026-08-22,Rayon Crop Top,9,399.0,3591.0,Chennai,,#2128
2026-08-22,Linen Blend Casual Shirt,3,999.0,2997.0,Bengaluru,,#2127
2026-08-22,Oversized Cotton Tee,3,349.0,1047.0,Bengaluru,,#2127
2026-08-22,Pique Polo T-Shirt,9,599.0,5391.0,Bengaluru,,#2127
2026-08-22,Printed A-Line Kurti,10,799.0,7990.0,Bengaluru,,#2127
2026-08-22,Rayon Crop Top,8,399.0,3192.0,Bengaluru,,#2127
2026-08-22,Straight Fit Denim Jeans,6,1499.0,8994.0,Chennai,,#2128
2026-08-22,Linen Blend Casual Shirt,7,999.0,6993.0,Chennai,,#2128
2026-08-22,Oversized Cotton Tee,11,349.0,3839.0,Chennai,,#2128
2026-08-22,Pique Polo T-Shirt,5,599.0,2995.0,Chennai,,#2128
2026-08-22,Printed A-Line Kurti,5,799.0,3995.0,Chennai,,#2128
2026-08-22,Straight Fit Denim Jeans,6,1499.0,8994.0,Bengaluru,,#2127
2026-08-23,Oversized Cotton Tee,7,349.0,2443.0,Delhi,,#2133
2026-08-23,Pique Polo T-Shirt,4,599.0,2396.0,Delhi,,#2133
2026-08-23,Printed A-Line Kurti,4,799.0,3196.0,Delhi,,#2133
2026-08-23,Rayon Crop Top,8,399.0,3192.0,Delhi,,#2133
2026-08-23,Straight Fit Denim Jeans,5,1499.0,7495.0,Delhi,,#2133
2026-08-23,Oversized Cotton Tee,9,349.0,3141.0,Mumbai,,#2134
2026-08-23,Pique Polo T-Shirt,4,599.0,2396.0,Mumbai,,#2134
2026-08-23,Printed A-Line Kurti,5,799.0,3995.0,Mumbai,,#2134
2026-08-23,Rayon Crop Top,11,399.0,4389.0,Mumbai,,#2134
2026-08-23,Linen Blend Casual Shirt,6,999.0,5994.0,Delhi,,#2133
2026-08-23,Linen Blend Casual Shirt,4,999.0,3996.0,Mumbai,,#2134
2026-08-23,Straight Fit Denim Jeans,6,1499.0,8994.0,Mumbai,,#2134
2026-08-23,Straight Fit Denim Jeans,5,1499.0,7495.0,Chennai,,#2132
2026-08-23,Printed A-Line Kurti,11,799.0,8789.0,Chennai,,#2132
2026-08-23,Pique Polo T-Shirt,4,599.0,2396.0,Chennai,,#2132
2026-08-23,Oversized Cotton Tee,7,349.0,2443.0,Chennai,,#2132
2026-08-23,Linen Blend Casual Shirt,2,999.0,1998.0,Chennai,,#2132
2026-08-23,Straight Fit Denim Jeans,6,1499.0,8994.0,Bengaluru,,#2131
2026-08-23,Rayon Crop Top,8,399.0,3192.0,Bengaluru,,#2131
2026-08-23,Printed A-Line Kurti,9,799.0,7191.0,Bengaluru,,#2131
2026-08-23,Pique Polo T-Shirt,2,599.0,1198.0,Bengaluru,,#2131
2026-08-23,Oversized Cotton Tee,6,349.0,2094.0,Bengaluru,,#2131
2026-08-23,Linen Blend Casual Shirt,5,999.0,4995.0,Bengaluru,,#2131
2026-08-23,Rayon Crop Top,8,399.0,3192.0,Chennai,,#2132
2026-08-24,Pique Polo T-Shirt,9,599.0,5391.0,Delhi,,#2137
2026-08-24,Printed A-Line Kurti,12,799.0,9588.0,Delhi,,#2137
2026-08-24,Rayon Crop Top,13,399.0,5187.0,Delhi,,#2137
2026-08-24,Straight Fit Denim Jeans,8,1499.0,11992.0,Mumbai,,#2138
2026-08-24,Oversized Cotton Tee,15,349.0,5235.0,Delhi,,#2137
2026-08-24,Oversized Cotton Tee,8,349.0,2792.0,Mumbai,,#2138
2026-08-24,Pique Polo T-Shirt,4,599.0,2396.0,Mumbai,,#2138
2026-08-24,Printed A-Line Kurti,20,799.0,15980.0,Mumbai,,#2138
2026-08-24,Rayon Crop Top,7,399.0,2793.0,Mumbai,,#2138
2026-08-24,Linen Blend Casual Shirt,6,999.0,5994.0,Mumbai,,#2138
2026-08-24,Linen Blend Casual Shirt,14,999.0,13986.0,Delhi,,#2137
2026-08-24,Straight Fit Denim Jeans,10,1499.0,14990.0,Delhi,,#2137
2026-08-24,Rayon Crop Top,7,399.0,2793.0,Chennai,,#2136
2026-08-24,Linen Blend Casual Shirt,5,999.0,4995.0,Bengaluru,,#2135
2026-08-24,Oversized Cotton Tee,5,349.0,1745.0,Bengaluru,,#2135
2026-08-24,Pique Polo T-Shirt,3,599.0,1797.0,Bengaluru,,#2135
2026-08-24,Printed A-Line Kurti,12,799.0,9588.0,Bengaluru,,#2135
2026-08-24,Rayon Crop Top,13,399.0,5187.0,Bengaluru,,#2135
2026-08-24,Straight Fit Denim Jeans,6,1499.0,8994.0,Chennai,,#2136
2026-08-24,Linen Blend Casual Shirt,2,999.0,1998.0,Chennai,,#2136
2026-08-24,Oversized Cotton Tee,9,349.0,3141.0,Chennai,,#2136
2026-08-24,Pique Polo T-Shirt,6,599.0,3594.0,Chennai,,#2136
2026-08-24,Printed A-Line Kurti,11,799.0,8789.0,Chennai,,#2136
2026-08-24,Straight Fit Denim Jeans,3,1499.0,4497.0,Bengaluru,,#2135
2026-08-25,Pique Polo T-Shirt,6,599.0,3594.0,Delhi,,#2141
2026-08-25,Printed A-Line Kurti,13,799.0,10387.0,Delhi,,#2141
2026-08-25,Rayon Crop Top,14,399.0,5586.0,Delhi,,#2141
2026-08-25,Straight Fit Denim Jeans,10,1499.0,14990.0,Delhi,,#2141
2026-08-25,Linen Blend Casual Shirt,3,999.0,2997.0,Mumbai,,#2142
2026-08-25,Pique Polo T-Shirt,9,599.0,5391.0,Mumbai,,#2142
2026-08-25,Printed A-Line Kurti,12,799.0,9588.0,Mumbai,,#2142
2026-08-25,Rayon Crop Top,12,399.0,4788.0,Mumbai,,#2142
2026-08-25,Straight Fit Denim Jeans,14,1499.0,20986.0,Mumbai,,#2142
2026-08-25,Oversized Cotton Tee,16,349.0,5584.0,Delhi,,#2141
2026-08-25,Oversized Cotton Tee,8,349.0,2792.0,Mumbai,,#2142
2026-08-25,Linen Blend Casual Shirt,6,999.0,5994.0,Delhi,,#2141
2026-08-25,Straight Fit Denim Jeans,6,1499.0,8994.0,Chennai,,#2140
2026-08-25,Rayon Crop Top,2,399.0,798.0,Chennai,,#2140
2026-08-25,Printed A-Line Kurti,9,799.0,7191.0,Chennai,,#2140
2026-08-25,Pique Polo T-Shirt,3,599.0,1797.0,Chennai,,#2140
2026-08-25,Oversized Cotton Tee,8,349.0,2792.0,Chennai,,#2140
2026-08-25,Linen Blend Casual Shirt,3,999.0,2997.0,Chennai,,#2140
2026-08-25,Straight Fit Denim Jeans,11,1499.0,16489.0,Bengaluru,,#2139
2026-08-25,Rayon Crop Top,5,399.0,1995.0,Bengaluru,,#2139
2026-08-25,Printed A-Line Kurti,9,799.0,7191.0,Bengaluru,,#2139
2026-08-25,Pique Polo T-Shirt,6,599.0,3594.0,Bengaluru,,#2139
2026-08-25,Oversized Cotton Tee,5,349.0,1745.0,Bengaluru,,#2139
2026-08-25,Linen Blend Casual Shirt,6,999.0,5994.0,Bengaluru,,#2139
2026-08-26,Pique Polo T-Shirt,8,599.0,4792.0,Delhi,,#2145
2026-08-26,Printed A-Line Kurti,9,799.0,7191.0,Delhi,,#2145
2026-08-26,Rayon Crop Top,7,399.0,2793.0,Delhi,,#2145
2026-08-26,Straight Fit Denim Jeans,8,1499.0,11992.0,Delhi,,#2145
2026-08-26,Straight Fit Denim Jeans,11,1499.0,16489.0,Mumbai,,#2146
2026-08-26,Rayon Crop Top,6,399.0,2394.0,Mumbai,,#2146
2026-08-26,Oversized Cotton Tee,12,349.0,4188.0,Mumbai,,#2146
2026-08-26,Pique Polo T-Shirt,6,599.0,3594.0,Mumbai,,#2146
2026-08-26,Printed A-Line Kurti,13,799.0,10387.0,Mumbai,,#2146
2026-08-26,Oversized Cotton Tee,6,349.0,2094.0,Delhi,,#2145
2026-08-26,Linen Blend Casual Shirt,6,999.0,5994.0,Mumbai,,#2146
2026-08-26,Linen Blend Casual Shirt,7,999.0,6993.0,Delhi,,#2145
2026-08-26,Straight Fit Denim Jeans,5,1499.0,7495.0,Bengaluru,,#2143
2026-08-26,Rayon Crop Top,7,399.0,2793.0,Chennai,,#2144
2026-08-26,Printed A-Line Kurti,4,799.0,3196.0,Chennai,,#2144
2026-08-26,Pique Polo T-Shirt,2,599.0,1198.0,Chennai,,#2144
2026-08-26,Oversized Cotton Tee,5,349.0,1745.0,Chennai,,#2144
2026-08-26,Linen Blend Casual Shirt,4,999.0,3996.0,Chennai,,#2144
2026-08-26,Rayon Crop Top,3,399.0,1197.0,Bengaluru,,#2143
2026-08-26,Printed A-Line Kurti,10,799.0,7990.0,Bengaluru,,#2143
2026-08-26,Pique Polo T-Shirt,2,599.0,1198.0,Bengaluru,,#2143
2026-08-26,Oversized Cotton Tee,4,349.0,1396.0,Bengaluru,,#2143
2026-08-26,Linen Blend Casual Shirt,2,999.0,1998.0,Bengaluru,,#2143
2026-08-26,Straight Fit Denim Jeans,3,1499.0,4497.0,Chennai,,#2144
2026-08-27,Oversized Cotton Tee,8,349.0,2792.0,Delhi,,#2149
2026-08-27,Pique Polo T-Shirt,11,599.0,6589.0,Delhi,,#2149
2026-08-27,Printed A-Line Kurti,12,799.0,9588.0,Delhi,,#2149
2026-08-27,Rayon Crop Top,8,399.0,3192.0,Delhi,,#2149
2026-08-27,Printed A-Line Kurti,8,799.0,6392.0,Mumbai,,#2150
2026-08-27,Linen Blend Casual Shirt,7,999.0,6993.0,Mumbai,,#2150
2026-08-27,Oversized Cotton Tee,10,349.0,3490.0,Mumbai,,#2150
2026-08-27,Pique Polo T-Shirt,8,599.0,4792.0,Mumbai,,#2150
2026-08-27,Linen Blend Casual Shirt,8,999.0,7992.0,Delhi,,#2149
2026-08-27,Straight Fit Denim Jeans,5,1499.0,7495.0,Delhi,,#2149
2026-08-27,Straight Fit Denim Jeans,5,1499.0,7495.0,Chennai,,#2148
2026-08-27,Linen Blend Casual Shirt,4,999.0,3996.0,Chennai,,#2148
2026-08-27,Printed A-Line Kurti,6,799.0,4794.0,Chennai,,#2148
2026-08-27,Pique Polo T-Shirt,4,599.0,2396.0,Chennai,,#2148
2026-08-27,Oversized Cotton Tee,5,349.0,1745.0,Chennai,,#2148
2026-08-27,Straight Fit Denim Jeans,3,1499.0,4497.0,Bengaluru,,#2147
2026-08-27,Rayon Crop Top,4,399.0,1596.0,Bengaluru,,#2147
2026-08-27,Printed A-Line Kurti,5,799.0,3995.0,Bengaluru,,#2147
2026-08-27,Pique Polo T-Shirt,4,599.0,2396.0,Bengaluru,,#2147
2026-08-27,Oversized Cotton Tee,2,349.0,698.0,Bengaluru,,#2147
2026-08-27,Linen Blend Casual Shirt,4,999.0,3996.0,Bengaluru,,#2147
2026-08-27,Rayon Crop Top,9,399.0,3591.0,Mumbai,,#2150
2026-08-27,Rayon Crop Top,3,399.0,1197.0,Chennai,,#2148
2026-08-27,Straight Fit Denim Jeans,9,1499.0,13491.0,Mumbai,,#2150
